,0,1,2,3,4,5,6,7,8,9,10,11,12,13,14,15,16,17,18,19,20,21,22,23,24,25,26,27,28,29,30,31,32,33,34,35,36,37,38,39,40,41,42,43,44,45,46,47,48,49,50,51,52,53,54,55,56,57,58,59,60,61,62,63,64,65,66,67,68,69,70,71,72,73,74,75,76,77,78,79,80,81,82,83,84,85,86,87,88,89,90,91,92,93,94,95,96,97,98,99,100,101,102,103,104,105,106,107,108,109,110,111,112,113,114,115,116,117,118,119,120,121,122,123,124,125,126,127,128,129,130,131,132,133,134,135,136,137,138,139,140,141,142,143,144,145,146,147,148,149,150,151,152,153,154,155,156,157,158,159,160,161,162,163,164,165,166,167,168,169,170,171,172,173,174,175,176,177,178,179,180,181,182,183,184,185,186,187,188,189,190,191,192,193,194,195,196,197,198,199
0,0.05266665295797439,0.05266665295797439,0.05266665295797439,0.05266665295797439,0.05266665295797439,0.05266665295797439,0.05266665295797439,0.05266665295797439,0.05266665295797439,0.05266665295797439,0.05266665295797439,0.05266665295797439,0.05266665295797439,0.05266665295797439,0.05266665295797439,0.05266665295797439,0.05266665295797439,0.05266665295797439,0.05266665295797439,0.05266665295797439,0.05266665295797439,0.05266665295797439,0.05266665295797439,0.05266665295797439,0.05266665295797439,0.05266665295797439,0.05266665295797439,0.05266665295797439,0.05266665295797439,0.05266665295797439,0.05266665295797439,0.05266665295797439,0.05266665295797439,0.05266665295797439,0.05266665295797439,0.05266665295797439,0.05266665295797439,0.05266665295797439,0.05266665295797439,0.05266665295797439,0.05266665295797439,0.05266665295797439,0.05266665295797439,0.05266665295797439,0.05266665295797439,0.05266665295797439,0.05266665295797439,0.05266665295797439,0.05266665295797439,0.05266665295797439,0.05266665295797439,0.05266665295797439,0.05266665295797439,0.05266665295797439,0.05266665295797439,0.05266665295797439,0.05266665295797439,0.05266665295797439,0.05266665295797439,0.05266665295797439,0.05266665295797439,0.05266665295797439,0.05266665295797439,0.05266665295797439,0.05266665295797439,0.05266665295797439,0.05266665295797439,0.05266665295797439,0.05266665295797439,0.05266665295797439,0.05266665295797439,0.05266665295797439,0.05266665295797439,0.05266665295797439,0.05266665295797439,0.05266665295797439,0.05266665295797439,0.05266665295797439,0.05266665295797439,0.05266665295797439,0.05266665295797439,0.05266665295797439,0.05266665295797439,0.05266665295797439,0.05266665295797439,0.05266665295797439,0.05266665295797439,0.05266665295797439,0.05266665295797439,0.05266665295797439,0.05266665295797439,0.05266665295797439,0.05266665295797439,0.05266665295797439,0.05266665295797439,0.05266665295797439,0.05266665295797439,0.05266665295797439,0.05266665295797439,0.05266665295797439,0.05266665295797439,0.05266665295797439,0.05266665295797439,0.05266665295797439,0.05266665295797439,0.05266665295797439,0.05266665295797439,0.05266665295797439,0.05266665295797439,0.05266665295797439,0.05266665295797439,0.05266665295797439,0.05266665295797439,0.05266665295797439,0.05266665295797439,0.05266665295797439,0.05266665295797439,0.05266665295797439,0.05266665295797439,0.05266665295797439,0.05266665295797439,0.05266665295797439,0.05266665295797439,0.05266665295797439,0.05266665295797439,0.05266665295797439,0.05266665295797439,0.05266665295797439,0.05266665295797439,0.05266665295797439,0.05266665295797439,0.05266665295797439,0.05266665295797439,0.05266665295797439,0.05266665295797439,0.05266665295797439,0.05266665295797439,0.05266665295797439,0.05266665295797439,0.05266665295797439,0.05266665295797439,0.05266665295797439,0.05266665295797439,0.05266665295797439,0.05266665295797439,0.05266665295797439,0.05266665295797439,0.05266665295797439,0.05266665295797439,0.05266665295797439,0.05266665295797439,0.05266665295797439,0.05266665295797439,0.05266665295797439,0.05266665295797439,0.05266665295797439,0.05266665295797439,0.05266665295797439,0.05266665295797439,0.05266665295797439,0.05266665295797439,0.05266665295797439,0.05266665295797439,0.05266665295797439,0.05266665295797439,0.05266665295797439,0.05266665295797439,0.05266665295797439,0.05266665295797439,0.05266665295797439,0.05266665295797439,0.05266665295797439,0.05266665295797439,0.05266665295797439,0.05266665295797439,0.05266665295797439,0.05266665295797439,0.05266665295797439,0.05266665295797439,0.05266665295797439,0.05266665295797439,0.05266665295797439,0.05266665295797439,0.05266665295797439,0.05266665295797439,0.05266665295797439,0.05266665295797439,0.05266665295797439,0.05266665295797439,0.05266665295797439,0.05266665295797439,0.05266665295797439,0.05266665295797439,0.05266665295797439,0.05266665295797439,0.05266665295797439,0.05266665295797439,0.05266665295797439,0.05266665295797439,0.05266665295797439
1,0.053548095527087856,0.05442383461997116,0.052907790521659025,0.050822443388407364,0.05295072479404596,0.050258945730293283,0.05467407799485502,0.05096154536333097,0.051734229716455325,0.05363998181784643,0.05760873939645543,0.05101703619833513,0.05206113330823629,0.05437193754491577,0.05105227301046514,0.05323626847615343,0.05434197477904747,0.05399451863811661,0.05137638245821288,0.05649008462732894,0.048596320970664277,0.05429256776431388,0.052022834558914606,0.05176674850113796,0.05045581124156769,0.05431494875325854,0.05425355970689927,0.050890056486919175,0.049601258703588606,0.05279580312608365,0.05408567982662222,0.0519271232482125,0.04951766207100602,0.050818353950656564,0.051490678022870745,0.05198625411569634,0.0547218953709391,0.05272569219313288,0.05284364499447422,0.052641446583957884,0.05021921135247646,0.05602609013247097,0.055910487731885,0.04994570066160155,0.053687509574197594,0.05043208066663131,0.057643370270893717,0.05024640831444422,0.05045364202108584,0.052354890650520944,0.051686528254972046,0.0519826791994084,0.05280451297930397,0.04950544098863357,0.05797915526815775,0.05058313706382584,0.05203426829142451,0.05329988607605317,0.05002270447513118,0.05308414047321563,0.05564368316991605,0.05576599089409263,0.05259928246950677,0.05659153848517206,0.051394238048650495,0.050354959834490925,0.05270055616823759,0.056208326729417314,0.047410446754975855,0.049546441336936656,0.054792243826733665,0.05174473203072667,0.05390438918480641,0.05100383360861108,0.053035189638236814,0.05381615165210065,0.050098962796626983,0.05156948775071105,0.05017741442641355,0.05202756495864975,0.04995747092280346,0.048745474794224745,0.05091646755023153,0.049883074398000216,0.056677563662756406,0.05438608998291354,0.052177148958920894,0.051808356399050216,0.05382925944724011,0.05346396670373964,0.05085397385264998,0.05782692261302539,0.05110656003358612,0.05272659156877725,0.0545232037598749,0.0515012472183159,0.05182923754933702,0.0522382902651842,0.05213924066670691,0.05176540169672444,0.05699837194817014,0.05149698312854532,0.052025591448725206,0.05696128209933272,0.057086539272926624,0.05168698910628109,0.0552051062017418,0.052420111405657215,0.05654351604917421,0.05225848806513105,0.056062664962900376,0.04979741424755841,0.05135992231766608,0.05410674270787066,0.05329642078752806,0.04780291287330375,0.04895795394160788,0.054888163567032126,0.0552694479760409,0.05319485526350736,0.052564836855887566,0.05051283199373902,0.05085866164572334,0.05505848316030034,0.05487545675740872,0.05760549433884992,0.056501786582257324,0.05533951708628694,0.04886427669379739,0.05345272314372273,0.046900812430186116,0.05378535812161495,0.05461662564581757,0.0509700743227827,0.05474083418984526,0.052224299920403804,0.04731458422734116,0.047197020337732425,0.05226755718649449,0.05622897281507934,0.052628735708337177,0.04890773333151171,0.05417913229937609,0.05367588348134834,0.05252814316104473,0.05081098886619788,0.05099130141840632,0.053822925230069235,0.0520709551099591,0.051966011776905824,0.052907351960935184,0.057673504412076866,0.05528611525043638,0.0523054158755938,0.04837618703271928,0.052094096967906636,0.05535885781450149,0.0516809854417121,0.05442354038388412,0.05065832011321718,0.05322316505495714,0.053960552606617966,0.05048618426537644,0.05436412931190093,0.05184283606711328,0.05471203659784996,0.04818770934312835,0.054289863336833125,0.04619273764380253,0.05378876769521724,0.0488719795994042,0.05253609373324507,0.05448062266925823,0.05624031423028387,0.05626025449033996,0.05163114004386414,0.053172713978584606,0.05047032466259278,0.04869252007227301,0.05506853999510152,0.04859897134799763,0.05212556076569161,0.05329132779528403,0.05439441015793047,0.05336322446158363,0.05153425490374641,0.04956512307737308,0.05318677836628036,0.054757902409068464,0.05111400957599153,0.04920082150078391,0.05000391952866777,0.05579594651098626,0.0530632929918915,0.05209295509700857,0.057137738399589515,0.05285499452472776,0.05276225287946145,0.04935272324102706,0.05403592976083964
2,0.05581299456052765,0.05120501154754595,0.05469875257486052,0.053124629667359424,0.056809864809829,0.04857829519995112,0.05158427062336189,0.052452703516038035,0.051976837286093536,0.05234769154860374,0.056114479296393446,0.05097016476544489,0.04957369001726948,0.05728259904905527,0.05142183358729193,0.05268062461317692,0.05552145538852379,0.04726664258527834,0.04989857169083485,0.05699490798123044,0.051654645218324684,0.05742099709000319,0.052395534561915987,0.050620529088420144,0.050982819607467686,0.05266004039105059,0.060374360779241076,0.05171381085764133,0.04950760288639891,0.05762333899479908,0.054515260134667995,0.05433673545781038,0.050875373172382665,0.05465511497204167,0.04563419249539018,0.05138044381546026,0.054366942609804715,0.04961433240359772,0.05096300538477967,0.05292022772620817,0.04865945398116128,0.05855950639589653,0.05613782580191939,0.05102117115399999,0.05612688638095449,0.05676870683611059,0.05905214342816534,0.047009550558952694,0.05015010579743825,0.05379421467438684,0.05122703661912244,0.052498386033277264,0.052185113957474376,0.04563596482322138,0.05966827289252603,0.052113173672020154,0.05228004939324152,0.05821452350301407,0.051432020941354184,0.05191614427565498,0.0541876418233521,0.05522918559002364,0.049863222602465035,0.05848697410630281,0.0496470456479607,0.0540770452125902,0.05786178145778934,0.05441612074498903,0.043898606282063275,0.05330889090137872,0.05205419808334436,0.0542635030520438,0.05370002252007074,0.04904579225608642,0.053820773131382275,0.049421497357470555,0.05308459113170525,0.05053356140924812,0.047906158653472045,0.04880414001102469,0.04774967937382194,0.0514513459669101,0.049649989511222056,0.046899876063433925,0.054960890346142946,0.052575548040895224,0.05244217054302322,0.047803829418688,0.05354747890036966,0.05277420241317577,0.048436696177892355,0.05483422597553192,0.051168275170930054,0.05221734608800514,0.054267069387178034,0.045224131529622756,0.049987217304780236,0.05137097874389042,0.050303585817212,0.05453704392786612,0.055164534817825975,0.047468444711840654,0.0540711406360314,0.05651375184853609,0.05279639794554991,0.04543521878140763,0.05250548269731412,0.054432631723498555,0.05167691702072022,0.05061145140467181,0.053482596948123615,0.05046747175552214,0.04733684619858126,0.05133221897894111,0.05493663947469301,0.044810226994110254,0.04803060655436811,0.0596097969515377,0.05624832100860523,0.054790715903443345,0.04930699918952179,0.05322935414623577,0.04592389271796466,0.06008881852993452,0.05481545330566299,0.05433092422455577,0.05518025730173487,0.05548558207531911,0.04714150515804243,0.05417435493193065,0.045200903745127814,0.05207952433837139,0.051511932158549434,0.04975883168252288,0.0567312213454882,0.04964673182299208,0.05066032730098758,0.04844141803986882,0.050878863694023724,0.058788279376548846,0.052757705394634286,0.04491890905247081,0.059923735952776204,0.05162347934492115,0.050175029163076194,0.05334428193980074,0.04954070129197403,0.051526241389599596,0.053035762480749676,0.052516853476557705,0.05536686886905774,0.05604860005704651,0.05404379265522704,0.05320427150544652,0.04683144618140186,0.04918530313688797,0.05457654830248381,0.04745303142150237,0.056067308493860046,0.049243778035399165,0.05458535252313051,0.050313381695082655,0.052076735402900365,0.05509909297762953,0.05591859620905216,0.053333834116017456,0.05117940146752923,0.05335662418091792,0.048490620960394776,0.05146323390559924,0.049682360663962234,0.052286551150284445,0.05716391672031324,0.05655567459190002,0.056687041472671146,0.05064975351922085,0.051832651813451966,0.04958752419799371,0.046075226447837285,0.053224991677104386,0.049237901266528855,0.05213870819972284,0.057060219913778375,0.05251214300475127,0.0530615497243698,0.056142395599813204,0.04828812251677524,0.047747229270470495,0.05557958531905614,0.04456802806347991,0.05367069729257917,0.04469984216489467,0.057656164841303065,0.05294939063730267,0.05217205044642773,0.0578847405944271,0.05111643504066534,0.047583635119102616,0.04822620939375906,0.05635338629530999
3,0.05830022203569164,0.04997064283308564,0.05186397737828576,0.0552326053232541,0.06125506172877143,0.04760071539632599,0.053773217081877385,0.05785296564123147,0.049743224969227,0.05284828436240949,0.05583200402633445,0.05305578761576302,0.04537906489152991,0.05719426014106696,0.05083777136900916,0.04899368180944785,0.0575003585834072,0.04600009984892638,0.04653407769930814,0.05667855975425789,0.055181316651149774,0.057354562665822895,0.049650863720132055,0.05037178297797279,0.047904020586275055,0.05139802247781712,0.05551333009476381,0.05252346603536321,0.05468598179388575,0.05886765723595182,0.05681652412024496,0.05166168105756619,0.05042975259545937,0.05538398713594368,0.04761434404532632,0.04889568387854389,0.05036482510734048,0.04991205868366114,0.050843880356374674,0.05278396908424247,0.04940101800722516,0.05462186890750419,0.05327862986057772,0.05309795453699563,0.05333820519896931,0.05773691782244218,0.05990161404217364,0.04932305244680502,0.04836249123146178,0.05526898767719621,0.05467565589733871,0.056447628665650604,0.05617252747334631,0.04344278838542534,0.06302520773324358,0.05182860049500005,0.05041914726271703,0.05617878281846357,0.048987689485158754,0.05540012746658806,0.05827024707502624,0.06057170121561821,0.053247031550120755,0.05827216639500668,0.047296610034092725,0.05204116098265339,0.049866364652567476,0.052531152548639055,0.04405171530421563,0.053761297878685096,0.054440491378958754,0.052106060140424994,0.05424112146641256,0.05246613831174599,0.05280533153584148,0.04968391749863672,0.05598625141422702,0.046013681680841426,0.04690629318515786,0.04915341049938107,0.051754554698531824,0.050583544210387105,0.050159527252793566,0.04981025300063604,0.05918857563627068,0.050480189730074655,0.05189040355510247,0.05318366204939597,0.05809413046836301,0.054299170956385215,0.04863950802728973,0.05675551456178911,0.050017762563951865,0.05495431084147033,0.055401235952084064,0.04368467530968321,0.04881837946828247,0.052688385588252215,0.04841001223089061,0.05587729399284098,0.056523135099063405,0.05186119263944796,0.057740638874080874,0.05698620166992542,0.05513934825132315,0.04524232787751782,0.05425744788839825,0.05674269324412179,0.05179927071913386,0.048943585462522476,0.05414643290907223,0.047714708271552775,0.0472837383608979,0.05279072823136206,0.05082633384097925,0.043481106588138196,0.049881131835619395,0.06067293920283101,0.05848206258449952,0.05082612945925692,0.04976021495248899,0.050095653699106873,0.04369902811631609,0.059524529518936,0.056177224374976305,0.05708753476987702,0.05746238979120466,0.05464206960749596,0.04703614220546851,0.05471392747407605,0.041932011517840116,0.051335661087001286,0.05263820896608798,0.05045941946282135,0.061885857077673356,0.050046255530109864,0.051431154212599445,0.046856242148703445,0.05004096207103213,0.05814738249363205,0.05589981939172624,0.043856830778654154,0.05917835920002592,0.04930728346085052,0.04909253859203452,0.05163251998961543,0.04755266384876637,0.05600324824554166,0.052678620046372374,0.0566164794308131,0.05536928438962369,0.053278035482434434,0.05477190861715218,0.05201445542023165,0.048476950920644926,0.05431411323168608,0.04921664158894589,0.04516540392181878,0.05820973167569432,0.05077676686554337,0.05330873556167018,0.046725155088961835,0.05047979280953204,0.055423279361418824,0.05080512963116144,0.05020131063095641,0.053940254196713285,0.051119087615705605,0.04922587380196163,0.057209950861511684,0.04849150561784075,0.052968167763844824,0.054797504255730184,0.057612971972708524,0.05604853644616391,0.048856624080448045,0.054351804567678796,0.04893031476520045,0.044502346297119334,0.05478982020144045,0.05042871036812842,0.055355875034436196,0.05799205782014143,0.051640241326374584,0.05575038066594687,0.05454675890832183,0.05162285975715569,0.049698215299540785,0.05815483460884925,0.042206117586980375,0.04790739075605955,0.04916543525756142,0.05844349770363987,0.05368197296540113,0.0555879926451852,0.05286138404428196,0.05228647607119063,0.0515922507694509,0.045288268784477864,0.056295613326224896
4,0.06093674640561724,0.05160136963975329,0.0562967436370696,0.056289391318359444,0.05518278083372794,0.04879410660739533,0.05639144885823644,0.05736511959774018,0.05118963526514718,0.05269271944433402,0.05636879945107945,0.05363388915298161,0.05120217150967684,0.06159822474953191,0.04802822169503604,0.051186022667701406,0.05809783423108474,0.04160099572074109,0.044546928459283874,0.05925140792440004,0.05710732835074906,0.057632701520304266,0.046424495416742984,0.04968424361724429,0.0473230421868124,0.04727333115050133,0.05420176285628149,0.04944404572380601,0.053665922138150406,0.05811944167985372,0.05948166469229274,0.0542167477432343,0.050278872328938004,0.054960832628646136,0.04850366193833923,0.04522509302736301,0.04754773725285479,0.04646757497359129,0.05445421847997035,0.0468233320185628,0.046738871033242,0.056645147698027316,0.05640857074625986,0.053071397928056326,0.05352460548341865,0.05443702112219195,0.061596818991775125,0.051513109480778245,0.04835373477468724,0.05417298171102806,0.057597510908266356,0.05733706460624686,0.057631332268761326,0.04107476191335226,0.058604942156484395,0.05401405085838037,0.045748690660204795,0.056226285800000844,0.04664711288107704,0.05650396350671073,0.06117016806429225,0.06067225252352413,0.05651956874952732,0.058922350006797505,0.047937400323753265,0.053781631103601985,0.050286955667213085,0.05188251402713605,0.045334311074309235,0.053927675220175796,0.05194940628329974,0.05056035174506593,0.05361674270992121,0.05344157837779659,0.04875527123899167,0.04950140361532592,0.05484827460237394,0.043785464735837894,0.04701321739256813,0.04852849638088018,0.054437649975970996,0.053413730138205114,0.048860805629909014,0.04594285922036397,0.05698535950035114,0.04984209812431814,0.04873640867963756,0.05105266054386653,0.059659457408162773,0.056375736484023255,0.05151379667670244,0.05493935879498108,0.04492437367815766,0.05314679096907946,0.05298255947704818,0.04655853601391498,0.05270115274588602,0.051126917468231635,0.05244358849952318,0.05865867227988984,0.0544610223624212,0.05286519294860969,0.05664577777347611,0.0590312613531197,0.054827621654496866,0.04418197518344707,0.05534147697973195,0.05284630104197482,0.05108333278840457,0.04615666163602729,0.05234757111160759,0.04743129174470719,0.04992822972143639,0.04877655687808246,0.04709160705868198,0.04331779850276064,0.05042431810480727,0.06424612241889384,0.059265135617627286,0.051934615137061824,0.04937257109636425,0.05411256686689633,0.04172648140996611,0.06309372919405432,0.05476274044837284,0.05787349928958055,0.05755301957709467,0.05337345990889435,0.04372605124689054,0.05792814596390464,0.042968069963101964,0.055901379435438915,0.05527212497375586,0.04839033698198881,0.06209915494874549,0.04638362117850612,0.05214782076981733,0.04827332275329341,0.04827497967619659,0.05931617526925743,0.0612898874036129,0.04222112664950081,0.06145939076624816,0.04813000031866503,0.05016565738837775,0.04934003182052803,0.050369504764067756,0.05260043303617794,0.05173731898204813,0.059010188004816826,0.05403492798282327,0.053773472890843055,0.05489352668673081,0.050801128617841154,0.048952678261176434,0.05381574472146279,0.049607043273908864,0.04580201013009852,0.05810591347656543,0.05128521636401561,0.054841251166854295,0.047410570578697415,0.04904863161739477,0.053953494595663794,0.0529932401621574,0.047514787600672265,0.0568260186523754,0.050463953400299286,0.050647968789493084,0.05777750097385499,0.05058668984361212,0.05088633829805941,0.05625096393356185,0.0560945155166251,0.05693870291900107,0.04547674962726945,0.05622220772424237,0.05115532587369516,0.042306883667235284,0.05321648117643268,0.05105686574459567,0.056105701657207054,0.059601469676646104,0.054432374745945665,0.057664790217349104,0.055357908708439645,0.04910670741688184,0.047727128776092476,0.05902093803211958,0.040061014960643675,0.04633517739109129,0.05060997185008738,0.05681675171111345,0.05498550443110994,0.05715976634486525,0.0512280238746473,0.05303294542961528,0.0521101575913688,0.0466714749519325,0.054248735442279136
5,0.06089975113767635,0.05053196180673695,0.05830550886878582,0.05534136860452044,0.05963181367035484,0.046830260092670044,0.05326841156998347,0.05674755036844895,0.0516613324847391,0.057602145743955877,0.05804636220707958,0.053046938467967486,0.05326970753860138,0.06191691259279084,0.045624047095533665,0.0462632684004333,0.05925457264808478,0.044621284479663806,0.04566267451877394,0.0634461984362246,0.052764612518954,0.05890608356173609,0.04426874661156433,0.0492592232481416,0.046266334194874255,0.046857413798274135,0.05681505828942817,0.04760314917327199,0.049428227465102774,0.0591401596662875,0.06275262685333005,0.057471590928941885,0.05423862888357584,0.053638036294811585,0.047356878380143394,0.04796353771959551,0.049305526896123886,0.04631814616989777,0.05719950033587097,0.04806589280942652,0.043744420472365195,0.059523530237974395,0.05553112539603441,0.05177468659360759,0.057350858889368285,0.054071040379818185,0.05889866477292676,0.05378746241385102,0.048977666847911855,0.04981011388582066,0.056373147696906004,0.057839088654141946,0.054840128010052856,0.0418261354398524,0.0579572632351677,0.05315361970693293,0.0460764226024919,0.04960776477126439,0.04633882917503786,0.054388284453401554,0.06123858617479402,0.059890057063888134,0.061149786586097286,0.05827372165053857,0.04942134880057724,0.05507991271904146,0.05386357588438085,0.053669293796508075,0.046961244692498454,0.05885047174440636,0.05577924362303328,0.050400075375651596,0.052427262684679385,0.05473302863394284,0.04617745974979544,0.05062978995641459,0.052567105185124606,0.043233377220800805,0.05047995839179148,0.05128621753645815,0.05483737387522592,0.04787298445906733,0.044389627814399854,0.043387931610607326,0.05826816152494715,0.051301509477189124,0.04903571397883755,0.05378330663151441,0.06132265313541796,0.06010741403307107,0.0479293366559454,0.052693488052942626,0.04786952442942559,0.05249942813880815,0.05462592300475562,0.04705604186895888,0.053264225811813934,0.04867191025381872,0.052139519743052545,0.05708520436652245,0.05267675683430967,0.05402592055542346,0.057511849904503906,0.056141914458197044,0.05326081699706803,0.03811559779669124,0.05533258127699103,0.05062652986343743,0.05294783234641729,0.04736945929236571,0.05286990719173711,0.0440598831088333,0.05235071150523419,0.04944887218271584,0.04180168799859244,0.042013480985303706,0.050526874692291925,0.061226323126244035,0.055316182980646986,0.049889299923683024,0.048807374353375385,0.05087189031382082,0.04279785931655126,0.05873197160256581,0.0534835120537443,0.054503834646471065,0.059783486975186394,0.049787056393388325,0.044749993589801425,0.05855128487390143,0.04354717838030266,0.056618312374801846,0.05441503789166239,0.049151829429362054,0.05787376268967368,0.05066601835636737,0.04701456367566764,0.053119069613401376,0.045173137991279554,0.060212868087298775,0.060189123728625345,0.0461259918069255,0.0599693522788331,0.044735729393025205,0.04951183976654157,0.046802184239299674,0.05082155163095761,0.051316965232915776,0.05095689798795727,0.05658933190866739,0.053364259916005054,0.05542627418763429,0.048582469034829136,0.05204651122774747,0.047302584293462895,0.052187786253650316,0.05001545431209753,0.04345441533009838,0.057031671144704046,0.05340270891617547,0.05696364066270327,0.04631058089001833,0.04849022797400751,0.054687611730329586,0.04895306706836586,0.0456122984120194,0.056316857667407294,0.05328885991797006,0.051668638305866404,0.05874203687135372,0.04961521233844556,0.049871908060397756,0.05176137939593008,0.057695337926769695,0.05412862183217856,0.043895198864582555,0.055309845471324955,0.053127682973348474,0.03934019788740424,0.05429974838855533,0.049940580951197536,0.05318229455982697,0.05832562989713001,0.05170619449244276,0.05841322503911088,0.05465961067393151,0.052961360415760494,0.04956827223299394,0.06163421253670888,0.04697800569623077,0.04654039724507572,0.05365651640570255,0.05978084589322148,0.050036137851348486,0.05779624930535056,0.05207549950746749,0.05099413675710864,0.052276292306008956,0.04549844424149711,0.05773685421725563
6,0.0648078844848332,0.05114918913456691,0.05780234882484806,0.05631845454696803,0.05838030483588792,0.04623330099558553,0.05303781538889157,0.056971725724407285,0.048697756200881036,0.05634030146695222,0.060820486438145215,0.05680378262844181,0.05088047025806579,0.061778383639542904,0.04673116998150152,0.049212080781155285,0.06254324467191076,0.04474949306066585,0.046368218913725064,0.0645328689737109,0.05545061646952711,0.059865094158794985,0.045795113326919594,0.05256644054451374,0.04547551296666126,0.04696286507386774,0.058126640774829375,0.04774446400010278,0.049914978735262225,0.05469718104584107,0.06176425623505235,0.058224028727715614,0.05529466515732705,0.05570004630929724,0.04852542679444826,0.04940862301267528,0.046524142995841886,0.05159990853888599,0.055057018545461675,0.04846492032208545,0.04297227143580138,0.06048484891932196,0.05430859685929726,0.053635098287110806,0.05526603212321128,0.04823813248836089,0.05217430872260803,0.05209544308593237,0.04753361091782836,0.05410185146645249,0.057220052917025595,0.0534615156742644,0.05815022287570385,0.04257825577522359,0.05634669858198086,0.05669503677105992,0.04422779767155467,0.0498655967971064,0.049203061613701825,0.05001156614905683,0.0624618434527728,0.05585523926744775,0.06070137548905589,0.059535110584612236,0.046848006705624334,0.056660073013394256,0.05412817926316793,0.04993708757039912,0.045261822078845465,0.05970189053552827,0.05207790416703904,0.052664547339917434,0.0512548671398219,0.054339923547248335,0.04915704656410089,0.04976326556202959,0.055647855314669745,0.044074691972347105,0.046968797831119576,0.04684254999240373,0.05690144155218379,0.0467602142759516,0.04164390524864875,0.04563205172296026,0.05439178649452325,0.052088142945213675,0.04999187552891038,0.05201618965016925,0.0592210603582956,0.0628836080269465,0.04663333244238157,0.05496668058683462,0.052260502569010596,0.055205004748201905,0.05556603026262894,0.049579447338096855,0.052132328845305796,0.0454419699314939,0.05007027349916314,0.06019683423719503,0.05249003966101,0.05444752051953534,0.056412072423970436,0.056276034842002345,0.053426557716097826,0.03873126856832798,0.05889642501346559,0.052113373608932194,0.05503709917405805,0.04654979742667745,0.05021000952321482,0.0398831575663083,0.056243085924091295,0.04871415292439939,0.0417890682374589,0.04319349316266448,0.04983922322744052,0.06357690186821367,0.05438962707612459,0.0549985586177485,0.05168016480173457,0.05033807775004158,0.042317316945130995,0.057074497416649835,0.053744454047095123,0.053581009771873175,0.05953862104607785,0.050082394685144166,0.04646315185610332,0.054110933500759746,0.04172418288138348,0.05703151143176853,0.052300133091870156,0.048991792475697765,0.0597722943188962,0.04800170135057136,0.046799123157840045,0.052243604701860014,0.04898501665311504,0.06365762973204642,0.06077469027707386,0.05236479223164451,0.061810456180547195,0.043008222640114835,0.049654975412407966,0.04807058915522539,0.05216089266643852,0.05400498833087873,0.054281925362196566,0.05790710006779057,0.05434063491593281,0.054003557538015015,0.050041065181362886,0.051142918258037656,0.04771691889345583,0.051926353754458594,0.04771818202428468,0.04379901525910568,0.05785598643580856,0.053797318104781985,0.05618955845967447,0.04808885203961123,0.04823160822772722,0.051390820720179066,0.04960150900759787,0.0414853200273091,0.053503326824890486,0.05340291671729289,0.05038313286264658,0.061196035422778905,0.05166742105801555,0.049293197758796085,0.054977656151593626,0.05823403123325187,0.05866291975787302,0.04089620955892099,0.058172922118127295,0.049180702753421256,0.037523207675698646,0.055105860235877796,0.051497519613700096,0.05455352954004098,0.059943597951316645,0.054333015429594116,0.054988018581475735,0.05242347470544898,0.05455426810345412,0.05049300829473387,0.05987742121476216,0.04750717781734178,0.04754238385855897,0.05279026451808761,0.058703571809787226,0.04773018621702814,0.05888305233983147,0.05159221713114661,0.048796681440460475,0.050859509353968026,0.041119154942536394,0.05499909260139851
7,0.06725865099656095,0.052214215525413214,0.06324362337687574,0.055283503118062134,0.05577434698539397,0.04740851166921961,0.05324239745321371,0.05633212488900278,0.04955524676971372,0.05593150059764325,0.059876295245557765,0.0571170123118926,0.05033800660269471,0.057619390588842585,0.043425112941776964,0.050730330716013516,0.061569300832380595,0.04123022938386075,0.048574043130559984,0.06517174966511256,0.05390556345658294,0.0599911089382933,0.04332836036967852,0.051604200017893516,0.04645186976080367,0.045424906330720424,0.05915191605784973,0.05043002300930187,0.046391351348373404,0.05932953229128437,0.06110544703492406,0.05816151503177715,0.056159849952261066,0.05287656141545832,0.05050370978489184,0.05093008223466677,0.046722164084798776,0.05521095938813972,0.05184635546326177,0.04794841749943865,0.040038567504648535,0.05343170397881121,0.056147354964056144,0.05508757464114194,0.052673088628147284,0.046375283742427394,0.053116993327358336,0.05501082418443225,0.046091277199899416,0.05494079489370938,0.06239957232160767,0.051620002069392656,0.060337659052342056,0.03879004447583327,0.05576319569844181,0.05654303319247443,0.04525164168888095,0.05234369072710199,0.04959441912437974,0.051028577112713074,0.06006146368621451,0.05968643991857715,0.06353525909570165,0.06081323425563386,0.04787350172707205,0.05733769572529362,0.05631009949318645,0.04720389938263691,0.04369038290511934,0.0584083881923765,0.05127794114158287,0.0526083936969497,0.05315683602078377,0.05525342621428923,0.04614380175670428,0.048661186120465126,0.05494255121777344,0.04494303309285362,0.04857404852349687,0.04791934565728121,0.059826120504408366,0.045026465898040956,0.04175805757070733,0.04822438398279197,0.05166195799876446,0.05042618066364962,0.04923788271484549,0.05473546161763158,0.060774702711447075,0.05938934684608588,0.047780377652211645,0.05356607018564466,0.05362763733067337,0.05830697082457538,0.05793829240211389,0.048260522328963995,0.05501648149252317,0.04983742990233112,0.051238737407937794,0.057983826823009836,0.05235703387075579,0.05304429209951452,0.056314357361336415,0.05731846226438094,0.050895133305116,0.03864505219101525,0.0596974863260029,0.04986782903863083,0.053657699402795404,0.047195443015649645,0.052296525798882554,0.03922609284738951,0.05733357020082633,0.05023338251576908,0.04007074205252029,0.03979227620589864,0.047790733862267426,0.05911334321932861,0.054796458561164926,0.05836828826475329,0.04952223266324188,0.05007152700136387,0.04520119305522337,0.058960408709894684,0.05387328456808452,0.049587571231265365,0.058218618198680926,0.048434239384312065,0.04710309341334265,0.05383190550401566,0.04419654616282441,0.055291743509302306,0.054222164321878645,0.048928106525007564,0.060706967597843095,0.0504950774381074,0.046473508159243504,0.04934154377194789,0.05235352628935791,0.06420543531045426,0.05828896123909165,0.0496303918243763,0.06053409175869277,0.04385431838351523,0.05037483659537528,0.04602623191711977,0.05229616597012127,0.05503837226980978,0.055662656132649584,0.0639895022644188,0.0578214665107071,0.054264637034333464,0.047888359004195045,0.052750523061008206,0.050721254691397245,0.0540204714036605,0.049732685759190126,0.047066514028030366,0.056822066248302355,0.053044923309485,0.05634294866801274,0.047992402612423865,0.04626747332318624,0.053003300280399276,0.050475078087005985,0.04221789913080562,0.053039622801145034,0.05464723997448267,0.04859797356674525,0.06018376845873721,0.04866769061560327,0.05057704741893445,0.055262248435295466,0.056374870912713954,0.061039234026571285,0.0435716163106737,0.06264479631526021,0.04956066157311368,0.04092259242482272,0.05553569223763541,0.050533129266271265,0.05523558319602554,0.0612140393321396,0.04966002946378693,0.05539528499021296,0.05312510373256753,0.05569290869203259,0.04892468850363963,0.05788646199367375,0.05200654516269394,0.04596790948274575,0.055041534122243635,0.059052487692232175,0.04851305287252749,0.0610577080609561,0.051586775264055355,0.05319603149065972,0.05315901140465641,0.04635256851412853,0.055354628515294435
8,0.06381633690236078,0.05173306885451055,0.06275174579090015,0.0592757232312933,0.05704409520993117,0.04438384288010196,0.05531403570849154,0.057052117560008796,0.05139730911017031,0.05744365471933383,0.060203153118113424,0.05839252754617588,0.0487336676074482,0.056551931019795734,0.04181868692781513,0.048919052679055795,0.06083686622728339,0.04374838363299054,0.04981586844660277,0.06313065789481213,0.056660089504090065,0.06512831513231944,0.04525573626958546,0.04983483403860834,0.04613542867243234,0.046862579607003976,0.055807108856451036,0.052949572089368575,0.04814509401394663,0.0605501460283798,0.059591436356130865,0.05956177123811503,0.05121918329886788,0.05495568031842943,0.04987954986314246,0.05318067833394148,0.04607838663311949,0.05418758317287661,0.051558247939665965,0.047702897974695076,0.03596249155785958,0.0474660062828076,0.052238928758699336,0.05507557935593577,0.055392998317223247,0.04456640235255734,0.048815767494439714,0.055504922031949934,0.04613757026016252,0.052410016524978544,0.06597654154061158,0.05025100244330906,0.059451672997564396,0.03899197248280532,0.057910926544337604,0.05480505166950951,0.044915036217546916,0.05571303622715052,0.05276368860978602,0.04954644503766611,0.060496124376951024,0.06328264581841,0.06230645134174473,0.059499390364746475,0.04549186744520932,0.05748846922984245,0.05412410819169396,0.05123603632190012,0.04699677569597542,0.05596212310649414,0.04858346143895698,0.04967860512445045,0.054618302398595615,0.05674086914526717,0.04515555235392778,0.04789293852828863,0.05332309707091035,0.049843876043265255,0.051671231210826625,0.04672942779454717,0.05745386809887198,0.04552558085166515,0.03994806591052986,0.04884244986240112,0.05130024640714783,0.05001268692759349,0.04878598352521104,0.05406685853545561,0.060804766290001984,0.056412304324771546,0.047741395877636435,0.0542225487669201,0.05205052278207539,0.05664707926726865,0.05793308515854485,0.05044460747747073,0.05149553409219091,0.05054019726186997,0.051471391875140146,0.058972278602015024,0.053878560303061165,0.051925973879036386,0.053869344645638945,0.057427463986498055,0.05212390030791659,0.03909941607339435,0.05888040483246611,0.047888764947123595,0.05268189821285567,0.0469347040867788,0.04754572773518764,0.0411263636702608,0.05834916446432275,0.052666853351986044,0.042645732572933255,0.041166562976502126,0.0476115271714527,0.05581154675425228,0.0553854660405576,0.05686579041092646,0.05205964019123631,0.051091535189498265,0.0457735575783207,0.06104898496196816,0.05383428690543005,0.048211293117619125,0.05824785210269584,0.04796506209119706,0.048195884206735234,0.05275660480320494,0.044655375185653115,0.05087078474106142,0.05493281433328105,0.04705811063262229,0.060740490313940014,0.053133802297564627,0.0486730261276715,0.04705563798398827,0.054622935810110365,0.06330649262976934,0.05715150560617263,0.056925455408866024,0.060655994106020544,0.03742149591137096,0.0511694143246905,0.04635065864196829,0.05454203419949514,0.05312883140800008,0.05513606100070683,0.06327849642903174,0.059032742070195585,0.05305630567569635,0.04770619949036267,0.05111145626395162,0.0517767273502221,0.05294936530972339,0.04914918218600836,0.05280041633197721,0.062423646400211745,0.05388860404047272,0.05975953151649009,0.04870844316101516,0.04922545127246476,0.04989747062892042,0.05037280420603922,0.04198337508549123,0.05314433272266053,0.050247197924550326,0.04657590815364326,0.06061384494186951,0.04830855762108025,0.04872245242333314,0.05723634891586758,0.0552505943509919,0.05800930134735512,0.038291894143936925,0.0652429780891291,0.048903339155255174,0.04065531036852283,0.052371784089159955,0.05434152101694742,0.05431031690351638,0.06021636276953881,0.04679854953194035,0.05244408058202803,0.053062697699559964,0.057349179370709935,0.04592961545527213,0.058482702582738695,0.05175012258037429,0.048413148206427,0.05799065409797541,0.060394308560863585,0.047011521738374834,0.06285082950789962,0.048976680755502475,0.05246805418742023,0.050722497722159636,0.045878110693398116,0.055540838124051806
9,0.06640648301256144,0.05289398425249184,0.06064988225478338,0.06332908401243792,0.059239129420196726,0.04532152411180917,0.058869527809663924,0.05728078618833468,0.04873471586910194,0.05632381021024394,0.06275938808519066,0.060222172488746686,0.04939500140032195,0.056493395780434816,0.04261094482005682,0.048420333002410526,0.06330022121628723,0.04181572378405743,0.0489985469498732,0.061426977046815906,0.055165983109672884,0.0649074989575957,0.05047491354183095,0.0509597042778984,0.042276162656006415,0.04372338492587035,0.0601542841963557,0.053241097474508184,0.04653548225387664,0.06395661873112371,0.05856186137190533,0.06171021812641494,0.05325251121938499,0.05488460268684555,0.04777671146156328,0.052101429663311376,0.04272398437975376,0.055477221597134495,0.05249020615229158,0.04932227354602731,0.03681866711975065,0.047866698747500526,0.05210044817628246,0.055380543320351756,0.053218830862013795,0.04328817837300319,0.04692468139094498,0.056971174610097715,0.0476774542935894,0.05065857793917044,0.06813155027075758,0.05244174739366978,0.06047211781853177,0.04018489777003752,0.056602605489748395,0.05284819571784713,0.04882807620496143,0.05322802705010752,0.047235399777780164,0.05111878200738738,0.05839965860342018,0.06217979464715549,0.06229519746569321,0.05866725127249225,0.0412202050700079,0.05561888757513833,0.053471289848204366,0.05697026115858329,0.04476906149455426,0.056966329988013,0.04967013353755315,0.050260761856996135,0.051797794337376205,0.05901172572961675,0.048652368390316496,0.04591691479053526,0.05377939365258886,0.053229063435648295,0.052697255293431895,0.044373778839416476,0.05464124251773854,0.045972596267745476,0.043320750235903704,0.04769849087474161,0.05066185597598506,0.04914621011254413,0.04780597762196614,0.056517332300439545,0.06088045120007464,0.05997035484289096,0.0489543720532716,0.05726789746188546,0.04841523885918285,0.05630803003449013,0.05671843429120018,0.054884539159597984,0.054495134722147294,0.051044282599277534,0.05559493041292948,0.056667104783124804,0.05252234523127251,0.05086064590472337,0.053779956924001934,0.05552956417588205,0.0573825044595274,0.0399922896353832,0.058612017256427895,0.049592488371194995,0.05116411551053815,0.048397997489651075,0.048674052539224334,0.04369389972287676,0.05884121236562184,0.04918471095899602,0.043404649178518925,0.04222267020508501,0.04792714042639198,0.05590142193615752,0.055875120517216985,0.059257696636295605,0.050581603889424315,0.05032777579917285,0.04659437064064209,0.06269037228303964,0.056449737588640546,0.046874547255573135,0.05885323850638184,0.04959473670976737,0.05023551652442377,0.04997725018495832,0.045963684443223685,0.049250383709014,0.05625387653084473,0.04808830300723207,0.06238101924178316,0.05341755111241081,0.04979302714634909,0.04927722309032812,0.05199300189825073,0.06438236974729403,0.05324550911187268,0.05285610467134084,0.059453474820592635,0.03753248491033776,0.05045870367829482,0.04605772917182302,0.057314520057811694,0.05054908031265417,0.05500464963767801,0.06662478909639331,0.058131463370546095,0.05437848367177379,0.04763021794348222,0.04805682752232567,0.052497658404691346,0.05162498614012566,0.045109399548902085,0.05079243085519278,0.0627659822505909,0.05480956106204638,0.05899121363597944,0.05131909203696997,0.046940503744427306,0.050809598493260014,0.052013139084803046,0.042442511675709636,0.05412772960295858,0.050795679208796046,0.04428487831570025,0.05995338161957094,0.04236624828166006,0.045230998686260994,0.0534187343838757,0.05453012096309923,0.0570304765679071,0.042129769345023396,0.06672370757050512,0.046409897789583716,0.04256676781846729,0.05490236375421609,0.05378962318023591,0.05745650242522961,0.05997976406179629,0.0529185741855325,0.050806699113641836,0.05391202354074312,0.0551983620462432,0.04577744335783423,0.060611190114532025,0.053654680989643974,0.052886244154279456,0.05380378826381026,0.05871200308600896,0.04780219373167798,0.06366221653272397,0.04777479193042718,0.0483826694439845,0.05042158686107784,0.05040895792183763,0.053959017417217536
10,0.06508679584879946,0.05181040053722896,0.06174901522024199,0.06389340762977473,0.0600314060822729,0.04478470899529378,0.056272703260744066,0.06207364175419045,0.05495188030557761,0.05509399776924515,0.06848449511891526,0.06140028517146804,0.05115488036913922,0.05332965308078352,0.042249947123297854,0.04840659861586409,0.06130526338143059,0.04033390548535121,0.04314633642550386,0.05952193325356814,0.053270973621011165,0.06660822663394379,0.05160514111766078,0.05323716191425364,0.04193355058682439,0.0471797240553084,0.060841212268827674,0.05634117074771369,0.047478951575882736,0.059643064073064564,0.056714384468422904,0.057951319760643376,0.05198615575467414,0.057382715066205923,0.04669522070625144,0.05487759968702842,0.04267184095639666,0.051947975876766944,0.057793096405664345,0.04822192559476436,0.03970478659026528,0.05219412653436887,0.04865369435082873,0.05318863978126999,0.055285023282230394,0.04186483109479197,0.046596060492679184,0.05323651107967285,0.046685075188511206,0.051250273115157084,0.06981044542476758,0.050783024569090715,0.05860378675628524,0.035884312965945735,0.05984024544416752,0.055836652067166294,0.05037093452619865,0.051834531558539086,0.04705098468810227,0.04848764354449956,0.057334106230253215,0.06042264477152264,0.06189536248626359,0.05576729676578251,0.039374947472807446,0.05208419778124023,0.05011765164019885,0.05641065154287202,0.04588304820178179,0.053475482314824165,0.05065496811788646,0.04939916362674903,0.056291544281049634,0.05391038934443813,0.047419820565401206,0.04448876537234589,0.051462631716109486,0.051731155704366545,0.051325692376392715,0.04713606252660799,0.057095364152965455,0.04015519561913982,0.04221003678300484,0.04651087664786987,0.04882954934750532,0.04909783744439978,0.04688801787611933,0.05676243366126047,0.06391573306425441,0.05798627041592443,0.046249986513512344,0.05488951360560563,0.04962993208956953,0.057456105340030136,0.058528914543985476,0.05548584351622966,0.05548410526560346,0.05358219729174528,0.057524168282915,0.06063207801543954,0.049241745113772856,0.04631459124141659,0.05644071470058926,0.05426331479381838,0.05461289667476874,0.03865860201357519,0.05905945611139997,0.04853233015415525,0.04937644420556563,0.04932849914734088,0.05148824464035246,0.04317957564277707,0.05576147839604258,0.04867795111450413,0.040680191281843074,0.044513632856853495,0.04675874894043445,0.06103795882611633,0.05620037073661582,0.05814403230363969,0.04951075479371035,0.04813832443002101,0.046297263009409714,0.06470181456271659,0.06166342680273537,0.04560861412680625,0.05601788244265577,0.04641270044076418,0.05183276095518037,0.04553991189706982,0.04430697955081783,0.04978350418629873,0.05644281540553909,0.045365430689061736,0.06231550161733674,0.050873729226622165,0.048143592061185854,0.0519813552985831,0.05040564055317764,0.06665724165411821,0.0462399127472251,0.049935235090120066,0.06235471078243792,0.038970750300852536,0.0527136181452108,0.04573301545637245,0.05983714871823265,0.050412937948991814,0.05288756314702274,0.06643032800469446,0.059334265099424424,0.05371859386816552,0.049716976613462,0.04664476204132408,0.052144065340694566,0.05172762659807934,0.04270369864669022,0.05013692563894687,0.05979063168573426,0.05549042455077446,0.05947812547039959,0.051117642397753356,0.05007575093185792,0.0487059908273474,0.052081117554731174,0.043607758943435715,0.05353950776199223,0.05088273635654543,0.04351764240660051,0.058650524456429334,0.04272293101240099,0.04246785247881245,0.05420582043811195,0.05579124029114858,0.060052190052387454,0.04449078982950236,0.0658155450185186,0.04564732647802966,0.04191439218288885,0.05429817763993252,0.05708523813559642,0.05181360078626352,0.06234654249827129,0.054091625396210694,0.04977688493074645,0.057375818695242345,0.05705976549390434,0.04430164419191752,0.06049692911891827,0.05480053986774172,0.05375967079436374,0.05972184990666101,0.059859274681056646,0.04740960464647219,0.06844861424809152,0.04722467071999491,0.05166048718338026,0.053322600985548016,0.04806376277505361,0.05641557535105189
11,0.06396714222276038,0.055021734629494376,0.0640464224227874,0.06509267424221804,0.06183830580964241,0.04897601418245882,0.05474650668093769,0.06404959445080502,0.05483062431394806,0.05839835177140656,0.06541077900747769,0.06351702642718254,0.04968438227691214,0.05186840888892291,0.045931906844392106,0.04632430298380231,0.0571650085806887,0.04024458388623901,0.04095447926362243,0.05994389619940283,0.0561371602985219,0.06794368124470372,0.048688872014272064,0.05347448304754768,0.045520646081087614,0.04705452648691523,0.06463775852256375,0.058367582798307255,0.049456833083310316,0.05714079027155388,0.056137362520614166,0.061396106555485414,0.050498223532334095,0.05299282311797376,0.048480152381855025,0.0566703715653356,0.039952325736809735,0.05375496372783809,0.055256418698247364,0.04673060473364562,0.04131518415710687,0.05016381286772993,0.04891861872666127,0.052597924737830266,0.05509124290802486,0.04573535044099159,0.04645902611760683,0.054803975708495864,0.043734564461363146,0.04987180049772588,0.06766310838887538,0.05113764483339979,0.05637012383540676,0.03559431617904292,0.05876691615383601,0.05994384600714633,0.04893161448310345,0.052248369941150306,0.04872119080250704,0.05332687327969257,0.05839092390996867,0.05662539214131194,0.05905239374404872,0.05497599315892841,0.04066329392796503,0.05213209483308795,0.05015637064604256,0.05544533883791277,0.047433194321466185,0.05240420110226768,0.049320531973971474,0.05154144570006592,0.057861946933296285,0.0540375106906121,0.04853116709068059,0.04355401306624747,0.05168806646193173,0.05123797249932181,0.050875337903717316,0.051821089933422874,0.05883530777446055,0.0380786603747074,0.0409922214711917,0.049508654028702206,0.050704688133234393,0.046418975108375296,0.04608029298835439,0.054904491809285735,0.06229806746790396,0.06077785333513817,0.04920599216728647,0.055768716340960284,0.04850580445923853,0.05842282318750362,0.061120087990592174,0.05709687956556019,0.05527351317372525,0.05358756210451143,0.05693500271038994,0.06322174811667058,0.0457662234598473,0.04792387213556307,0.057084834689235676,0.055391416375500414,0.055796439586503085,0.03760200165537727,0.062317804017818106,0.04890924348568849,0.049135379657036155,0.04933254554742871,0.0556403394121157,0.04639212339638358,0.05659427740107086,0.04877795902325764,0.037047722933863395,0.03999345337361794,0.0486360246982503,0.05902634593947584,0.058074679095695074,0.056545996081259285,0.050637766186536134,0.05200654646774739,0.04696451297563465,0.06722564444337585,0.05757420704120647,0.04170313735244513,0.05643334894448064,0.04944444295799153,0.050366315760525235,0.046836574555379665,0.04328117096081691,0.049382804035566344,0.05943819508898099,0.045083366549474466,0.06497345333655871,0.05102972104553099,0.049629973323672305,0.0512561520011384,0.05097537125987277,0.06822248976301241,0.04855508129163446,0.05101172098243024,0.0665825677075907,0.04195146747296166,0.05019547313778006,0.045131957094525034,0.059468533723225823,0.04724607535840173,0.05250555391345057,0.06337868465779116,0.06031377325445628,0.053407715043651556,0.048030679886220895,0.04490749472585109,0.05234501980540111,0.053895466421755044,0.048978515704457354,0.04937833440157912,0.05866910165825604,0.05088342340417224,0.06145540011936494,0.04767862252103699,0.04667513058466182,0.04664678580252609,0.052716662678237776,0.04224299967220954,0.05312210995553243,0.05267099084008751,0.050821612493291986,0.056476145461108185,0.04364613880027528,0.039913632439375485,0.05155517319340201,0.057099024485302415,0.05993197836613246,0.044466589080817506,0.06566176461579619,0.04560530934027868,0.0429222493466348,0.057983704335954116,0.05941480847806295,0.05565323431820573,0.06668406547625146,0.056916838293495246,0.04932074423384779,0.05583853539423591,0.05601519666597775,0.04473493276493248,0.057544631324276,0.054140319834567165,0.0563951418053777,0.061184101625150526,0.057654257868304574,0.04918042766707993,0.062226266150117296,0.04571869556589019,0.04869588897551425,0.049075943230323,0.04619019389969562,0.051885016137684405
12,0.060851786631055844,0.051250574086671746,0.06602167599582884,0.0611051889139076,0.06389594628086202,0.050611265220345536,0.056783645455404916,0.06211820483681815,0.05371309807930809,0.05970817367847672,0.06581845064602503,0.0650873000942895,0.04541337104042738,0.05148183080204983,0.049617308378123275,0.045081522972152614,0.05756708121360696,0.041818316589942825,0.041500629687806975,0.05764860444198639,0.05231874416068827,0.06937780066652526,0.0507253294483487,0.057691729039783,0.04440991263100717,0.04437199320097154,0.06219384303981197,0.05984686291137018,0.04784641538050591,0.05662195727913805,0.053612583251144576,0.06076314897944863,0.05352979096312812,0.049607850593860414,0.04548547496464367,0.06168775173523638,0.04104873541177892,0.05550613389498468,0.05895951096729148,0.04624162473133839,0.04088484238552603,0.052600284377793294,0.05310759664152565,0.04833847755348129,0.050648500651131925,0.04670680787185454,0.04678115600843022,0.0548257630119842,0.043328376730224764,0.04725128853351581,0.06511648028160559,0.04509646581640011,0.05213289117472173,0.032655808162080004,0.055824109348253666,0.06288777385203757,0.046746302401455726,0.05288082423148365,0.04892215870286243,0.05433152012099038,0.059040157309447824,0.054717839899563296,0.0626829282106308,0.054381568910128096,0.04162899641208112,0.052994999249908685,0.05015861392892823,0.055005366552063006,0.044025561613843446,0.05081773550002832,0.05035979575764403,0.048728944447194486,0.05984678958847845,0.05211344381732967,0.04915493272385236,0.04406447721011707,0.054387383714615205,0.051606584342528336,0.05071549279415821,0.056736198067720976,0.06489626848450455,0.03959765182673763,0.043823680203686474,0.045666485336485436,0.051232134257270134,0.04579472614290674,0.041499919626385134,0.05460724975423692,0.06499100192478163,0.05835942886765981,0.04782595795752229,0.0553684835331626,0.04641061813146882,0.05877443520416391,0.05899247159264524,0.05803528837134411,0.056693344612438856,0.05294115814820568,0.05730001290286879,0.058319403624117305,0.046219624598746616,0.04380294273322195,0.05542110891487516,0.05404517709532911,0.05804340638200667,0.03624700152042538,0.06078306445341484,0.051818472148074196,0.05148059823371859,0.05102251937400515,0.06019315791352868,0.04221766089716302,0.056100154950092684,0.04880557550634377,0.03861404484977943,0.04033656020847391,0.047492553265975755,0.06049299431408223,0.05922030417579495,0.055998646993862006,0.047526733441707436,0.050814810525511026,0.048219098590786345,0.06791313571338241,0.05820729290059729,0.03933985513722461,0.05406948782033692,0.05195070161374304,0.04665698465387046,0.050776779648827486,0.043620821367842295,0.05179813109093212,0.06012466393436396,0.04378541794929528,0.06555390674361958,0.05104695005537979,0.05200071923687636,0.052502542922903406,0.0486571622283592,0.06860583397413468,0.045335213804861295,0.05447740145857955,0.06417714195995752,0.040817550818157904,0.04921281610661644,0.04868145758493684,0.05626668322102474,0.04914236203779942,0.05292689417399492,0.0623722233156786,0.06359377487428233,0.058394885794931996,0.048776263066142,0.04250711300522079,0.05151133804258142,0.053092927935581624,0.05056748524814083,0.051971009041963626,0.05883682732752664,0.05314308319237638,0.06375718531616266,0.05177828470130485,0.050895250461544736,0.045817471667776194,0.051363406163844216,0.03853735359748705,0.05150295417150522,0.05098721844992104,0.049216895980903175,0.05630196340293295,0.04134648778448818,0.04184286906228675,0.050162162113572654,0.057871402109195585,0.055590988060085174,0.043380723008703145,0.06374550321648907,0.04158805724439311,0.042149566415627726,0.05655935129634857,0.05646020869736631,0.051310789211727555,0.06650133540085731,0.05563705180331862,0.05235395160767228,0.05666258134884586,0.05596861240609832,0.040431228615317075,0.05889610275195421,0.054216157985980847,0.05769118925940574,0.05941240084294308,0.05401867660313061,0.04726613287831619,0.06616939771928558,0.04975492222401552,0.04969692944617837,0.04503170430634096,0.04476849649427036,0.05007336174092886
13,0.05467902555944723,0.050600493236980036,0.06041270653742606,0.06163648242999876,0.06399879328663124,0.05347344142701,0.057229322706824244,0.057068898016905165,0.05712656834522566,0.059055103614115145,0.06769446773894856,0.06438295459372255,0.04669590199663083,0.0492833227827809,0.04926339291401766,0.04159066975287975,0.055879747472626876,0.04268814768109791,0.04137387131869259,0.057422800019930824,0.053644289652634757,0.07361642040077174,0.05104974079589469,0.05889619363488235,0.045289244243733984,0.04432790136324517,0.0635043921676754,0.05565260420723224,0.04782264129607686,0.055110687555082784,0.054003321011555215,0.05800526857696443,0.05261430276713734,0.05191412113054722,0.04508580956385712,0.06275729914427854,0.043822469019907405,0.056303150809970115,0.06411620365667996,0.04780656500473812,0.04144111894346954,0.055285059557212406,0.05077346161800202,0.047575857188154706,0.05324834055483136,0.047551004319414315,0.048191202565816355,0.052774911364868726,0.048166066335048316,0.047135290294841314,0.06493831120531529,0.04325598336421553,0.049868125627100864,0.03326589902552689,0.05387968589852469,0.06259756441654911,0.050240647167263855,0.0517238247409193,0.05178504144924527,0.052281873240742426,0.0578289913985323,0.05788049378331035,0.06389727598723463,0.05413778147036189,0.03978272992622732,0.05538892299309091,0.0494322232259088,0.05433236772755786,0.04051865984406422,0.047450475905482584,0.05054426742129619,0.04752823096389141,0.06479654237404327,0.05207832781061997,0.05057724398037954,0.05082387506671219,0.055729624887361426,0.05426571140678053,0.05049243701947344,0.05357215931068112,0.06334969235477754,0.03846190343399855,0.042745067877520984,0.04434151619797091,0.05015125194753972,0.046794980281132215,0.042239232208242536,0.05294520942568783,0.06887363686898898,0.059041964737909215,0.04618911833535957,0.058529875156219456,0.04446823946319372,0.06064604039214625,0.05718472231869154,0.06302444482198594,0.05904554814947919,0.05237814712587583,0.05920458679905915,0.05714295080515949,0.046967908170548606,0.046524032019079925,0.05880384302474023,0.05707250864374609,0.055827642690931004,0.036663636547715074,0.0596926586560312,0.04835534079939779,0.05091988118976181,0.049658517505774144,0.053004342539605453,0.04397977642345436,0.05606997668437263,0.0474919112370642,0.041889880854579384,0.040385791873043995,0.049600237484220204,0.06098501597172572,0.05704974415997863,0.05384705102764315,0.0464686664783352,0.0539203595363967,0.04435768233540409,0.06278049003363222,0.056658432005222914,0.03835247426731711,0.05450243915302816,0.05081759105439529,0.04423598622075523,0.05325245617771256,0.04594945821429817,0.051466149896852983,0.0601680025211335,0.04978282171810042,0.0640378277390613,0.049622994593006044,0.049048596005502786,0.05203192992222211,0.052395762602799746,0.0706056497242608,0.04455847232763285,0.05268801088649611,0.06268540625214677,0.04372699065158407,0.04647117694398443,0.05144649169415803,0.05623820728762473,0.04967249837376608,0.05564030293651117,0.06111472404418096,0.06535978313696762,0.056641375145594725,0.05074431450744214,0.04399391523143959,0.05086520849991905,0.047590892336473546,0.053166539791323936,0.05348447353308069,0.06198540385190757,0.053185439354989206,0.059192452684173134,0.053038482388787514,0.05537663868307248,0.048240161266609245,0.057902159262431044,0.0379618051283591,0.05310074486441086,0.05616254081907097,0.049764872790145936,0.057030344108537405,0.042691901256417475,0.04233330492095787,0.048440991482375205,0.05967028427326712,0.050921910747543674,0.047267811978266384,0.06179149512401681,0.04280552142864965,0.04349459989438916,0.0551145522310957,0.057082757233400866,0.04980316206825393,0.06268817288115902,0.05378628599709362,0.05538083336181431,0.05503903107758955,0.056498441077870304,0.04246425903724074,0.052827417539437344,0.05726460493466774,0.059861543169295976,0.05512248402612697,0.05527810882127898,0.04755646984403976,0.0671053746392817,0.04791745551593527,0.050301156889455044,0.04504743133710414,0.04432888724648039,0.049678957087777885
14,0.05226095032958485,0.04917281620638665,0.06164809228407687,0.06108467028368888,0.06300097506994103,0.05450569132474224,0.058546736309754835,0.05294453381992111,0.05981944410017197,0.05940111563834949,0.06299562469651204,0.060931714828244936,0.04743342362530282,0.045350506942270455,0.048864967533723484,0.040355066466306926,0.05742211869666811,0.040345848848190285,0.04473448072522838,0.05595127619104327,0.05452556472605003,0.08010131881329441,0.04981918080513065,0.06120496843933007,0.04829795106530273,0.04354004545599682,0.06537819388515931,0.052986768542491444,0.04711379992833323,0.053684007597645494,0.05070384530351295,0.05930616187525795,0.050547036958996705,0.05103373213674043,0.04295550341268768,0.0626085834753368,0.04544278439075817,0.05620902748719238,0.06365373503991817,0.04915305640772095,0.0463241458103539,0.05510616221442315,0.05378502630693359,0.04685306680468544,0.056909292119672744,0.04432987764084667,0.045064594441409526,0.05086342459908808,0.048058148980745174,0.049188464363166685,0.06185720789817975,0.04033242341937205,0.047227326328222505,0.03233811381965683,0.05119321769862114,0.060197173169318115,0.04946575032022702,0.052152899751240836,0.05393839650107503,0.04895571685817893,0.05643619008839006,0.0615690781911511,0.06681297818890809,0.05078056637813805,0.03733497150498782,0.055543668718366516,0.04988782380153848,0.054440395933982415,0.04205546923722603,0.043749394240997684,0.04944823984635244,0.0429038072734954,0.06835520290079139,0.04850895117919968,0.04777574450210527,0.05270788181635443,0.053044105455047195,0.05195171982775473,0.050104462674034664,0.05244459252816455,0.06102447937813198,0.03679435028573973,0.04343133072791727,0.045964987031045255,0.04910495133375977,0.04611815337277252,0.04174210422178497,0.052024445246570745,0.06978994546101075,0.054757087877291326,0.04682558595594293,0.06074448518934644,0.0445701873487569,0.05891933059501146,0.05984885680631458,0.06019010914682456,0.056125323050349174,0.047117784491441245,0.06353303847106213,0.06033886474524949,0.044752259669012764,0.04926874595451879,0.05753998869294944,0.05513486655394662,0.05449954686896464,0.037398489478754855,0.059190967670315855,0.04725580579256694,0.050769775808158835,0.04893206771582552,0.05591919514581916,0.04385698582881919,0.050971590397903506,0.05018203345724869,0.0440893343446343,0.04038921794164883,0.04682579855388448,0.06423612406329818,0.059322064102787876,0.05261166148329139,0.05244552420603913,0.05201325232634556,0.05076182168832083,0.06035709857200632,0.05616125331007668,0.03696803728550114,0.05158266702405019,0.053309596485030745,0.03939720004804275,0.05392189211597381,0.04554954290787167,0.05263957077164368,0.059159277550519154,0.05105499544978161,0.06408920744334697,0.04591837636959695,0.04906267253283647,0.04922341723494675,0.053244902602440754,0.06852476189291026,0.04293155416267039,0.05592951883771481,0.05872462227495927,0.04414701787172552,0.048395111010364804,0.047622250672856255,0.05574180528558122,0.04869255543656248,0.05742117029184465,0.05946541203619987,0.06311589450357515,0.05491306441272646,0.055554143060212904,0.03954561269486351,0.0502529628839325,0.045710318483773146,0.05213314626940095,0.05441199315548468,0.05888528071825201,0.052667348126016575,0.05777204099781118,0.05406791097398156,0.055367959434776376,0.0467938194871509,0.05616645089683737,0.04025615013536851,0.05598336377786592,0.05850217663298574,0.05373094258722721,0.056674669398273585,0.042725571169063246,0.0407859250395577,0.04620495491224625,0.05968504222841348,0.047903792977682,0.04673261418811817,0.0628045239032854,0.04406426238561278,0.04579856229609821,0.058505153272962185,0.05838274969275907,0.05285204388204326,0.06491979636844715,0.0551217224118704,0.055738575135290756,0.05353569546273779,0.05825302304550493,0.03909092951629316,0.052793229008875626,0.057197676580283366,0.05797914119072152,0.05387083730931031,0.05555733769439736,0.05028264806941225,0.0693034350930554,0.04662730920233178,0.05037809579295057,0.04688161208591532,0.047249113365172374,0.05321973324144953
15,0.052743131014266746,0.04511804701840741,0.05903123114721901,0.06056244092377406,0.0607841753336378,0.05417623262697709,0.05810922385465612,0.054078449303669854,0.060398511966908305,0.0610450335086061,0.06650718118027948,0.06051364878578836,0.04884123758260587,0.04526006966028417,0.047609885048874215,0.043291212759193454,0.05514591214163773,0.040455495226031334,0.04121064208778167,0.060744110267667434,0.053688254542537305,0.07759710295057605,0.046916132529553754,0.058808064840476286,0.04644919035858857,0.04665178039932942,0.06418431320866405,0.05094179343076057,0.04635681614600092,0.05447281003388867,0.055399036688774446,0.055161959152263774,0.05191690822481286,0.050337323782007976,0.04106470173908126,0.06203039050717795,0.04812518194575874,0.057622808705879124,0.062022238773083806,0.05024140287808312,0.046604450972006495,0.05280582394508331,0.053333677538893697,0.04720346708100404,0.05678516239913968,0.04698025636936278,0.0476674103411865,0.05009431535960348,0.048078996311388233,0.04949172020747594,0.06121144825694446,0.037060166325211384,0.050969291601588765,0.031848751094633795,0.05313866655553805,0.05801388205044151,0.05154074223528322,0.05167182314264449,0.057167753057047375,0.04734581659100754,0.052187945740968474,0.060491464837316676,0.06195036599986362,0.050924703570698046,0.039140776605751715,0.05400723917021924,0.04979190792911794,0.0521425388440562,0.042258793299006676,0.04964268718065634,0.04696121978011523,0.04344143398774128,0.06766263440606393,0.04996946669847345,0.04546448011556082,0.05328447080640845,0.05068107964744625,0.05264465880766187,0.05241166553191974,0.05437719433021516,0.061505941371965175,0.03886181831547735,0.04276530869931398,0.04418809167937521,0.047231096677828134,0.04268017615963519,0.04431286465953913,0.04918242180821869,0.07267409741585654,0.05682629710143755,0.043910655523819335,0.061980642988341765,0.0391867303655364,0.057573378467617196,0.0608399494279624,0.05927437454146861,0.054401756455708744,0.04481886887581913,0.06185024476147599,0.059248989251329556,0.04189929195101393,0.04751242677296036,0.05929749440568971,0.055084157070844575,0.0523118848295238,0.035908455473504554,0.05760950220720303,0.04461533568437849,0.053691903206776026,0.05214133885702612,0.055201086395707824,0.03812030955756934,0.05259184453227637,0.0527158944822161,0.044639982144848676,0.03951298024204652,0.04919403028103158,0.06040135930401728,0.05907165725508948,0.05138416778637273,0.05385059849534786,0.05124985213074054,0.05405037892694451,0.060751399492423294,0.05595352571561766,0.035135763504900774,0.050210490827103084,0.046751563133755177,0.037317121348607256,0.054906304701516535,0.046869950649425396,0.051766705175096614,0.05943524501784546,0.04961476747623493,0.06453014914450794,0.045150205853264305,0.04839059545972886,0.04661783149948632,0.04972441309598873,0.06664628427619748,0.043493881977871046,0.053639597821760636,0.061029710016160095,0.046304977049566716,0.0474799582943773,0.04545286533916517,0.05441037914433024,0.0486133403821015,0.05592236613166388,0.06222012798411432,0.060734553734100034,0.053318731185805386,0.05397543564085094,0.03514840030529118,0.048914149702266915,0.046900228170930154,0.053198603217839174,0.05415015019301195,0.059383370207420336,0.05748050461828568,0.05911512869890456,0.05444869118722972,0.05390142003387113,0.04641928861186774,0.05390629248182813,0.039424803394368046,0.05519037742348148,0.059019517497507126,0.050686855650720945,0.058190576909594866,0.045037824329777806,0.03659846931283935,0.045487717668284834,0.05864315405894066,0.04540790298952179,0.04377366920244894,0.06686614164160673,0.041945248810126456,0.04816352192880517,0.05927448309007603,0.06124765566488824,0.0490964981079594,0.06012329239047634,0.0571784299631536,0.05449003608358835,0.053809645614049224,0.061980077766078376,0.042661287124376814,0.0512565434130184,0.05708681693823308,0.057862871864209894,0.057319233755365795,0.054878952497488344,0.04818928329572332,0.06787605176108251,0.05032804684846414,0.052874605809719415,0.04446618119885463,0.04976798618750928,0.05549835439035867
16,0.0521957915009303,0.04152810073024949,0.06276164699351973,0.0611505833927919,0.06432294294742526,0.049168988683272415,0.05808386091827263,0.05039605827255029,0.06092146647032194,0.06206794863229814,0.06733453450679353,0.06235499781754606,0.052912979263026884,0.05090802814951048,0.04426322070321097,0.045003680514869214,0.05132250724769476,0.04405399663971458,0.038631396692922634,0.06415419622748697,0.05790423007059352,0.076965587163326,0.04729683678666676,0.05692384465509797,0.048513215833274684,0.04494984764019356,0.06300085076560671,0.05272538020457317,0.044046015524190525,0.05363001474610837,0.0518467166715779,0.05509482462619596,0.05203036916209978,0.046663089646989814,0.0413728506629337,0.062007152922798334,0.04685982937333829,0.056411602571184806,0.06124144170997253,0.04935925744875013,0.04502376879948384,0.05316525960026703,0.05597582778397173,0.04753888715099466,0.0563876460441436,0.050230910515660726,0.04785922988931512,0.04911604820145793,0.04821616197726925,0.04971649661254528,0.06116894864518437,0.03512732946678394,0.0463307411206173,0.032697898452740064,0.0560958742014491,0.05335570064423287,0.05368509699908262,0.048213191416593075,0.05560955293618329,0.05070119663759308,0.05082417057765185,0.057815652885951946,0.060818319336975075,0.051472700785744216,0.03744273286041477,0.05429962571820661,0.04938751598902912,0.050103199936674045,0.03972252804776995,0.052418168143532784,0.04738074680944225,0.0391014524025953,0.07032549970961288,0.04879270599058466,0.04563084048264282,0.052109070758706195,0.05379149803671794,0.05115206877035658,0.05380032434632666,0.057051418859028855,0.06226089486217134,0.03640032323246771,0.043696634635728926,0.04146054627319991,0.046340606933097404,0.04177123544046931,0.041979912618400936,0.04301601041717471,0.07352818395212944,0.05276771642221886,0.0499311486245849,0.059850362998304665,0.040080732180244924,0.05666117449032903,0.06003477066934816,0.06146344363932104,0.0565014609095294,0.0409897905960161,0.06444073158773583,0.0615790414128652,0.04179100081522057,0.04306785602659158,0.06088218615894854,0.0561217700544132,0.059004071820216775,0.03895992569153622,0.0551004948008782,0.04439498213930451,0.05006147512105861,0.05215724190964871,0.056998988374990664,0.03728883090636006,0.050472952712580274,0.05470368746216868,0.045128182793868654,0.03899754827412309,0.05378902627385064,0.05376218678670202,0.06330475516210578,0.05182546651276228,0.055639916591204194,0.05234576088636043,0.057114046449078734,0.06020497274827959,0.05568674460338323,0.03802752692620034,0.04942648325049227,0.050678527559327176,0.03416421368677956,0.05563757970173668,0.04537997783007566,0.052562826494300725,0.06365495347256482,0.04926344121537474,0.0664999949840347,0.04515436245347841,0.04440205219715122,0.04568479075252444,0.04933272352391112,0.06673858991474264,0.04356398542742446,0.05330974574401617,0.06077202366573834,0.04545421885474835,0.049038923559997546,0.04732493326818644,0.0556875034635657,0.05165673759124695,0.05634254845183496,0.060664474041796014,0.056694988451199836,0.05077655323531141,0.05195717505286389,0.0364213164023148,0.04935213309552799,0.04727606348497356,0.053373448265955414,0.05250678745846614,0.058150581689620146,0.06020949356425576,0.05792704081262672,0.057070479802031115,0.04973418943172879,0.04735607139083754,0.054307276128556244,0.04141598746239224,0.05653535536541921,0.056229659368158116,0.05048966740107054,0.05898078261323584,0.04440117861892248,0.04059318465940471,0.043101519485129185,0.0560153178128078,0.04299177285565454,0.043727020784858926,0.06928831844105017,0.04596230227958617,0.05005025966564793,0.05622049165142482,0.05918163120840585,0.049276752254526275,0.06314954847036933,0.0608996069278733,0.05581844715469134,0.05903982002831558,0.061230242924296484,0.041101826551022964,0.05187048414293643,0.05250913469560283,0.06213990006261532,0.0574216027841645,0.0562406193769518,0.045892502943177586,0.06552902427185488,0.051646372903077914,0.050467387010523834,0.049781921216254424,0.050053116314884856,0.05841066804724352
17,0.05025351215867285,0.04218301273675879,0.06371289202561213,0.05932446436704687,0.06207606499163416,0.04862822133435082,0.06083519220812219,0.04885862753648749,0.06435795609535462,0.05862307506048517,0.07032186550838666,0.06365228309555669,0.056996733713694535,0.04751836532965033,0.04130893796484248,0.04478600567512862,0.05201537416234217,0.044621392806866826,0.04058779996141225,0.0625939819816575,0.058672498342827166,0.07782707051341871,0.04707472582024627,0.05801116703244354,0.05140231779447214,0.04361673113047112,0.06244149988155671,0.05544450649731333,0.04271735438949876,0.0526747492373691,0.04982378770579312,0.056335383046257695,0.056465870637456055,0.04792541133097046,0.038337237124263054,0.06127016425991648,0.04674147213572614,0.05526649270569791,0.06036827652074806,0.0485697830848012,0.043975366825170815,0.05385169515667233,0.05268232243753261,0.04505436437378874,0.055710640872483765,0.049375515135819,0.046041371868171324,0.0500620336988446,0.04832296094720453,0.04869509069835693,0.0634587524230817,0.03648838407701414,0.0478137415029151,0.02935637333830355,0.05462749171989332,0.05425657637655211,0.055155428517837043,0.04714856218404462,0.055493514942074294,0.05082508616949138,0.05282359060860571,0.058736619830306314,0.06501487875187877,0.05304962520938039,0.03651565190071764,0.054931355324230956,0.05174383568168265,0.04895277726291498,0.04135146775439622,0.052782088550585554,0.054048340056875546,0.04155171946127768,0.06992941618356993,0.04804995914467951,0.04492447481201484,0.05213276329895866,0.05456909370215098,0.054634225859896995,0.055977075368412205,0.05534613049850026,0.05988058464579425,0.03667831436951256,0.04796475507293934,0.04903310599444407,0.0467592413098575,0.040435208633861616,0.046142244730680675,0.04033159290293585,0.07406156276373507,0.05154843852273129,0.04890473933168833,0.05724491982344406,0.04196450264453638,0.05635339634508431,0.05750521359675874,0.059588097528666735,0.05387661002069539,0.038069634380639844,0.06215398296538973,0.06055125047919297,0.047208121873325744,0.043998030569306124,0.06083995605147324,0.060571484864194614,0.05844455909157663,0.042105410697328316,0.04929161893440041,0.045361772231447155,0.052586236736862864,0.05145835718463368,0.053078030515693965,0.037072548953291116,0.050354477447264394,0.05565733907114161,0.04377066200061043,0.04176913960750599,0.052686322152527394,0.05230461066518924,0.06650451906486174,0.05240641139036259,0.05743834259710323,0.05580631873402994,0.05814603743847246,0.05983405680006134,0.058129736809829094,0.03865053665060518,0.051265397845578,0.04977914708751737,0.03508403444886031,0.05258731623757831,0.04624825788144399,0.057616498966655466,0.0666612327446027,0.04591817526066314,0.06438731429434696,0.04599944477775485,0.046612912728146626,0.04498216927761502,0.052397080397024766,0.06998763422325205,0.04354439882182198,0.05363031748230935,0.06082790547147796,0.04005314391926492,0.04890573419877249,0.04797605211484898,0.05634389499564692,0.04976294190833005,0.05233535003208035,0.060992320864272004,0.05400870080158994,0.05481889679315081,0.050966613801897855,0.04028083056023427,0.05029200659365972,0.049252221525703056,0.05642879648036472,0.05233707422149307,0.05716501036295165,0.058135439609058585,0.05929217744654894,0.05284598544141565,0.05054083383830904,0.044800975196491954,0.057480705405835594,0.041096760123612554,0.057067232023791645,0.05308125741349248,0.04769794084918073,0.06006123147650577,0.043672527407412454,0.03938462434128027,0.04208967370156631,0.053790664289713956,0.042528293982153825,0.04945615995197427,0.06676113141670668,0.04767319729119453,0.05085869395147983,0.054415720006968545,0.058153283677608074,0.04926708802955307,0.06217528292862843,0.060015934450036286,0.056179953041765436,0.05561765202716613,0.06118504502704712,0.041339510428705685,0.04925235207063855,0.05523084144026281,0.061024499937908,0.057960591728542586,0.05593295301713257,0.04659279031676189,0.06315879659834525,0.055652406709598104,0.04801786033993165,0.04965370793749369,0.049298590894913646,0.055461968860756744
18,0.052789745486784174,0.043741304537062126,0.06327865950428607,0.05967866707681355,0.06233731639986374,0.04800884513700382,0.0601588389282089,0.052131235712560856,0.06185904458482865,0.059378466978490516,0.0715530289658593,0.06056285364012352,0.06061727416785148,0.049032392608271226,0.044780603462359604,0.04900572912102799,0.05457587705189491,0.04438496698943012,0.040569855343301736,0.06464206540185229,0.05590461260667296,0.07896116522716011,0.045662964613833165,0.06217511740906198,0.05018219974430625,0.043985141167220534,0.05884835007095106,0.05363734975765797,0.04822932048637944,0.05126610641395021,0.049204876695454106,0.05595358175137564,0.05673381500052908,0.046644239424053095,0.03596806406736176,0.06316491387188801,0.04802908016933834,0.05642957466496556,0.05778225614765449,0.049073582033221125,0.04139315580930285,0.05372070601009917,0.047937270551262935,0.045527731530399296,0.05401503702786513,0.04860150860341367,0.04749906550160635,0.04914192981363864,0.04900017684949527,0.043830240795371955,0.06549027228371607,0.031731970598290096,0.0477869816538257,0.024759604088293315,0.055440214023685326,0.05163081734954183,0.05338356318609825,0.04625876228237371,0.05556557408186229,0.052921661497769695,0.050897090631143505,0.05850452610074612,0.06546255811387329,0.05308727454999796,0.03692521398873624,0.054574504613598765,0.05577856029017705,0.05161480623229123,0.03873449628218358,0.05581230171182485,0.05482672559903707,0.03964260325615453,0.06990473394791163,0.048306232726524026,0.04451038918159062,0.052647209859051726,0.06001094571529802,0.05505024403779044,0.056921226910843684,0.05435369867088908,0.06388206682500935,0.03741280617402551,0.04699005253653045,0.04755372942120516,0.050196186770817317,0.0388789076344947,0.04518393770810923,0.040236638508660966,0.06967540929627959,0.05094194421540434,0.05171528837294493,0.05505607971722907,0.04227025703201932,0.05575737534160474,0.05697489448455788,0.057021958852969484,0.055586538742742754,0.03771440525405394,0.0645021158475834,0.06418220515364378,0.046485423279937356,0.044498191553729485,0.05774144911637163,0.059321909858430076,0.058664692162097624,0.04257959366851517,0.04883575661687067,0.04841209157479881,0.04976966572527301,0.04692176313837505,0.05564249518255088,0.035811573892581106,0.04848483987077974,0.05463338884577566,0.041248480251500554,0.044410153480966184,0.054025983390645814,0.056860476693988526,0.06810106598776465,0.05292873401594057,0.05611784232150466,0.05669777890084157,0.0582605937596421,0.05720456752215734,0.05672493104714718,0.037346935092198,0.04939460058699643,0.04968629621284464,0.03762910464483353,0.04616859279199162,0.04534660269581886,0.060736440587838045,0.06528096868181726,0.04902220445941966,0.06147880419384698,0.04623953956571237,0.048082835057483723,0.044610597891878406,0.05872408546766604,0.0695755525783403,0.03840001016312256,0.05463370144167937,0.06234838113000985,0.0371234347385771,0.04685876172547818,0.05574667677990723,0.054760184396100565,0.0494629917445446,0.047016456188494864,0.06165912457948504,0.057978426315805895,0.059398153252790124,0.044507360390611934,0.0480073533000504,0.05002212165352676,0.04920759027421681,0.057246575164681714,0.0516077321817277,0.05727353926315026,0.06012861713613144,0.06079410191295335,0.05471408930645663,0.053180475415479336,0.04127084572105653,0.06013877961511705,0.04519945309998718,0.059422261521620695,0.05211664001769662,0.04940871586910106,0.05801663472413115,0.042550683610372474,0.04386478022598066,0.04465981104496644,0.05696508761984044,0.041903587754276585,0.04792029236814472,0.06835688169904049,0.045465613555851124,0.045725539216637884,0.05459261737237213,0.05495468929805851,0.04737964550260587,0.06347449195557847,0.06050244998598299,0.054139952555569,0.05419916940528539,0.05645932772106459,0.041858217283546786,0.046630603118000546,0.05584020936745657,0.06150157720475679,0.055767595909788144,0.0637703487512779,0.04782849233761836,0.06011049442708101,0.05563014452304197,0.04558115898785889,0.04891943257081879,0.05076061420011097,0.052976148862680955
19,0.04918459107977241,0.04120476586153121,0.06459243550941415,0.06074722953992548,0.06000858142043385,0.04875006589789563,0.0655781499845366,0.054495227926610885,0.06452585893797803,0.056396364572649946,0.07007586117962371,0.05943854075069975,0.0593629526849589,0.04893279718342748,0.046411841050189195,0.0481773935698699,0.05352574478209658,0.04429385130487338,0.04084649981117931,0.06587913501469274,0.05641492947049738,0.07713594559797221,0.04917980769681818,0.06052143954310905,0.05145892723937951,0.045810803132862433,0.05636615517080099,0.054785560976995766,0.04789791365282345,0.05450836302980109,0.05298705816578911,0.056095388382009635,0.056191121281788485,0.04963106237136434,0.03484185353988686,0.0638319121982535,0.04453636309762531,0.05811645828230119,0.05830255824725456,0.04552953625664605,0.0435760351580514,0.0544942535121608,0.04661820581847777,0.04445252048698843,0.05617189449868639,0.049936919284828615,0.047682553388817,0.0464108500271248,0.04898312704879085,0.04294704359063789,0.06793015254659739,0.03216837480056174,0.044399776138918726,0.025626092134586442,0.056542689096040315,0.05143322498372613,0.05420324293680155,0.0457366103272487,0.055438152139489695,0.049348350143277916,0.05272873680171543,0.05950762299831187,0.0625783445100732,0.055145808344989486,0.04098621495672399,0.051782460756035376,0.053724648944352756,0.04982666729314438,0.040546475827380156,0.05586402284059755,0.0544683194430037,0.03997258510839207,0.07113034819084181,0.04429350045957747,0.04398742415223548,0.05300094335215688,0.06117051118977628,0.05485770174042784,0.060840245864228586,0.054185670020952786,0.06183054424526688,0.03822562352092951,0.04749071350818996,0.0516112617281665,0.049421864168301494,0.03877753436897717,0.04422129804886673,0.042586995072619996,0.06875502080634043,0.05305151162982051,0.05416854852202111,0.05144189184197054,0.03986696638107859,0.053371904105856634,0.05456366760261648,0.055309957789030896,0.05625341972512603,0.04198097025581963,0.0630106081536606,0.059326496461657975,0.05024585330436488,0.045891310228910596,0.05441880451320037,0.05512274466172407,0.057911551104076066,0.040729387927865894,0.04911091143508341,0.05219857126963032,0.04995884352203001,0.04750183164842724,0.054128895391872864,0.03945325447525638,0.04846098505431085,0.05239946267628916,0.04219045358068638,0.045425413345232604,0.0547994880133212,0.05607263321478898,0.0689737864887238,0.05100625393810232,0.05617928423054167,0.049359410611181764,0.056218107052869885,0.0569478326803194,0.05792604137796292,0.03436425450033395,0.050449663820821056,0.049065405355017355,0.03594965020153938,0.04698015312577123,0.043274002966580634,0.05916658179857898,0.06689456907996962,0.04551410137265613,0.060117801958095615,0.043838799172193195,0.05361346980169277,0.04434501904176812,0.059332152325929845,0.0694925173620463,0.03313652456666079,0.05164398916135626,0.06116695003030564,0.039433829360345285,0.04476866205012363,0.052790543043523964,0.05855647842680365,0.04867581876238082,0.05114675699752176,0.06367355473113799,0.05483576157298373,0.05878715659394858,0.04104936396501474,0.05106238136729054,0.04814756549796275,0.047804442374767574,0.05053146224587649,0.04989029231280638,0.05577298725836913,0.05835018598797231,0.0608345196002435,0.05730667930397952,0.05660747321120084,0.039824940568908514,0.057235985262004796,0.046311023854751956,0.05933022223913952,0.054851060077085435,0.049824579866660966,0.05769346306938697,0.039861525978950374,0.044741728543508975,0.04294441927989886,0.055262439746821865,0.046051072141326366,0.04918701423941693,0.07048762715542962,0.04778935729322089,0.04775345852507057,0.048673115499136464,0.05162456389332797,0.04649144607455957,0.06689189949801855,0.06395517929933596,0.055823192892217516,0.05418917247604968,0.055491722381405456,0.04036417733417493,0.05039125190675958,0.05088559406429784,0.06284635383784004,0.049511252055690735,0.061120779627375235,0.050707267751905385,0.05842743865247119,0.0583853937867347,0.04614269966283881,0.049675182685923545,0.04988844087311705,0.052515621961471685
20,0.046653114267616105,0.04023362994008136,0.06340912770650217,0.06085129885881265,0.05762363019893308,0.0506701483862835,0.06905003808191362,0.05216093730120272,0.06304343768510565,0.059321801373103555,0.0679870282612889,0.058844648126490304,0.060998183417715963,0.04782325207453432,0.04219816628490294,0.045881409195201235,0.052609766802340474,0.044042213421509296,0.04534330325306137,0.06775973329369815,0.05344125969653915,0.0778873342553853,0.0480814876370506,0.06127769676265855,0.050776807856754355,0.0476846186492666,0.05369481755473657,0.052771829030705916,0.050487499395486045,0.0534539049136115,0.05150087074339727,0.05485104450916008,0.05629420776551298,0.049741508643485775,0.03673218177824695,0.06149803024908159,0.04930523452395243,0.06009161189447585,0.05640237883184164,0.04475473860748858,0.04136040545062413,0.05070529567895706,0.049650585611685914,0.044494694012487006,0.054269506943187315,0.04975257790735698,0.046396471938997166,0.04972812327689674,0.04884605615906882,0.04209204865954241,0.06863801105627423,0.03429470791823485,0.04322818219346509,0.021856634282125576,0.054186412145335434,0.0518363289366234,0.053135966868092716,0.045504416906984625,0.05968904354196392,0.054739813237505874,0.053008058844996035,0.05880178718928612,0.06628211286183301,0.056262996802915195,0.040887197610510344,0.05185818927338207,0.05822663388778959,0.04730531830167936,0.03356331823656914,0.05626508378932233,0.059345265278127605,0.04219596223883846,0.07132424318568283,0.04400324882731514,0.042094087243999614,0.056151824495226335,0.05744570949690585,0.05075999600404897,0.058920724346471054,0.05380609861266958,0.06503145715120041,0.039543742647463076,0.05098181475167211,0.04899710479564403,0.0520307947793953,0.0396763444943654,0.043366874473258335,0.04719798815540074,0.07083735240582663,0.05555114218464306,0.052408050957761465,0.05073656946357845,0.04350229051460029,0.050057036448001316,0.05512073378036883,0.058072664980270756,0.0551141459859523,0.04241570727001078,0.06226775446243846,0.055383118459561696,0.05105003722411227,0.04638466672103665,0.053418319121948915,0.05245103432884774,0.058122854668044316,0.03794763104999106,0.04681107640525222,0.04779479933793411,0.04648934484966199,0.04999221164369854,0.055953172495865636,0.03892697996287655,0.046990212904922696,0.048043465268798206,0.044309808865755425,0.042203941432184,0.0571839114891704,0.051011798231735864,0.07102830665988291,0.05221827471211576,0.05553859733926451,0.04871601432022063,0.05871588219150934,0.05424647083129879,0.058550661425163006,0.03204085580735617,0.05443896304998251,0.048620246578145856,0.03807074883072538,0.04727253266584123,0.04182517941303628,0.0578293707022872,0.06597095155864356,0.04433666414177554,0.05993425741447917,0.04587047075421175,0.05019171523248748,0.04208141649667414,0.057769898852750794,0.07184968385797944,0.031295834901459034,0.050332956368487565,0.06325094133992112,0.04148626054174656,0.04647142779783976,0.050201107654643945,0.0551682307432176,0.04979314342748542,0.04853781471999664,0.06053305812227856,0.05724747731536715,0.060281460891566635,0.03936938301348078,0.05066869792033134,0.047437571826144685,0.045461859746708695,0.05323794552243036,0.0470105770832961,0.058132246653113916,0.06008665865004837,0.06430765933915712,0.05796402586004133,0.056988400113527765,0.039073126727658794,0.054001224307732756,0.04807291967612404,0.06069094141325434,0.056185950122580534,0.05123092073884372,0.06037668000679894,0.04320467896481338,0.04200686538992294,0.04090082909729059,0.05496630744720819,0.04550948187106401,0.04726903468830874,0.07194738324770358,0.04875485735359084,0.050214556852434436,0.04599337451199114,0.05062835840288924,0.04725985258241836,0.06449486052224633,0.06572402955274219,0.058843617659413136,0.04877194472976788,0.056749692545468834,0.03935305391339625,0.05538916211156889,0.05456943796798268,0.06107351078823314,0.0491268627416512,0.06146402709867614,0.055152017278460176,0.05388982710186017,0.061839711380012354,0.04122913973097023,0.04892581804301485,0.05157280423540604,0.050133149892937066
21,0.0434968915885168,0.04210232714982197,0.057673890514272685,0.06091561142181311,0.06213057428240332,0.05095155889956568,0.06831757094834676,0.05246777031262032,0.06391747208149418,0.05906209467120555,0.0674128973531411,0.05883216171499314,0.05827106462649039,0.04335475789645735,0.04609637229578065,0.046221861368347036,0.05714019851516508,0.04373264063452705,0.04454571066543414,0.06920342963307524,0.05180600980648309,0.08383410635419451,0.04955310062897883,0.0591131322655489,0.05022562800798477,0.04569948739825874,0.05718650662081656,0.05334805620696188,0.0509284622639465,0.05223580366955039,0.047643492167048,0.0562077858508727,0.0576272708475122,0.04465987064623336,0.03819119208341725,0.06349301670133707,0.053080780741769,0.05551945624812704,0.05716669685537815,0.044909408018206816,0.03748661794764642,0.04692341876694216,0.05025471955835473,0.04411474396558691,0.05539999128152177,0.04906842116175204,0.043296804862723505,0.051107357431562535,0.05022766223461037,0.04339293346921764,0.06590859082149943,0.038260731646389,0.04131061875721293,0.020306097607556858,0.05178980508922267,0.04820032773046169,0.0588204253514386,0.0466716290393045,0.058593363539623806,0.050867198189297566,0.05435311665275085,0.05744240478472605,0.06474791407494353,0.05440834646698235,0.03773582649291855,0.048705718387503455,0.05634240603987256,0.0479544023235402,0.03402865907305523,0.06367588560876372,0.05503818297951541,0.043925436357403626,0.07839205063951302,0.043858013717876974,0.044557135562821995,0.05490033629055381,0.05629089298754918,0.04950640867232872,0.05968800947557554,0.05570926433657208,0.06476134806021165,0.041875163255734024,0.051454975710040186,0.047700098731305256,0.05023325359083816,0.04073995090742813,0.04260470460027724,0.045486775317980586,0.0679099149554521,0.052549169382543344,0.05388281420748685,0.052313907906146026,0.03712507033509068,0.05118050965964743,0.05308804809186747,0.05590198291689801,0.054832326034706697,0.045730454468827966,0.05868973305807933,0.06059691207234217,0.04907995458948128,0.044463241041770594,0.05617557448700497,0.05776753261794905,0.06183350107470944,0.03562092065317189,0.04532084194038345,0.04726377281166453,0.04845859358830125,0.05134440740104725,0.059900389112408324,0.04281883593756795,0.0492951336584044,0.048694804427171855,0.04410889330105974,0.04286739342355422,0.06106356748989118,0.0536470001698699,0.0698661267674209,0.050434524153201904,0.055745702513222584,0.04714047318063181,0.05971592386002626,0.054900347198260493,0.060440981275592075,0.03610465552378461,0.053299550056709326,0.051630627602332224,0.0413449782944952,0.04642955926169366,0.042691196969773915,0.05636744788630065,0.0653994726564917,0.04306853131258911,0.06307022378890552,0.044579312641714615,0.05041687095434554,0.04031659804418193,0.062381643576848916,0.07148381212510987,0.03274791359172891,0.05142999599046646,0.06386548653407104,0.03876513868349392,0.04666081001271279,0.053060821512898045,0.0548628069777682,0.048025494809316914,0.049854812222407396,0.05915658391481415,0.05771673282615499,0.058545750913747543,0.03669420929495288,0.05373150773482143,0.04406486961720637,0.045362508692714736,0.055249732495728635,0.044461480705832286,0.05942510018505807,0.062026527673565056,0.06584198397649318,0.05868683851377211,0.061964180963036686,0.04059258046024344,0.05851046934354531,0.048249733113757236,0.06325687875190791,0.058685800537676025,0.050101697581839494,0.06177963930608472,0.042927604798948554,0.042973293476629676,0.045618610029391014,0.055864501091197165,0.044796107336458516,0.04892707147402298,0.06908989719859004,0.04608638136395276,0.05061088811106975,0.04654637226046426,0.053414471788207754,0.04951628781028837,0.06719180997331113,0.06751616476629792,0.05509734644063942,0.0473444792629989,0.06348754424791331,0.04017551680030049,0.05537651196772123,0.05525057149633001,0.06218376162584291,0.05155479077491869,0.0568393001328168,0.05796854033464487,0.052229607056866315,0.06172124743603645,0.04233392494286269,0.04151087627775331,0.04939193455846099,0.0463076473629539
22,0.040477095734646217,0.04261664519845327,0.05589931115100133,0.06206735691910753,0.059120443374408534,0.05011882326869992,0.07059834396104621,0.04843472040433679,0.05845041405411228,0.06153078067289355,0.0687507793262579,0.05909635538349452,0.058237316773497846,0.03830314109639474,0.04448663244557826,0.04174194384128632,0.057011672391514626,0.04004196207332133,0.04327769146132091,0.06931368701991836,0.05299148288351605,0.08317822770953509,0.05110535204443039,0.059310379098906865,0.051754290513990796,0.04734665231657894,0.0586826982759251,0.05360131225825089,0.04900151022332202,0.05679676559319882,0.04883443727597131,0.05911716919713442,0.06056795903148385,0.045796433169330096,0.03876208262766824,0.06450346697606037,0.05516265468391474,0.05537277426255624,0.05590588700592101,0.04672603112420414,0.03674919668698558,0.045444826724911055,0.05117850639547721,0.04311561108034003,0.05538931138837154,0.047787392170284215,0.04075541698624767,0.05202408059957156,0.0506717739211487,0.047346731214736947,0.06492307419253657,0.033263160327905904,0.04002718560963162,0.01569752365047616,0.052554624381503205,0.04748988994697514,0.059448285538289555,0.0470495146061916,0.05898370950689155,0.050942844338578167,0.05663794930604506,0.05210565502435684,0.06564827271758394,0.05352733036454689,0.03659308124948828,0.04645972255737182,0.054908474661499104,0.04565493852848431,0.03791575423925762,0.06314051428149699,0.05708347526662528,0.043945011849344136,0.08003921960416296,0.0396589248878031,0.0431233011203218,0.05405222507393234,0.06012959803028911,0.05103979260153851,0.05749247644923101,0.05565546670925638,0.06557631033673894,0.04418579648788654,0.050292901118069694,0.05011341568155119,0.05372627800714765,0.04420807141098138,0.04012946392478695,0.04473328559499544,0.06849685349717241,0.05179375281500204,0.05541896766385822,0.05228107424943998,0.0386848887562836,0.05132418896789456,0.048995861040348684,0.052913695805761746,0.052701420313945584,0.04565491732714899,0.058291351113135534,0.060681136692321926,0.047071890341761916,0.03861945920648749,0.05531018129950924,0.057027070665854156,0.06033852721370877,0.03566681004722588,0.04543778245128515,0.0450079387486536,0.048410994206412726,0.05203873326493523,0.06197850022862783,0.0457423596211373,0.046491043726017825,0.0491115455338236,0.042839032107406784,0.0426513400224889,0.06235583235171396,0.05166772540439223,0.06788249028355745,0.047582773957100914,0.05461187375109505,0.0464385320525054,0.05661405728625908,0.05363645450601748,0.05666374145747882,0.034565410750777716,0.05863825498770873,0.05474111058312842,0.041813932907367374,0.0434645025367663,0.04310964800575783,0.05957231872187829,0.0660459866409918,0.04474083081650086,0.06198578893711864,0.041963809087149806,0.05214907564200528,0.041653909357729474,0.060511658589254905,0.07085793859567091,0.032065752487631737,0.05124783205577811,0.06685143552775516,0.03825090767623186,0.047970589046521135,0.052140853871780274,0.05173400788708435,0.04951854577125608,0.053288366817177385,0.049803891998116925,0.05933590893986459,0.05718109671899102,0.036183047427208515,0.05609324560609548,0.04542294496217843,0.04618697680070385,0.055325699043495345,0.044421795445145684,0.058594993762768624,0.06363516838713866,0.06538578675931929,0.05778243550554754,0.06561247002112659,0.0391535894749145,0.057281935206378885,0.04613885244410389,0.06263608285430047,0.05483906461634214,0.0571630844595917,0.05750891407691673,0.03877788512744981,0.03879497431457871,0.043054999476452006,0.05532775453583924,0.04495367648862229,0.05121176456977576,0.07217648909614319,0.04612525000335585,0.05309290629281201,0.05258361113947446,0.052192139292991664,0.05121478850804036,0.06561199830322713,0.06929416893634807,0.055229534016579804,0.04668174190322124,0.05990747137777852,0.03856623979482631,0.051539381174593106,0.05532089969339044,0.06601518853306737,0.047615427288854796,0.055793652708287046,0.05938965881187464,0.04890217080907348,0.06268652289651866,0.0437037765421294,0.040957880133076954,0.046223890996951594,0.04558248735433517
23,0.04332221979692369,0.0426143750471169,0.05745531948486667,0.059632191238584965,0.058755469966156576,0.050149785857959095,0.07021062949263282,0.048723179138220975,0.059784439018290836,0.05982338121646695,0.06854502014480739,0.05955852043729747,0.05635351480937986,0.04431818396291869,0.04476422324357845,0.04013431337310577,0.05916831610564082,0.040516134813457526,0.04591134205285238,0.07274459779555094,0.04969161424037618,0.08267814761209945,0.048211409976693154,0.05763010394627272,0.05432043743216609,0.04694544249546434,0.06087596930740671,0.05544424616085105,0.05628422313843939,0.05485156425087508,0.04699498227322278,0.06373217120403198,0.058719693266890104,0.045683177254805904,0.038861819882921596,0.06218393843544273,0.0548355343705404,0.055330859825838685,0.056069264509106036,0.0521429886854464,0.04020700195455103,0.044102395451261885,0.053649672729573016,0.03622733095348414,0.05757914641343927,0.04955464238612591,0.043157616227442734,0.05415615804377245,0.05136954408705091,0.04993176453549204,0.06341384904599182,0.03194072322616496,0.04740623996532317,0.01703336073976683,0.05882249105092226,0.05275384839613271,0.05489867344251687,0.05109743687631339,0.060751277934488236,0.05471046976482712,0.05651926153621626,0.05216621860504851,0.0663611314058334,0.05519997239631265,0.03336471137505034,0.04962535444316476,0.05397106689560714,0.04700224680947817,0.03760305379248836,0.061975704086097066,0.056857350547480194,0.04363096058955449,0.07607924032821617,0.042191775026342165,0.04116016744458453,0.05442717621055121,0.05821407562175202,0.052426045508819144,0.05538264159729247,0.056145779088594035,0.06378078603012896,0.04761820595941346,0.052557933034539095,0.04996519141498761,0.057489196507929365,0.04670844579158711,0.03991042850661984,0.04096013148273996,0.07113535796247528,0.05304422533029627,0.054352583760083915,0.05403711237218133,0.040168519620115604,0.04943162633744609,0.04863209938964694,0.05230599236483115,0.05475090227517493,0.04288361733079693,0.05231204973093053,0.05726200659478917,0.04830725192861716,0.03410956492556402,0.05547587902173254,0.05910171137413468,0.060570658876140895,0.03395463103533216,0.04677678455495062,0.04822558323552161,0.050262990510588836,0.05296487220384315,0.05924622502992843,0.050529780416680194,0.04948693711572625,0.052905070392591035,0.043963415709118533,0.040370479806441484,0.05835675873686252,0.05167083054202685,0.06692168149964837,0.04686037060866454,0.05227590636212586,0.04373891728353785,0.05791918721977973,0.051885514651671155,0.05836552702098966,0.03137411386339694,0.05815697753979529,0.05396614269161626,0.039133930881416104,0.04169084758315657,0.04465804413075888,0.05600687709919534,0.06661676872743133,0.046129595489042226,0.06364464045624899,0.042859839399228966,0.05230317371643866,0.039747664360694004,0.060316309837945205,0.07047392662664176,0.026541418313508588,0.047441859436858115,0.06473796238451368,0.04099547673000667,0.04751744215952691,0.05418627007632414,0.05034584132803639,0.049460132036242103,0.05216677017204659,0.049587503882822424,0.06211916281990263,0.058875950228353034,0.03315050433013373,0.05971334316643592,0.04574921565711046,0.048859506479457096,0.05133422377595162,0.04513262320013976,0.05959606372580526,0.06580915553889771,0.068337590945787,0.05675979249759918,0.06811381684099531,0.04129564006663508,0.05657119862610004,0.048790589472912926,0.061432928592494565,0.05447067209764674,0.056459360749504806,0.053976753933171535,0.039707994929219,0.03486727978469299,0.04516411605971944,0.055522267471534895,0.04886619605942246,0.055372282158350765,0.07317704158983805,0.04726450621601534,0.05303714289544656,0.05124822442748759,0.04976979458726244,0.0516967184482207,0.0669064443327475,0.06861591528885032,0.05681221580544758,0.04781894111104781,0.061121162782482266,0.03976722655987416,0.053334045232445226,0.049926968020517604,0.06676998038746684,0.046857378991448276,0.05170144981375915,0.05914132651576664,0.05201208807254021,0.05977532600678601,0.043944711358116395,0.039520156891943506,0.04537800149203073,0.04522843796840849
24,0.04292035060423547,0.041082769953251205,0.058227596871630385,0.05874799361139288,0.05824287862727074,0.05198997402637223,0.06754522934176435,0.04641419247449403,0.060066304812626516,0.06070973925250945,0.06993296242310279,0.05786707204798634,0.052594313406049246,0.04647946112686504,0.04500543805523326,0.03790201823332033,0.05984058287409241,0.038324408513272394,0.05042461078795234,0.07091396853872758,0.05176292123021084,0.08356907429266766,0.055882831185506764,0.05605423592042452,0.057952515183718835,0.047896936442155987,0.060475931292493526,0.054586961519853094,0.05397806606970682,0.052382941154148446,0.04508617108345843,0.06521229760456956,0.06078374846885475,0.04044927524649342,0.04290933782839995,0.06373854956594516,0.05963281460323974,0.051198767859152366,0.05511299555156385,0.051101139574708465,0.03573995352982424,0.04557925224696775,0.05473720083768734,0.03893039763570734,0.05397826215108167,0.04403561362816197,0.04218774793874436,0.05689246272727488,0.05176047613377491,0.04949118037624623,0.0648655852363637,0.029453903189283943,0.04944687756561449,0.017782791955941072,0.05903325948352556,0.05375531534656833,0.05253513525497836,0.048840318937617304,0.06314195965262755,0.05559623890666212,0.05330314118314223,0.050398577935543525,0.06743538598854838,0.05718025757263386,0.03444487288406928,0.048116920062676566,0.05460587364246441,0.04347664919201604,0.03645205768945439,0.06178847765019868,0.06025247538201215,0.04337800211914959,0.08127062487957888,0.042736217431379134,0.040431678724446564,0.04826465468441045,0.05894840565872201,0.04828503629549954,0.05534468992013881,0.05542130992402931,0.058718767582732624,0.04814962600574856,0.0535825706965294,0.04760214935715808,0.05343059910706391,0.04472441049009232,0.0423819378205089,0.04303005272796462,0.07150299593642687,0.05569397443724097,0.05299346563920107,0.05323492465229235,0.03961803021273356,0.05117975401807223,0.0443144274821624,0.05421736494837056,0.0512596029647878,0.04338140941549134,0.05469084121683875,0.058492131564280854,0.048286835508798975,0.03091642767133393,0.05590585751254038,0.0567376116256043,0.06240900466973566,0.03254837511909328,0.045442241204403495,0.045963058626602056,0.05200560141445455,0.04691051011364257,0.05885830600970702,0.05484789675848951,0.04519279888175496,0.058752933633043763,0.03912210965098585,0.04106951746263258,0.061481711508164116,0.05232147270937559,0.0636179087739729,0.0496851929805586,0.05322483945981399,0.047472032993486346,0.058733868135173915,0.05228506781817546,0.05348868357953892,0.0332137835643345,0.0551765818452095,0.05500974608738883,0.0423040150303448,0.04044005326386292,0.0464678956179316,0.05560859989167532,0.06961135310726499,0.0476477208579497,0.06812262546114808,0.042203235048795265,0.05828612784323015,0.037369047694010386,0.06022854812807297,0.07614835356936676,0.029601951791974036,0.04886029892299236,0.06518105029092423,0.04127848460554766,0.04658779852226174,0.05210203748793279,0.048229613540205156,0.04891857676580622,0.049959348143143296,0.048759992581667376,0.0643125210845883,0.0593130028702971,0.03113283813589645,0.05962028444163001,0.042888285700604024,0.05194687914922019,0.05029138217539968,0.04845306643314231,0.05653683154083368,0.06244097385749509,0.0704438951735691,0.059207210532248165,0.07289307538271263,0.04027565829398391,0.05322096939436645,0.045712776560014365,0.06427405424124566,0.052840229661325996,0.05697519770918002,0.05700916585311182,0.039848366879089915,0.03212896517045201,0.050281387493551384,0.05712843611115083,0.046222848779992665,0.053766763697279264,0.07280211663216292,0.047869792493074714,0.052212962094276776,0.050289787520452024,0.04846482925753898,0.05186358907010834,0.06692099584586145,0.06878219171771359,0.05715201498189041,0.04827147456928132,0.062257861249032834,0.04107946581304907,0.05292624280571758,0.05249804727709881,0.06622726102201423,0.05228198590994535,0.04981487888736054,0.06083633373448014,0.05025175163691645,0.060101095125585015,0.04374001489378388,0.039140626636093766,0.042402651057688596,0.04423937061495762
25,0.04468468030370754,0.03818763483359139,0.0631770497934453,0.05564768629850913,0.057620764371185185,0.05605515898936128,0.06457271286919516,0.041314130863228604,0.06008385971405495,0.06107844005879405,0.07384487373717767,0.056949089542036195,0.04955305049476792,0.045180873559506285,0.04349338922118341,0.03821752745513323,0.06245459750560733,0.044060410868080734,0.05096620451171984,0.07317911416453594,0.0537750659490204,0.08262403122047955,0.05882558237607803,0.054636306810919286,0.057769672600928024,0.0457447132931286,0.06082193132914699,0.053865910929536735,0.05958743001195256,0.05703646242221707,0.04396011862211812,0.06316354494975657,0.06304339847461717,0.0432691331154204,0.04653634547301225,0.06414004558154089,0.06013954860888849,0.05364371959145343,0.05439397784399536,0.05247817474850644,0.03674827057583244,0.04379147662684978,0.055011579120363245,0.038437294342805996,0.05714758737712978,0.040439077823279,0.04257177506052885,0.0577657116396866,0.0491377253879943,0.045423607456957754,0.06658855991143203,0.03269155711471937,0.0492038555259073,0.014411533920440006,0.058978117085875865,0.05307868530542389,0.05140189084749636,0.04760768856154943,0.06281716684208016,0.06013960136237951,0.05037474071455897,0.05277990865846918,0.06861782807355987,0.060668876848205086,0.0385016636243773,0.043633884008326976,0.05410133585234632,0.04531153258266266,0.03586812172089237,0.06449594242137532,0.05928758962422663,0.043441442504441895,0.08044879141224198,0.046588766487566546,0.03782811510835659,0.05190167097573789,0.054437189183946806,0.048973458249882654,0.05719455502357623,0.05393768048403364,0.053682423237412576,0.05114601949075671,0.054035308513095445,0.048172176498785094,0.05135665551221689,0.048856177216540286,0.040912518719232877,0.04254106145186004,0.06982134361301519,0.05687668080448234,0.05341654465592363,0.053280422275753456,0.03805459987152787,0.048175197782220784,0.0454630670752261,0.05278289008824877,0.04953504819942168,0.03948940245936817,0.05400373463024618,0.05932421783570756,0.04709240755572619,0.033403772404521304,0.05953686333814885,0.06298544195928746,0.0649461637297783,0.032780785393318926,0.04166024922459487,0.0468056086917767,0.05110994618324378,0.050363282728732986,0.05473499424836943,0.05610589016232733,0.0458211598603825,0.06325066148324018,0.03804743010111544,0.04111209027304173,0.057691499167413625,0.055160189213649916,0.058891897252634336,0.051220818230033785,0.051579237905338374,0.04725197303458682,0.05924283529677895,0.04811237301947947,0.05481187375392235,0.033377440356130994,0.05545527597981953,0.05532792338823299,0.03911020213333504,0.039482051534343754,0.04523550779127481,0.05132658508684572,0.07021446483681784,0.0485238666040859,0.07125835441914136,0.041587119353025455,0.053027738032275555,0.03636017983947952,0.060367192962522534,0.07665987902010507,0.03172096058615084,0.05076966018975512,0.0643844164592112,0.04001579498569583,0.04553097286101154,0.054634262430408226,0.04910084557102563,0.04833581501213122,0.04787457794623412,0.045304970932358156,0.067573146154373,0.057081627271796345,0.028179329899166796,0.054700252800536524,0.046088948378015596,0.0498441055947043,0.048181825477350684,0.05224962618873246,0.0577077361554748,0.06431924612891474,0.06823584826191276,0.05763112606608283,0.07224930334336227,0.04138665849888681,0.052602760723280136,0.04602910597406518,0.06486544053071673,0.04933214673829269,0.05675440639146137,0.05425236403581067,0.03991922309618059,0.033737174804085744,0.0492373821601334,0.051310124415542335,0.05055578623824185,0.05606366588539835,0.07514519986186131,0.044424029567067806,0.05077021992022171,0.049574150621841874,0.04879462437495857,0.05249449614671045,0.06315304522697034,0.06804573168202646,0.058396222306344586,0.048745415315548025,0.0645172557043943,0.04120919431962069,0.049594810935696884,0.05726360575185542,0.0638274276527602,0.049839740262355575,0.049564664957279424,0.06838276026100837,0.04554195562775463,0.05946459095466314,0.045374982276327004,0.03765266154508836,0.04051831690516461,0.04435645035338717
26,0.03933338547051764,0.04106256393504158,0.06321965810742185,0.05606139874913317,0.05601788491607199,0.05377213468632328,0.06584571794551554,0.03926591210833751,0.06077007770255397,0.061245388355442694,0.0740451802516976,0.0562096978438944,0.0494616405232887,0.04702529697152845,0.04286831489921137,0.03537742164280567,0.062390877818805986,0.04290360295539717,0.050458504343053434,0.07279089953632487,0.05301859039039148,0.082456416475693,0.058106669753981946,0.052422705182387855,0.05720403940647095,0.04200877302211084,0.06173533660182693,0.055689966338786985,0.06273526284352264,0.061849727719301494,0.043270614457361606,0.06124894694771462,0.06101674307814655,0.04107736246572158,0.04839534764035678,0.06412217253694254,0.05933789790871139,0.0538203909943159,0.0499207720988343,0.04937863843434134,0.032987977301865326,0.042317629726808616,0.054798346580864285,0.03892643103845125,0.05728381763460662,0.039228435204633066,0.0466109714817293,0.058036898010993945,0.04679407210538054,0.04910932547346897,0.06699960962496686,0.03733403680674501,0.05181192910122122,0.016583447690140335,0.05745437561844474,0.05573298573356806,0.05226900667072739,0.04755191457367707,0.06080650759606696,0.05668620865077177,0.04876629242110855,0.05115490701008392,0.06593331055848002,0.060394930606223834,0.03968797091921869,0.042261020277338496,0.0578054788213478,0.04975443712198632,0.03369133505616017,0.06351360664482678,0.06553327679187737,0.042379656947940006,0.08112390692313677,0.04722877326200672,0.03604594709435917,0.0500502843452322,0.0515532050845382,0.04877415574559774,0.05578407322065998,0.04953991230582045,0.053218346041663964,0.05181092802906897,0.05240213503365467,0.04511338875369754,0.04677737443348372,0.04615221429815021,0.04102578276861821,0.04322114948083121,0.07015261594242296,0.057554590174181935,0.05600228349300978,0.05678456182484034,0.035845885406777314,0.045082190792742616,0.048423247060008064,0.054258988232946184,0.05058783397478395,0.03843633803953191,0.05440003201166772,0.059869194509199336,0.045978794163064884,0.03559548343510964,0.05935404026006149,0.06359694713894673,0.06611798592999678,0.0342419615525052,0.04546885098933226,0.045916790098772156,0.050058779949431434,0.044456087627113186,0.05648402686662844,0.0540579812673507,0.04792687338265216,0.06273567837142924,0.03718020230859605,0.04242711047551163,0.05543092974089745,0.05262270263481564,0.057704167224462324,0.0454471477483949,0.049474718103224596,0.05047921268416581,0.05929101196744731,0.04859522008652842,0.05326936209537686,0.02993274036306607,0.05473187078417888,0.05432031709649888,0.03925684004665208,0.041414786085018404,0.04982647893987825,0.05137317228537089,0.07237615299487456,0.04682543640497981,0.07093137959334511,0.0423677820545778,0.05276393403326939,0.03682798001248336,0.05911649255454238,0.07465361884649677,0.030535175185719816,0.04811507244599491,0.061549552014093574,0.038815141707204785,0.04614586294088494,0.055178008620045314,0.04975977454955447,0.04497560150462313,0.04688581445512808,0.04380956656876573,0.06443645527534572,0.05880310197389314,0.027438904337412973,0.05249692223982128,0.04691806228581625,0.04776080919783469,0.045346317500857124,0.04847812325120592,0.056161756302599966,0.06785500587065434,0.0668872174240231,0.05705868677811685,0.06535079776378944,0.048089062553303225,0.05385078500324499,0.04824557431486512,0.06708036461191129,0.04981210718357148,0.05498835904610875,0.0564748836556977,0.03872707002669594,0.035747331466693025,0.047046337011004934,0.05060641169875584,0.05318829699485448,0.05386485285267021,0.07664870191568665,0.045267757879137865,0.05176086736082122,0.052756452879819456,0.04988911980270096,0.05354876374244355,0.06245305354701029,0.0680153585563524,0.06125981464445966,0.049002736690181174,0.07110321506331457,0.038855334571081826,0.04876822487815063,0.059965937118588414,0.06782996392058808,0.04811123794125762,0.05259675609469177,0.07019198010276963,0.04724895378487381,0.058977983368414214,0.04548598186232444,0.03716014712863042,0.04162269534458104,0.04472121381335739
27,0.03895738299744824,0.04383254601495266,0.0607225781229238,0.05814253950423778,0.05597276257589667,0.056873358761894456,0.06815773121008334,0.04078815767415418,0.060042555688451814,0.061544435247354735,0.07424287369612208,0.053127203560580025,0.04299236752332934,0.04868859125624293,0.04321453193878925,0.036442200541845375,0.06528028722442095,0.04368047760296462,0.048279558438524064,0.07965507259237992,0.05653348549043399,0.08269677491561861,0.05604852223861544,0.05256669541193647,0.05960405412981237,0.04124775671844536,0.06200957563439465,0.06164845716770529,0.06254114820056374,0.05897202678871707,0.03323264838816398,0.06305818273281963,0.0653548092031626,0.04167123925555136,0.04982319313185514,0.06699578247623637,0.06071128375976007,0.05400784030813305,0.04396099554624735,0.04724368217377267,0.03567679635111119,0.04091008883547987,0.053791840510709364,0.04062644347292617,0.05682777739177429,0.041771310036186546,0.052213329780294804,0.05608663985725826,0.044803561531469166,0.04584907866821881,0.06752833248122939,0.04015350678576995,0.050521510674640016,0.016483296671686305,0.05435542114423443,0.055526112094003106,0.05123016883507383,0.04755288656491508,0.05960814638648048,0.058797964546456596,0.051167239636286076,0.05159876395962916,0.06691791707077495,0.0662870437929304,0.0432065102492055,0.04253431502129159,0.06201049767591987,0.0453449597160232,0.036844416936784904,0.06711225519138617,0.06311684634809037,0.03993942637688327,0.0826352504473102,0.0494743351516347,0.031570638004132415,0.04815017161783555,0.05131045507601752,0.054318389503813756,0.05399290422896465,0.04720428312889445,0.05174844253998084,0.052383010632844174,0.05722444424622577,0.04680595100508358,0.04102770769739378,0.045322619874030204,0.0408577233845349,0.039823516329131045,0.07084015871767728,0.05247625784712271,0.05511468202827311,0.05749699773539896,0.03818484835995218,0.04466910242171448,0.04653170716086978,0.0561481189654528,0.04739698070315419,0.03395405995012058,0.05539087781402087,0.06008963112668931,0.039363534286607015,0.040958618373926066,0.062267825057356264,0.06143037514944986,0.06656393208564332,0.038122382815173494,0.045713404089531166,0.042041447409936775,0.04815914127459733,0.04532447789737058,0.054007796354848696,0.0549111532769799,0.048983477250106634,0.062044772426289405,0.040141918587269634,0.040280899584636674,0.0553798846378744,0.05442700584501511,0.05609463856120464,0.04789301821838885,0.04529742067643303,0.048289710600300406,0.06060575936799982,0.04393377661230543,0.04840909928911935,0.02954677773741292,0.05569264210190309,0.05417339355439944,0.038314084413726295,0.043439641033178635,0.04724741691714381,0.0517345244723932,0.06796494385211217,0.043198261184742404,0.06655261184611626,0.041022422510556766,0.051075554428565276,0.038187233769644474,0.05824929201569603,0.07170121909974517,0.030796834914168052,0.04581977276744275,0.06417951281809874,0.041530179734598625,0.047985247469187274,0.05494853042325992,0.0482636761889435,0.045231266076389866,0.047805512935029576,0.04276845192199278,0.06660654279748197,0.05730594298198598,0.02743821648835381,0.056473708551745584,0.04818116717058556,0.04996563309377725,0.045516741451554786,0.04368246243434529,0.05011063750748889,0.06610156234290077,0.06809454701191116,0.05657462721343085,0.06034488440589705,0.04701168157217857,0.054693481207578255,0.047519899000832644,0.0638626309592666,0.052740445650680735,0.05448794191621524,0.059488012817726976,0.036743825234265795,0.03841614820653068,0.04704631737143639,0.049593096158979416,0.05145210616422544,0.05033974083330714,0.07536997866758026,0.04263345423427882,0.04979214011364158,0.05000821894789789,0.045749817360012476,0.055608777983142385,0.06158403541550237,0.06790993550332625,0.06274731493158348,0.042889261476798494,0.06809708245167084,0.03648685216011775,0.04861712886824232,0.05962602113707469,0.07003228275677265,0.04888496838751546,0.0564082731420063,0.0702188134219569,0.047309494956059704,0.05763157571697555,0.04760586286939454,0.03661371239473686,0.04134008969734985,0.04627570114953371
28,0.03857958678079437,0.04301797141467223,0.06139389172678557,0.056122089944107785,0.05683747245562128,0.05849126086949892,0.06979980984697863,0.04178087813460233,0.05722006638851967,0.06529531218035055,0.07754680380311756,0.057386313385248536,0.041898686381419054,0.050337723032580266,0.04249676241787906,0.03781095000162901,0.06504336143741404,0.04390235125232347,0.04790901578685514,0.0804517464060621,0.05965534360692163,0.08231700715761019,0.05609246989387306,0.04862742595173542,0.05934507802802743,0.042256321700170664,0.06247301660932733,0.060753751589423186,0.06084149446073282,0.05708749911357186,0.02956242655652415,0.06312494441375337,0.06488350598626244,0.04353100528114386,0.05365207113679691,0.06824650110840759,0.060453744958720745,0.05749584839683069,0.04438749242469421,0.04437644578721283,0.034665303921909925,0.04095240577369199,0.05466902030178225,0.04264825856531775,0.05534074838064015,0.03870417478180615,0.054534392356358395,0.06047527188642183,0.045464556940769014,0.04734407185767147,0.06442097341890737,0.03962741272617975,0.04923459432353373,0.014707127519007487,0.054342472415925186,0.05887712940685888,0.05216332801066842,0.046873289069884846,0.06261729809652156,0.05817036594710292,0.053884051005765446,0.05083226586205906,0.06644726242677554,0.06385562360750159,0.04308963887077928,0.03945568204652739,0.06319255855225946,0.04208957257361094,0.036672974235293795,0.06113194127180541,0.05892890981064779,0.04033538328350876,0.08636502884960695,0.04407849697356419,0.036871447161695034,0.0457521490252722,0.051151421890558484,0.05823679978638905,0.052668622490216026,0.050701028988650636,0.053335019945026124,0.051778964740501886,0.05770791641613613,0.04653729202144304,0.03926206657162183,0.04413772292535124,0.041605733828273116,0.03553988990896993,0.06835671730887229,0.052098016934170294,0.054410709835895986,0.052072317110024594,0.03874108712026703,0.043740346145261115,0.042529625954583046,0.05897369909589867,0.046700492985875836,0.03874823039266582,0.055328276078962936,0.05623586331267477,0.04004197177046883,0.04110483969632069,0.05961815226363559,0.061514951294543305,0.06303453479618391,0.03482620690905941,0.043109292692222,0.04226633789911886,0.048847380238626684,0.048047188663210554,0.05607367605088732,0.05302678208460884,0.04951988224924838,0.05645194036868325,0.04124318652280624,0.037656393918598846,0.05554147332639208,0.050784599680935856,0.0538989147695943,0.04713245518927488,0.04738364008364949,0.048690584841488346,0.05994266318123035,0.04159971130309116,0.04432255397608477,0.02582627304783408,0.05818125367532121,0.051713965797814884,0.03817405370547759,0.044525097599845735,0.046516327557923,0.05400286286930335,0.06677664685110228,0.04184788663667779,0.06536223142804608,0.039113372227776826,0.05004549141940794,0.03521799825770419,0.05425326505799975,0.06923464749705129,0.0340154924812273,0.04620770674160794,0.06648450137815255,0.04576635387526852,0.045407267707782195,0.05250345223899763,0.047148976408307994,0.04753370457482746,0.049606554443264186,0.039048631966140564,0.06775930865230058,0.05519188810992668,0.02694621221920209,0.058947194167849416,0.047665734021759526,0.051647334110212315,0.04562297514120398,0.04104320711330078,0.053830781155592845,0.06999381212769507,0.0685402306158301,0.057927807046048024,0.05679931045208086,0.04751127248597169,0.05559138014754879,0.04571512181323661,0.06262320478017425,0.05401719147584591,0.05704938387722476,0.058887653914731934,0.03849319187303585,0.03992161879822029,0.04849274644080455,0.05153571110838201,0.05460719448280001,0.04660987631344195,0.07619405038634966,0.04323520755430456,0.04936478026968742,0.05359014567789548,0.04369035348736191,0.05746983151924123,0.05875592926794292,0.06828113001087296,0.06200759916724218,0.04248615867417514,0.06560777617044114,0.03869871780082353,0.0531233915101587,0.054300031996375044,0.06675453756389015,0.048526638764728826,0.05638770972677862,0.06834362745601565,0.04618240436114678,0.05654510171625255,0.04619234407058887,0.037943722480544825,0.0411513861491251,0.048052795885451
29,0.041549452138212394,0.04120864949487145,0.05904607929609865,0.05475180876094586,0.057832652536534045,0.05590322118264997,0.0751509242792022,0.03744204453094785,0.05665625906663657,0.06432622376751976,0.07723099032792921,0.059578206413215956,0.04622520086746109,0.04846815443489423,0.04282262959136545,0.04383952215915024,0.06644646935418308,0.04612730003352597,0.04964478969718271,0.07980006829961382,0.060903140704847175,0.08291304571082765,0.057676383503788405,0.04980260929819342,0.05902023553688893,0.04121456418261424,0.06362794966868737,0.057541746266366545,0.06218549164604758,0.060362134051295674,0.03090697217399283,0.06384426074768546,0.06589061470705355,0.04432585258123325,0.05571621376538156,0.06833965145073785,0.06295686652750751,0.05613520814053566,0.04405422652043517,0.04117836017302048,0.03640965696616039,0.03654139064084654,0.05164881268302359,0.045064073167021955,0.05434202777973631,0.03564143119397873,0.05214662178183686,0.05673393127924882,0.04308268589996284,0.04494540927332206,0.06104299126661269,0.03346197038271774,0.05030646881329895,0.011164777385341626,0.05686781213923059,0.05269018171583647,0.05420643020683711,0.05054052399999433,0.0646236990532015,0.05624250903952946,0.05705549809333961,0.05319354243059427,0.06553138201513355,0.06525481659862929,0.0434224439886955,0.0427569906810789,0.06301747803319713,0.04527260952668602,0.037067757474897996,0.06396049560398012,0.058101285750629526,0.03822747868651525,0.08482350657659561,0.04582667297345148,0.03430001273544049,0.045657121955739455,0.0538237918644561,0.05277659236696007,0.05389924086205215,0.05312906756107232,0.05112643950021467,0.05278938510662451,0.05748960199674908,0.04327740266594826,0.03684650172288628,0.039632415361738206,0.04242635155592078,0.038876453045660155,0.06344085423815972,0.05263698264366876,0.04894395244455516,0.054760172753525335,0.03715129784819774,0.04271908952114106,0.04272394081535201,0.05687656845500462,0.039774915986736006,0.04098673184613351,0.05574775207612448,0.05994509805241887,0.04216933304597173,0.04029889568939225,0.06452812073778677,0.05890960644946933,0.06133768079622358,0.03630634818131146,0.04330805176271053,0.04572885882699513,0.04689176069608033,0.05325786243294243,0.06026325011353809,0.05382915243613362,0.05161507305782518,0.0567183216760083,0.04297130894784995,0.03772988203733965,0.0556339040530407,0.048673632899353746,0.051933971233983765,0.04927190993212233,0.045771750913391356,0.044695252957204765,0.05660334306158571,0.04143842508109228,0.04982471429724586,0.023320405253690696,0.05479315389487248,0.05407217384201694,0.039447687345609925,0.04230975764640984,0.04837079024628249,0.0539345178380609,0.06533405554350673,0.04497464965415792,0.06865025751596043,0.03866255317358888,0.04593038190539514,0.03363916454337565,0.05561348034686598,0.06933991806744368,0.038869817739031615,0.050355590101922025,0.060965919523529866,0.04311318484868832,0.046698976472995785,0.05580584895918776,0.04877469292333124,0.04594058441118419,0.05184382202712341,0.04128671953984006,0.06648321844805669,0.05615432082252317,0.02797385662586693,0.05842392189540564,0.04941564479719488,0.051368842400735706,0.043876648610260346,0.04207884906018918,0.04970867863282987,0.07057510808821972,0.06880594937372839,0.05657691686475041,0.0566043255003298,0.05193549390643691,0.05609458742351258,0.04881208193491881,0.06171702038622197,0.05291612646884867,0.054251230896541665,0.06448880100947825,0.03746582723884587,0.042239596402288346,0.04667892806330803,0.05257722709148979,0.05248332917859152,0.046899332484401306,0.07726397743624275,0.04425992252035685,0.0498632895258619,0.050032815322055155,0.04496630881151415,0.05910561365394879,0.060512182896819366,0.0701310236319887,0.061660985153176744,0.044221100221236806,0.06337227554281195,0.03914371916008837,0.05502173981382748,0.05357926301189641,0.07013377719041144,0.050379562406916614,0.05522854240223679,0.0665200748299673,0.04321897903611552,0.05414826911139925,0.04601474305917512,0.03838750045794126,0.03946873387980075,0.046487007278357875
30,0.0409684029146951,0.038922571362990155,0.060204105407404465,0.053461890426074805,0.05830296204097265,0.05753709904647486,0.0777967996889035,0.03722564849006032,0.05551765695454392,0.06556656512750657,0.07620397379405126,0.058284122505771224,0.04454954344119824,0.04799737135881465,0.045839332226984955,0.04270555620728754,0.063758267579785,0.04498517860676613,0.04843716931647765,0.08123030660634342,0.06286750230003495,0.08716600882686955,0.05600332677390252,0.05106427820923679,0.06122743199865667,0.042071521948196716,0.06467921024250624,0.06099380326501621,0.06595414382307647,0.06442349838599086,0.03429213685290558,0.06283416712062723,0.06691091397974613,0.04593890415774724,0.05593347123926236,0.06928101636791657,0.06521693073124284,0.05288986871795669,0.04439275316688719,0.040061262823255894,0.036865653716668736,0.03539887856765218,0.05008626968349671,0.045425894061330054,0.053059809586443005,0.034512183862037096,0.05265457191356901,0.05764609836636242,0.04525457573443035,0.04695734320308165,0.06214533534653331,0.035901436157075084,0.048964151215477016,0.012545604803551297,0.05674691293646055,0.05132870745459622,0.050402372973219436,0.04605319516132138,0.06212676113645937,0.05942914820470254,0.052680784426896096,0.05097418156283826,0.06544048343786496,0.06826437752411127,0.0438992212692569,0.03999192312389654,0.05826821815853901,0.04806783687835035,0.03989716967513437,0.06360445377439007,0.05848930142776974,0.03660135369527189,0.08575292630397745,0.04501932379301491,0.03402933444473057,0.04168388259158173,0.052843180385024925,0.05727812957192308,0.05558139784688381,0.05568449849358838,0.04816033091067815,0.0563350077271419,0.058103078055345335,0.04206090175430644,0.03361566837400552,0.03851316331572355,0.04404340590729999,0.037728294824092574,0.056907831283699084,0.04788295929155847,0.05203239507532414,0.05498145625796776,0.03983409399718188,0.04489477897292251,0.04448571159810419,0.058914699685099214,0.040137915035578,0.04475696522961065,0.057844667200243144,0.06462462894490274,0.04167457886577838,0.03965157388010783,0.06747829568248846,0.05853018618888873,0.0588884439503019,0.036895605133042304,0.046322472989939856,0.0488516517390885,0.04942422082647489,0.05229623721829668,0.061056311522382875,0.05413338595920491,0.051009675091428314,0.04973917953791048,0.046303991315369435,0.03237924682498778,0.05570108382539194,0.048820825535838254,0.05137537798041155,0.0466337138806697,0.04720382589476886,0.04197243384714494,0.06383760780480109,0.043111707084584346,0.04965416947466085,0.026698166329889205,0.05247988408325556,0.05224164432556705,0.03940735623813922,0.0455622163211921,0.04687427518663192,0.05775640291444869,0.06502490682731743,0.039555711140144036,0.06745127346170836,0.037579647951227105,0.04782174485471008,0.03154688333014307,0.05732040708292942,0.07210405845364878,0.03393944932289928,0.0484770054209232,0.05968241607410443,0.036439135519174645,0.04242997368154492,0.05099081021494031,0.047882509899838326,0.04778617147075644,0.05576177192440025,0.03982265710384514,0.06442440409677845,0.058046456921763516,0.026863520521939126,0.06335770534101728,0.05171805862381507,0.048938203169374486,0.03622687615065796,0.04267185025001588,0.05082578533783785,0.06667580731995423,0.06681029766339329,0.056511086911168955,0.054665461214286344,0.05191019573899823,0.049483712973576024,0.045963196047641895,0.06159530118360044,0.0545834001299667,0.05684832670042711,0.06523633735794458,0.03685752902759495,0.038225073133116405,0.04219215282996536,0.052069646647662345,0.052856111404553395,0.051774290136863195,0.07895814840258561,0.042813688411478444,0.04657020959710969,0.050593879651120804,0.04363657672447101,0.05871253989751406,0.06275145779696678,0.07352460827096048,0.06111676845081375,0.04417544227425545,0.057112535348242705,0.039781022608951,0.057352896562843064,0.049720787548049025,0.06741694993874672,0.049474072651417546,0.050986204860099936,0.07021381068153522,0.04494492435394304,0.05084812376804462,0.05003477254418314,0.038161599086569784,0.04015594035145885,0.047371831077592755
31,0.04619967801887739,0.041594266540043834,0.060177015612393234,0.055757370688197555,0.06091060371854054,0.056522804798688445,0.07805311689095394,0.039085366033364946,0.055315339320358044,0.06271115990447584,0.07207824485521165,0.05650958662079225,0.04863656696302777,0.05190963310352743,0.04704980530768087,0.04574840053445762,0.059964937081877875,0.04494556409134419,0.049191882580443914,0.07907589821507394,0.05890778487240773,0.08621681616918264,0.05598980956818179,0.05561275677671167,0.06265134864351693,0.040597868211989026,0.06335650130636346,0.05958076136340963,0.06482163297605853,0.06100959717185404,0.031710200796814345,0.06296434455219861,0.06443000029664137,0.04618233173329974,0.052316632219699635,0.06834649619893388,0.06387364196073533,0.04985575843079603,0.041784667070066686,0.038983762743009055,0.037270681826627426,0.03199106504592099,0.052026003100250864,0.04088991152119939,0.0520777052253573,0.03829678671633987,0.053024614532965,0.056980259005855856,0.04225123424535662,0.04774427237537875,0.058437217915105366,0.03479980566690282,0.04671816885702191,0.013276655241025864,0.058173659469520855,0.052147501922088196,0.049574676870923144,0.045553658446763054,0.06447827227260046,0.06168867662694718,0.05242961619854548,0.05182327601140443,0.0649068223589063,0.0688915675893517,0.04373008339497756,0.03573065927436567,0.06282070519783056,0.04964379692867529,0.04231824891337044,0.06458039779440052,0.057175623121582544,0.03816391593129351,0.08429959830232149,0.044961561930165664,0.029209526110465928,0.03547128889361631,0.05325468089873306,0.05555532897688281,0.05366888046298874,0.05424211237919239,0.048416896099174746,0.05728678013579427,0.0578796266791736,0.044399462961252086,0.037166866944916374,0.03631329478491286,0.04559409624510772,0.03613838457698261,0.05398921518880152,0.04779581629256273,0.04524228974471847,0.05733256362106388,0.03713093783763725,0.0462008836068602,0.04609032303471932,0.05533776588605256,0.04331578322339069,0.043290371172464606,0.055568440122994785,0.061622966239438436,0.03948122541138519,0.04106148973298694,0.06785576686367577,0.05798956222775123,0.05663986270120092,0.03877911649843517,0.04732080270358164,0.0497552067639005,0.052598676696180506,0.05468141211343579,0.06051842973676467,0.05617400623684836,0.0512914230301679,0.048939040360825206,0.052852033828398676,0.03042209638334942,0.05347681107846313,0.05149778676572999,0.0520570948531397,0.046580870971408575,0.051257957898022226,0.04632542775954075,0.06644766421578653,0.039987060131972944,0.04871715675185809,0.02779767855250421,0.05116106278817009,0.054008450921589735,0.04067941847050393,0.04216543720045412,0.049123283531780526,0.05482664272078937,0.06470465712302442,0.03568269627312166,0.0631097275188049,0.042152404511949466,0.044854985811472466,0.02745610350843926,0.05969817138936774,0.0766261465160531,0.03634053147691727,0.04731890259574833,0.05913985511492543,0.037030437620186624,0.04503430341543907,0.05154035711304684,0.04756680493613762,0.045761828206415466,0.055704359737959556,0.037958323298518094,0.06383425211969582,0.05702460050867636,0.025628716091787095,0.06221769239187421,0.05406198859866173,0.04671805333715805,0.03506551087850501,0.0448243669240283,0.05100785643414934,0.0660696125867055,0.06586091799521862,0.05528683999312142,0.056846413135637146,0.050438213840377236,0.048976969526146226,0.048593461303200816,0.06445927115760385,0.05384470013864611,0.056060719800384635,0.06451579070352194,0.038380904493484955,0.04074369164980723,0.04355224753343459,0.05640987602537912,0.05280156516380175,0.05162013706588045,0.07775105056661065,0.0393250905944345,0.04498273299850297,0.050716485904572305,0.04239261149653403,0.05999322737740015,0.06247413154002786,0.07154004367587664,0.060328651972546034,0.04404494987092948,0.0536741731991785,0.03891107663165335,0.05951834799151544,0.0491947970440848,0.06633862359742917,0.05339263403956316,0.04824431845403573,0.07100061818974684,0.03918403020809662,0.05345387779442076,0.050683013431393094,0.03740010559632715,0.04341868888046219,0.050016498113946026
32,0.0472211541177674,0.03652539008042072,0.06358041243503498,0.056141826459653286,0.06145321178518224,0.05446431889189685,0.07695554280054068,0.037342957320052314,0.052483949633656116,0.05959026688118956,0.06952872714748162,0.05647092256537265,0.04657068221079527,0.05155438983523613,0.04634611221773778,0.043790414784398275,0.061419577585295475,0.04640691801946779,0.04379180896622639,0.07553087536082485,0.056720497317415616,0.08350799955564649,0.05448660096794011,0.05418252257404152,0.06289262904241948,0.040398347186751275,0.06071403505558939,0.061624811205321706,0.0655196851875844,0.059292806140706616,0.028940896961301803,0.0590322219025137,0.062465113175999336,0.04530815677493282,0.05088856247485575,0.06281758355278382,0.06228587644990266,0.04751388914959265,0.04132067719406921,0.03836172550065527,0.03790477526573984,0.032506367948074114,0.053892954430819866,0.04310232650410663,0.05869182664107721,0.037777859880177324,0.05255562699863816,0.056702393547217386,0.04105384584064969,0.048909936438780915,0.0569208883584504,0.033020753217163065,0.04882058252129032,0.01341080933648278,0.05661351196503888,0.052928163311991676,0.0487847311260393,0.04669066016176502,0.065402114599389,0.0604111892952533,0.05421994169549923,0.05536794288491405,0.06327312213972926,0.07096943820723896,0.0486842382750152,0.037752103729766666,0.06685846700434356,0.0496523304249992,0.04825540057252685,0.06484189575747712,0.05738584530873046,0.036840751029840635,0.08263700361543709,0.047131966882863155,0.030127506502519618,0.037722726889077816,0.04832894700704938,0.056331998869930226,0.052705108879896004,0.056987220838268945,0.05110902317261661,0.05711968187357191,0.055270807886780474,0.043933244436469183,0.03513501183012552,0.03653650393975041,0.048022004194301554,0.037767691055322565,0.05685983932670767,0.04374878893789895,0.04453187801425272,0.05721723500675604,0.03358458321730695,0.04522413097793425,0.042020485936763836,0.05211898982008417,0.041253360544849675,0.04098269538255598,0.05155658916467843,0.05837342164503536,0.041515841184619776,0.03839751206477024,0.06466773715484916,0.05960120534650157,0.05577209541259744,0.03596284560156485,0.04714295423270245,0.047532138125939045,0.05140457945560171,0.05446476728811166,0.06021009165232133,0.056305710292839956,0.05196828924887847,0.05096187761134589,0.05457496482841894,0.03065257197684488,0.053340197262158856,0.051991417659048064,0.05550595548961512,0.0419783432650319,0.05217982111363026,0.04702578004454716,0.06700029848302967,0.04211473649837165,0.04917110106348306,0.027214294737823018,0.050983616600132696,0.053243105123765955,0.03796062458197386,0.041555005798993745,0.04943549807993413,0.0540551552051452,0.06183060814829357,0.03383392518066722,0.06193903017218778,0.04576055732358679,0.04316646362818156,0.030149710514619357,0.05781324134862293,0.07539673991463354,0.03207245084521289,0.045001225990706537,0.05625486876565029,0.03567713685544738,0.043860067179338394,0.05154264643933447,0.05143858040474079,0.045535152621556635,0.05620308446946812,0.03808975875575286,0.0637253747615844,0.05595099075543476,0.023092956451311566,0.060112447557059905,0.056549706824706746,0.04658356939881091,0.035125485358635765,0.0423511576789556,0.05038563496114557,0.06593513571030538,0.06768753700851589,0.053425437568819734,0.051143178798859906,0.04538608552559766,0.04662854235884022,0.04715433110623099,0.06409143264183129,0.05373442646484276,0.05583354156284104,0.06533628839781257,0.04183954187434422,0.042409663842006985,0.03980916711931474,0.05728255173688755,0.052840572177814314,0.053241744594456505,0.0761233835491851,0.040591289514892284,0.04649006009068194,0.053472577141222735,0.04201671061286558,0.062323614681216354,0.06450912910327623,0.07182074296891375,0.059241949123114264,0.044386405460963445,0.05502195827526615,0.03500930688442372,0.05859623142691235,0.050781828344350174,0.06654466130744652,0.05175394719626727,0.04472427964394518,0.07132017895656312,0.046170420570464575,0.0505837520434222,0.04814407499658126,0.0392825512430751,0.04280006358000582,0.04944562548264148
33,0.04884457623327179,0.03340326927275397,0.06577190634473404,0.05674884392959619,0.060486689636918015,0.05248715965317023,0.07720845757678803,0.037143771906459074,0.04979269070085674,0.06061002152716107,0.07167545080642851,0.057759908079618213,0.04770607527852548,0.04943688054177129,0.04389497259359019,0.042569641905940335,0.0612014289841785,0.044337589023625515,0.03924800415993132,0.07906049514454544,0.05405575379832344,0.08273272630619936,0.05368794794941168,0.05392472737351813,0.06212241524592521,0.04293739574675447,0.060272569815139274,0.0628586373239752,0.06394999652569534,0.06244309201111014,0.026415346798432954,0.058770781915718634,0.06091006684471366,0.043171480197536014,0.05069171553083196,0.06157537760455138,0.06065034291109529,0.04514967634546095,0.043571971178149066,0.04087887497802942,0.039188275572018774,0.039008739643708275,0.052725405934305,0.042724222557294675,0.05314312002049284,0.0376913586101415,0.05294873896877929,0.05911145561436023,0.038934505087734786,0.04748260870475596,0.056374823053643365,0.03400327095675036,0.04948950825763108,0.011965313083857721,0.051859651270768164,0.056659728282458105,0.04679524346204754,0.04967903849406031,0.06708003670111075,0.06325000422657998,0.053230322453612484,0.05639127917710444,0.06330898754622612,0.07189683779326486,0.04700986057179349,0.03598936298416109,0.06455737818659536,0.05050353256055917,0.04827083432891663,0.06846934894619122,0.05975368689433308,0.03736400981376048,0.08288895695820024,0.04601799793268605,0.03273435813999742,0.031184442524103857,0.046702791660435984,0.05932446617249654,0.05273482291888499,0.05672920558802168,0.05279710696476849,0.05568864802101177,0.05665463635759497,0.04152672081013325,0.03351152106720088,0.0346228533116886,0.052269479520954974,0.03953345972062622,0.0564054305885064,0.04448286507893063,0.04472450400284249,0.0576037916427265,0.03260619951961954,0.043201240511737855,0.04287706709900235,0.0455502957088303,0.043839787916572844,0.03927597686828872,0.048236025707683164,0.05376812608834544,0.04267622138649823,0.040185536702522597,0.0649484295644993,0.05823597112487876,0.05521990324268565,0.034367136789748315,0.05164928348024407,0.04761087188129942,0.052485509700261376,0.05457131730658351,0.05840493112650206,0.054199635799306686,0.05394066101613057,0.05028906014440183,0.053904529457175124,0.030696196781446992,0.05130217209206132,0.05073669932294453,0.05565144239506199,0.042715545775530946,0.05438742855033493,0.04573282126755826,0.06495049798298998,0.04085108070212544,0.051348487634388186,0.03071176809815201,0.05204660662717201,0.050805552552214354,0.03846761048342342,0.041950143348795835,0.04710998125907593,0.05592317099210916,0.0658591395569593,0.033996904498909804,0.06147130134739034,0.041204677236630946,0.042045415869416264,0.028781055515544943,0.05744042937414707,0.07106787539705602,0.0315853010381434,0.047614305561640174,0.053342909270904126,0.031683485659316335,0.04290700424160828,0.04996312769312098,0.050230362249056276,0.04711499743041713,0.0535211222471278,0.04143749843363017,0.062028250698923405,0.052412808124009676,0.020598178568509398,0.05430624298840269,0.05660168017978846,0.04745314434907284,0.03413916783342045,0.04217747601647766,0.049676388770640074,0.06467655220590639,0.06718277413665487,0.0555836282335585,0.051904754784701405,0.04616045657120619,0.04861071205572222,0.04617386837102665,0.06307128145756004,0.0556987615451856,0.05387308193779833,0.0687282005220968,0.040433119406681185,0.04273940896515211,0.04444136705225439,0.056279778521888965,0.04848205883152161,0.05241307324086167,0.07373721343568801,0.04149918658664897,0.050866292110044745,0.04842023185150967,0.039745130562669706,0.06170157786635986,0.06319235275662011,0.0709977396026705,0.05761905720136623,0.04321843447201382,0.05958286030462352,0.034246440739036224,0.06020866862351985,0.048983760368502674,0.06685082886942406,0.053862068476399946,0.04166665184686804,0.0714290419053959,0.047445412637387566,0.05040646483215918,0.049658714822210216,0.03844171045352763,0.04614632353705384,0.04974093276075613
34,0.05002186627849241,0.03716544431571112,0.06733303962900752,0.05152780970219498,0.06081213966837522,0.05431956285456877,0.0778214058152847,0.035559621291028236,0.050169648912633334,0.06437916161593477,0.0668913110361926,0.06059674790577848,0.047300372715893935,0.048980228312779456,0.045123852934751296,0.043005215884543556,0.06236597278448485,0.04329281066962035,0.042020793418007935,0.07731730051735392,0.05671383108504555,0.08122897636197013,0.057403375088869175,0.04785869810769904,0.06301094188915454,0.04107034027020195,0.06363631031395112,0.05605282077705662,0.06225981409981817,0.05800331767062844,0.026212018169398818,0.054152040264698866,0.06178668166337557,0.04454124042436184,0.05014012398470653,0.06443625060697007,0.06237823969444685,0.04473728767860349,0.04231302012977218,0.039248876389618916,0.04209880351610052,0.04075885737005258,0.048928730274842756,0.04648172575372669,0.05182662637818261,0.03683726949770723,0.05120739018002545,0.06115616197772887,0.0403270656938261,0.046418417535326946,0.05549092510604378,0.03068716862874224,0.05076057913197375,0.01482342540046113,0.05045038527224564,0.05728009250365443,0.04860198554718211,0.050374585787124976,0.06519160638533636,0.06500961761551112,0.054176875279117666,0.05807964180788479,0.06293971600961841,0.06686569861487571,0.04572885955619384,0.033682488532292436,0.0631449383043284,0.047410756949787296,0.04701685415202235,0.06995034399947497,0.05872389532647904,0.03727814684469565,0.08463923707999597,0.04723201776510435,0.03521783066438138,0.031017118991830406,0.05025267339587355,0.060635747022175536,0.049760942382896,0.055383903162114674,0.05163675485105636,0.059995190663130304,0.0606330425595924,0.04569013448093829,0.03597660980389263,0.03428842103179629,0.05485019392249454,0.04124986158179551,0.0516680137899872,0.04570143873984696,0.04574467343254625,0.05498653519571501,0.03150965302476848,0.04509833178453667,0.04408068291109733,0.04257978523047671,0.042608141323907237,0.03905919658324304,0.04848906895852802,0.05632180881685827,0.04283307572700318,0.039451675828565985,0.06857899912539676,0.054677201076359316,0.053268116782064154,0.035964617328656356,0.04773630071862948,0.04844673131336825,0.05281599988985358,0.05448297328595068,0.05867233693381771,0.05449726604918346,0.055183715850804685,0.04945259933502162,0.05568067456303416,0.03428586498719775,0.05308592323202763,0.04870384982112911,0.05369165185029617,0.041056903819418525,0.053264004857870244,0.04857632152718978,0.0664415790520472,0.04257948455802089,0.05069226647264158,0.02741123329135545,0.05215927632848193,0.05271046082567654,0.03793928861644634,0.04158570153048316,0.050259083550197196,0.05539992392400844,0.0707409728513525,0.03675032683233802,0.05889653163146474,0.04091624341038298,0.03997391766870289,0.032358991622220536,0.05213247367618087,0.07295215275569082,0.029237001752100256,0.04722703897625038,0.05347014243314709,0.03620846222255101,0.04440020775949971,0.04904333528202163,0.05303221424240997,0.04424256895265021,0.05525956270375544,0.0406655924592398,0.060635553099512886,0.05607350719594612,0.02184629111034954,0.05399253261516342,0.059319936686300825,0.04846992246322424,0.033968737182361375,0.045088738617153304,0.04946712283336608,0.06627277040491747,0.0669530199241051,0.05887189259826672,0.05326237584098592,0.04893900359332884,0.0488157878976096,0.04910278669917813,0.06569309957824168,0.05991630090436038,0.05476323127080916,0.06822683250042777,0.04109118947081308,0.04135008225761046,0.04444960651741373,0.05425835226023912,0.046286626043338,0.04963420901834618,0.06782313890885933,0.03822593024519447,0.05192110860761378,0.047021633407277566,0.039330600139379286,0.05748037539907571,0.0634651862034939,0.06731491309800298,0.05663522515734466,0.03994528949387841,0.06065958258806171,0.03572059244850609,0.05280556078825213,0.051723394782884506,0.06845722386012063,0.056224662170690366,0.04006431883574982,0.07051809296653498,0.04696248032753338,0.05218565752823796,0.049909286350529006,0.03889930740968149,0.04569289773078115,0.05082434239727937
35,0.05162003339849743,0.039900916348670594,0.06835765520218366,0.05388290973936327,0.055089507653223874,0.052689302701689186,0.07638335540837732,0.039245934513108524,0.04827507181209886,0.06300188008467328,0.06689434653156724,0.06439584318850879,0.04811200533920258,0.04644526996280334,0.04816260142346223,0.04199123806435917,0.06403047429138502,0.04527374278345224,0.04196307116880378,0.07702995949582984,0.05434883651648264,0.08241042926741092,0.05829350772766183,0.045635415667494725,0.06117707413168458,0.04258337484038619,0.06471548079368453,0.059919602205447425,0.063945911805692,0.06126021623667665,0.027810240323950325,0.0561949489847124,0.06188618510719532,0.04115086213491399,0.051529002134697716,0.062028396838033295,0.062278096164992344,0.041052103226630395,0.043717202405098916,0.037921485092496696,0.037226051507364744,0.0420350364714186,0.04659086642640202,0.045820641165639636,0.05266264845549621,0.034863836504118374,0.05242371036336052,0.06010617780165887,0.041466807127002014,0.04544171616024042,0.0533455698003056,0.0320849816719995,0.05094526815785916,0.01585727155896569,0.047069326771902696,0.0563864342136473,0.049447725524579704,0.04834591556752183,0.06555735781753164,0.06499155225597875,0.05706914686875548,0.06387987601993551,0.06512343088319292,0.06600164753312741,0.04668143200867995,0.03263758809458415,0.06262721653223552,0.047256429339574864,0.04264100154843252,0.0681715426298481,0.05774152609062165,0.0410821879558289,0.08249184574211539,0.045799227762017475,0.035255310584561037,0.03164721768391262,0.05016907143084225,0.05901795606109303,0.05150932567757357,0.05441392016379109,0.050903196597550784,0.060730681935305036,0.06034753412977426,0.04320795009604934,0.03789591206459592,0.034033462768600725,0.058545713042770856,0.04271159323479712,0.05188185855818108,0.04636914770850398,0.0460870830221013,0.05727795051366154,0.03252913814960076,0.04404614353303248,0.04512521033303409,0.04405321111733677,0.04561959791434931,0.03705054500194541,0.04595245955972144,0.05478557396790615,0.04316287800806222,0.042269478663726955,0.06470623065133946,0.05681798772858605,0.05647465213007801,0.0374123686060248,0.04405427129590908,0.048180747204442854,0.05074468520067022,0.05540753428598769,0.05430768184890191,0.05777223375717808,0.057037333206033096,0.04985733457531712,0.057690036484487256,0.03499324995795131,0.05292360670530615,0.0475371633610957,0.05214288802700765,0.04187666418163936,0.05451280851655643,0.045045234506364835,0.06728073694309404,0.04196421212267738,0.05024461707854516,0.024310924185140644,0.05050338151134437,0.05325842395183424,0.03842691041183417,0.04310595548636214,0.0507630497377675,0.05387336076352956,0.07118303366754739,0.03233555713880219,0.05745556641708609,0.04047852346423474,0.04108118157219075,0.03348801877403305,0.052474219005791176,0.07334822545541382,0.03197161525984125,0.04306159772800182,0.05183306027659476,0.04034699841742771,0.04245077333180559,0.04895197321301204,0.05049521206238668,0.0461807218781304,0.052673387324732625,0.041190641823843646,0.062099984801014474,0.05792027689556046,0.024684065885335536,0.05334101740028835,0.05967748574004204,0.04710279162085376,0.03718743386924756,0.04704992342891467,0.05350851665528413,0.06615375441993414,0.06515106977924241,0.05779811646241205,0.049520181086463326,0.05065251843621081,0.04298017453346379,0.04980531100643106,0.065529670885842,0.05731723874539289,0.054955730694001725,0.06445688649407331,0.041757496843686466,0.03897870063036625,0.043552802076818956,0.055417057525113445,0.05060103632737194,0.050851195321250535,0.06455753629201076,0.040795837427441264,0.048313655521249756,0.04349929050515036,0.04232476773692139,0.05678902115719216,0.0643684345622828,0.06741962411238905,0.05508395008216393,0.040572936165676435,0.0563765006069313,0.034584852805843815,0.0491384205248484,0.04781358175477952,0.0670078951191407,0.05830659922629717,0.0390565111638665,0.06797812224461325,0.048770168473771754,0.05071519400088218,0.048249108299522794,0.038258360580410974,0.047127956483650854,0.04884095914412765
36,0.05257438063193076,0.038241600469634165,0.06508505335241214,0.055169866291664565,0.05648466078677607,0.05245576274134247,0.07766848455912534,0.04051275818689436,0.044433716001437515,0.060629792754404034,0.06946153085504143,0.060717393208823196,0.047187414923420185,0.04673880621186366,0.05203181764630342,0.03845176062169627,0.06330856390728924,0.046692683073793616,0.04388167817512436,0.07820092063115436,0.05360653519860717,0.08095491769798538,0.0570586418771209,0.051473219737657464,0.06348961623578797,0.03966978263202164,0.0634386511644288,0.05736815276254501,0.06415607967526735,0.06077215570066704,0.02644823214072864,0.056429046036770264,0.059896214915163434,0.04189272694115081,0.05147450547221778,0.06176452285802793,0.06567576487616335,0.040163065809880105,0.038914680053130694,0.03807243112784493,0.03836553488747929,0.04308068196325073,0.04888627100121584,0.04981190193239741,0.05484432230982312,0.03799207610404753,0.051361336446618014,0.06022135051446654,0.04107621932111811,0.05068200650839596,0.05107446684509149,0.02766277035344311,0.059135802686731236,0.018046703499427733,0.04985547229645214,0.05341103450276558,0.047493750554531,0.0509249088433699,0.0664180359422406,0.0702722694244509,0.056096972125243685,0.06077955368632813,0.06030515562668029,0.0640727970327669,0.04497719325525054,0.02882670102874432,0.06742621705368404,0.046308390014050016,0.04141212943383654,0.07450417346887563,0.0554568334888327,0.04027740463470911,0.0830212261513067,0.04525744005638393,0.032269971264210384,0.0327728295400518,0.05116842851090828,0.05719708507495862,0.05722365162659121,0.055157710579225146,0.049583876276494535,0.057913505092563655,0.05725322811387478,0.04707048995041659,0.041199992412582764,0.0333058468715944,0.06208456086558187,0.03952228106939643,0.0534217271345488,0.048879542625653444,0.04792736809805733,0.05410542578702603,0.033060691534453374,0.045434568280493075,0.048211004208049066,0.04695079081365393,0.04474186795886442,0.036835010165402145,0.04571632495402025,0.053383688879096274,0.047288413043502016,0.041620857107886176,0.06473860477054229,0.05572791545878316,0.05762242857637824,0.03692403167435817,0.046616992608854275,0.046880700347113516,0.0503408277595584,0.0534239938069463,0.05474667869855454,0.05502382437365253,0.05419084147763089,0.05237336324642431,0.054828988183936445,0.03453662166054143,0.05293885878274761,0.04729604080176609,0.05392314237738773,0.04516300524465298,0.05754115687881127,0.043108997844570396,0.07002210526828727,0.0422720438492753,0.0510575819007382,0.025007743114869006,0.0489335755990425,0.05699796686688976,0.04002817861260902,0.04715140193279128,0.05441607412897792,0.05286859219937706,0.07076490520290901,0.03090065938076692,0.056526090410340464,0.044686329930478594,0.04096639139522369,0.032126903639903316,0.051538323873107264,0.07421586778777785,0.029682308461915875,0.04353435848236319,0.04980581119219057,0.043889516800303445,0.044716842316152784,0.05070170413152649,0.05077759141213153,0.04414293748136149,0.05072897548368453,0.037468228300535464,0.05798944699721013,0.05624013412744249,0.02531306260699185,0.053446176144058395,0.05810483803193346,0.051126953823455515,0.03795780106982227,0.04863847644900472,0.054132444731775066,0.06561373160805237,0.06524656588365065,0.05407893953809607,0.04927999114285398,0.05154759472332207,0.043277041197241684,0.052079933902187035,0.07119048488941962,0.05691050548612691,0.05686008105802817,0.06281729023595611,0.03732331999421667,0.046753384040116995,0.046358221296962376,0.054756054380347634,0.0508997738766672,0.049443351448804504,0.06502178488559748,0.03691635167961115,0.05033822568588408,0.043429256534263716,0.03743016295016308,0.055896329515743644,0.060862680711413666,0.06403455942555773,0.05395044985633364,0.04203947432736225,0.060289782735538644,0.03479453634153387,0.04926918107977067,0.0526706613130671,0.068857432193388,0.05286499813034995,0.03659439459600477,0.06680167458356527,0.05179951911827744,0.046275718466808405,0.045429843208811466,0.0378347674487027,0.0486491706063958,0.045514994291968175
37,0.0520109247032498,0.03621542937250242,0.06732825212139769,0.055098183390557436,0.05425578318972707,0.0499327626907537,0.07745133458188648,0.04174727884294594,0.04464168100312427,0.06398299834698999,0.06703137506007986,0.06285776690534707,0.050687080434467395,0.044627415996911515,0.04870440447436982,0.03741584487572264,0.06417350664746044,0.04862383009374802,0.04899763812906988,0.0792805389673028,0.05556097472335874,0.07927315532412522,0.06035597589797503,0.05407942267994324,0.06256087667527198,0.035953383529898464,0.06521429027080033,0.0580239296375,0.06554908159419705,0.05980234576795074,0.02600063233734722,0.05460040752499714,0.06189670852966124,0.04580067325525409,0.053963799884209976,0.060673314521938596,0.06685303947164384,0.046385569615692804,0.036626531638770395,0.03783047467733444,0.04221581432621351,0.04091716594817754,0.05020891883519968,0.04795115400167184,0.052175731851757244,0.04004961183409137,0.051130635914142034,0.0576744904827129,0.04097684734692159,0.049241239235430175,0.05248624041312786,0.02838774881396952,0.061936877173137075,0.017998181076004028,0.05572571686529226,0.05598443933193637,0.04412553948613511,0.04891690247531717,0.06558291471704213,0.07492139280043929,0.05781256606390331,0.061999289722913326,0.06114682210823951,0.06533056654346839,0.04641909940675972,0.03200135034324013,0.07066640185259808,0.04557698894914379,0.039627190222011506,0.07689196080636958,0.05504618122324416,0.037888420361768364,0.08556501785597258,0.04562083099088153,0.03272779086891014,0.036910443908642294,0.048993661685969324,0.06199534317213093,0.05755807992061841,0.0530390144049016,0.04896833511190841,0.05577779902646098,0.054620046108711046,0.04464280412725365,0.04230080261222164,0.03185802133475415,0.061203880403666144,0.03436916305769243,0.05239303734552698,0.050859982258291865,0.05074005045946755,0.057735748035163244,0.03626605974162067,0.039741341706187795,0.04212047402661618,0.04830687554299968,0.0450718339386732,0.03492956866894062,0.04375086159653847,0.05418888217777807,0.049410447873134304,0.03735450133653533,0.06466996253041433,0.05358187434049752,0.05628463619395746,0.03625782279081593,0.05254350501653007,0.04635894953180626,0.05375520395766926,0.05507614210919063,0.05359311862970507,0.05640639688942453,0.05281123398794903,0.04926591132424047,0.05570756713178209,0.035960227490371414,0.05077672417574728,0.04680373734885311,0.05847413236780883,0.043097845593683695,0.05220219815394789,0.04517714569892563,0.0714158145568719,0.0421250524735253,0.053918575884551394,0.021529646796762836,0.05138063484366188,0.05752447996706968,0.03728684543903231,0.04610827716540238,0.055563343494697354,0.05241526035580306,0.07387919435747406,0.03158213381246381,0.054665713473458215,0.04699476842459794,0.04142578745944933,0.03524586677397834,0.05245852745073144,0.07880223246205513,0.030447731435858348,0.04580886936582383,0.05155825942036918,0.046786270101260734,0.04263507311601197,0.0512810395206742,0.05051220968048963,0.041447077402339445,0.052024194686539356,0.04248003766406461,0.05761106755565687,0.057237496679684606,0.02374744355556304,0.054417364212911275,0.05938271555584274,0.051662541379273515,0.035659044333675324,0.05056953632044249,0.05360116490775629,0.06345720452510996,0.0645745846212757,0.054405789806042826,0.047836185191747524,0.050429928712153876,0.043857784535404495,0.04937366735782746,0.0704333433126978,0.05799875444428603,0.05705577835090498,0.06040625347505916,0.035223335484777844,0.05021926793082629,0.04382494285914032,0.05551254844500405,0.04932492964044015,0.05158030388368198,0.06208738488637014,0.038150950186287724,0.04525112798545299,0.04467527310777609,0.03701624263667823,0.058952451805276286,0.05794034595944507,0.0630728115316445,0.05528403431197235,0.04170286396980414,0.060040292489059635,0.0366877331971083,0.04801266990345369,0.05285627549943961,0.06813611586522457,0.051460188049321044,0.041090200931832035,0.06417009667660944,0.05295849736049735,0.047558517375926965,0.04795138483500602,0.0412621133505221,0.05130018545496179,0.04902095276472874
38,0.050083508728090184,0.035930736513647074,0.06425240461638033,0.05574412713764136,0.05672244049187941,0.04727468302937576,0.07572761905557275,0.039269362126625046,0.04480356869887875,0.0637056903355316,0.07091151410559873,0.06053815156628944,0.05283618428651968,0.04583654720595887,0.04630525240974351,0.03080633791272839,0.06726327231452164,0.049913381132271936,0.04759539904430399,0.07851851267088364,0.050673885164194146,0.07902027973718868,0.05685974221061048,0.054298267150036855,0.06109381666500866,0.03923605310953611,0.06747377873273369,0.062000872203559265,0.06657369405313374,0.05510429069236646,0.02688844184904135,0.05536391879918372,0.06017395095958598,0.05031566345268649,0.04898412880107232,0.06393602514999747,0.06546882290701225,0.04560288035325509,0.03703791734820812,0.03270760344319459,0.038072233377103526,0.03927213727121649,0.05020087536846035,0.04951344199669826,0.052701648677809826,0.042745513668038346,0.048367830156799886,0.058139642722657515,0.04005559890216597,0.050353446702130655,0.05239557922289334,0.03312017915840624,0.06160022309270523,0.01456281375714502,0.05677357265248958,0.05401084759272345,0.04403915659144578,0.05021584740504919,0.06437072432604743,0.07710502959024099,0.05525087035581931,0.06205407999800448,0.0585648045508437,0.06538580645277428,0.04887797604001286,0.029650865887561596,0.06612994521545433,0.04434429805976265,0.04044848268306889,0.0759473538389972,0.05417921124963572,0.034133255201699124,0.08479621787189337,0.046185790620535884,0.031255640324027806,0.037173775955721196,0.05072471673932615,0.060293515457442826,0.059368991028542456,0.053543622624537934,0.04441035562315984,0.0557423532757336,0.05613702505848637,0.050430553934086346,0.042296852241381355,0.028864863084939553,0.060033204461826126,0.03382010734754597,0.05505851761588459,0.04885099871133651,0.0495607240312854,0.052571039032020615,0.033880963367275294,0.04120034028255657,0.04116880941650467,0.04908114133360348,0.04480617424714324,0.038209166068529296,0.04651253395943911,0.0564763217129933,0.04606029654461689,0.03831740723834873,0.06773702938229005,0.05426356336674044,0.05632991553691877,0.038214366887902834,0.05042431311337832,0.04683892700091257,0.05556223210695441,0.054646317155620086,0.05237551522952331,0.05687873222241141,0.05565701987938023,0.04915051795767286,0.055115888605437126,0.03743495729259655,0.05230828623993789,0.04762476473747796,0.06084372508365681,0.046897357910073274,0.04838150479437288,0.04865182718261054,0.07247627018183432,0.04339644879186061,0.05602466986111585,0.021504374359583165,0.04896823413695943,0.05420679596792866,0.03223457666948133,0.04481647249435408,0.04966855639216955,0.051065168895016916,0.0764421989351676,0.03196460272697677,0.056039452011158696,0.04635651984125985,0.04025514715241887,0.03504741935281617,0.05261492037895863,0.08060279914325241,0.031180060239064097,0.046987797380674434,0.04788708521188569,0.04452407830796717,0.04351854731425097,0.0500327861100883,0.04662000542395382,0.04328868872857966,0.05399792304451318,0.040611502706886335,0.059547717811626884,0.056996009779494566,0.02531627410288818,0.0514680796671942,0.05576093914672981,0.04867047354665584,0.03625373552438681,0.0466103401115703,0.05544670105750404,0.062066713794622294,0.067316997338497,0.05389429623087246,0.04432197573912517,0.05151671571562128,0.04729619264518889,0.048009159530101375,0.06893068440255808,0.05778891980954739,0.0581180896593692,0.057273839002396194,0.03270635896262008,0.05132574661822916,0.04558577296939819,0.06254494212986617,0.05019491059621906,0.04530012392256153,0.06012524719168944,0.03777018478829744,0.04606744704189054,0.04470400718653823,0.03615915430138676,0.05515297712837741,0.05360868467441183,0.06179832273184844,0.0509364618320058,0.04231727731844344,0.05974112913330483,0.04143656871802152,0.043648090942602275,0.05631523440303643,0.06755373345848059,0.050010156659707254,0.04008854508324967,0.06671303456780027,0.055022541764322204,0.046730081597038085,0.04411560331517038,0.03965627828648928,0.05014141302831815,0.04446938770383759
39,0.049674565663191506,0.03381606959388347,0.06629698762405012,0.05555671581048236,0.05439316478424047,0.04742000497997821,0.07651543254898574,0.04249762823642193,0.04608765869905915,0.06380970427055596,0.06475765918941738,0.05580451684226652,0.04951981510033841,0.04186862719796761,0.04548402859346443,0.033822986516774206,0.0644859845094131,0.05241666514802002,0.048414900908226734,0.07860907707723352,0.04834443421322127,0.0761696878925728,0.057527796583760525,0.056044200069365,0.05955593313018656,0.04046281131330742,0.0671444492395417,0.06075532374154143,0.06573809573246737,0.05109202662708379,0.02775824197247071,0.05808556313322618,0.056973297124111935,0.050399282947544116,0.04622558697252021,0.060766696289774026,0.06659515664546918,0.0398171899144728,0.039777590719413114,0.032918775408579105,0.03756518602776522,0.038508766114213576,0.045004761228097545,0.045934432236494765,0.05192812013635762,0.04396011403653032,0.046708644948028386,0.06102329974661344,0.045371636288874986,0.051474588794975996,0.05488212876400157,0.03569815212988505,0.062229636432150334,0.01515940540543123,0.0564537722112605,0.05227854101600561,0.046815840006415775,0.0515893315287526,0.06635415549702181,0.07657255579796172,0.05349448574604484,0.06630568253768784,0.05127941773770573,0.06392084365155283,0.0492129932898292,0.027550824152790206,0.0650770366088253,0.04713778807539335,0.04444363565405736,0.07537192704030993,0.05488459851211277,0.03581780995268771,0.08430020874624787,0.047846257061077736,0.03166863318029044,0.03826524978808461,0.05131430970902606,0.06100968966794274,0.06068656671170804,0.05438723918084261,0.04493121520125233,0.05621436678271418,0.05247214319964461,0.05228033746890624,0.04221017336522188,0.035920771106281654,0.06219368933423141,0.038337648235952974,0.05691647638196104,0.04727809518302047,0.04621286133926455,0.04797071978307433,0.03188117931361566,0.03650498069834632,0.04116205131653057,0.051119364659335524,0.042416669623943096,0.04049214979975556,0.04803766851372865,0.055510498796364244,0.045112141977063584,0.03388357778518098,0.06537759647743555,0.055275884386347986,0.05441567097105404,0.03827988918726567,0.05163920069642639,0.04898457814475411,0.054593318454972034,0.054243352738770415,0.050990771114313035,0.06016072698388202,0.05488802575470222,0.04925789919356842,0.05397174684450088,0.0378690971128444,0.055999738841355215,0.04579871850633578,0.059338557020009786,0.048694636268836564,0.05080526194031039,0.048414361189252526,0.07097303744515995,0.04457141730942313,0.05411370076741637,0.025133411615638333,0.05012075785595883,0.04987919746272889,0.02938864887680194,0.04356594223171871,0.05002530711822401,0.04893435642035951,0.07730815015201792,0.032614584382685094,0.05339901456868118,0.046902947086350275,0.04000306728770198,0.03737344393219372,0.05466070274284001,0.08460248742834733,0.03141531954836,0.04488743151416454,0.048733718941458844,0.044268312011546886,0.045907975569827626,0.046883405337602456,0.04292048999975193,0.04184217416421352,0.050029356823850214,0.03765236634677045,0.0572966568670259,0.05884412895737743,0.02754283473277894,0.05073025288580646,0.05573763794823026,0.04477801680582998,0.0374830989221851,0.044873667323944,0.053355687086298585,0.06249432638194301,0.06927407729186695,0.05576180201102052,0.041934162495016115,0.05198128624162158,0.04786820561481742,0.046715020942306944,0.06697373008270184,0.05872672549308368,0.061632337438392,0.0567851054038444,0.033943220942567555,0.048000035828981366,0.0419159436076347,0.06075951779598136,0.049488981823367355,0.046468625776946666,0.06126400068735498,0.03627249580048947,0.047099664886627306,0.04369461359198013,0.039269019708297354,0.05682844041616538,0.056016756720553146,0.06282178597785416,0.05010576861677737,0.04375024466934691,0.062409255500667574,0.04726061072333773,0.040722944248736695,0.05654392889706724,0.07100286627862422,0.04916372350578667,0.03671487274559493,0.06434302473144937,0.05569797217277809,0.04412350369258646,0.043614192157638496,0.03751983624966887,0.04563677592650099,0.04793415299254103
40,0.050619600817640734,0.033889255956091026,0.06319884777606437,0.05431738627317133,0.053765847191410275,0.04899754212665382,0.07790102795948202,0.0419690219496526,0.04500697139484048,0.060524004305268685,0.06070276295726107,0.05806776677037515,0.048705582257377485,0.04223264173928748,0.048095397532867595,0.036871441595079844,0.0672320321385068,0.05636379652876867,0.0456143319581773,0.08186824204708051,0.0461716031992744,0.07951403147264624,0.056466213075125955,0.054994547457845266,0.06049934441776262,0.039863211185427974,0.06512712630030797,0.06057166043528664,0.06888372077578948,0.05327497938882321,0.029504232817442688,0.056622050323507665,0.05931242188374546,0.0545305505141559,0.047196596001903436,0.0612244112377802,0.06630598748781695,0.043712292345821746,0.04138975475527696,0.030877865209154195,0.03810348648252936,0.03878337888657387,0.047672772158483215,0.044119239514337286,0.05582512031622251,0.04761310046742565,0.045771393217866205,0.05737291683515094,0.046628466400249674,0.051924194481520324,0.05547170360052624,0.031750461743482616,0.06323569806440504,0.01858990676754107,0.053762203873292606,0.05400318236451421,0.04610948399030919,0.04843639748573772,0.061871251027742505,0.07190454688356343,0.050815480558935235,0.06464625412354351,0.04831984665356038,0.06608153535823312,0.04868890203387222,0.030522101983760142,0.06430084757432275,0.04476233567730598,0.04208263158384916,0.07358670872361257,0.051081626570595555,0.04043743488095164,0.08314713572453046,0.047374134481731486,0.03338748738249198,0.04304472057331773,0.05692087887016101,0.05992723776607824,0.06153912411400669,0.054161901312147785,0.04596648025230484,0.0564627977677642,0.05100944786107211,0.0532527710652329,0.045217268066014386,0.03670131373137618,0.06334702018372823,0.03520500939362179,0.05474051763117556,0.04316967804418742,0.044375489482951454,0.04686580052109951,0.033784187244496104,0.04213947683072749,0.03840655393059795,0.05267613608716225,0.04184750342128903,0.03990526798717036,0.05264978097767369,0.05264943023763012,0.045036649279197795,0.0378714605102397,0.06486936778507833,0.0553733262074705,0.051795270407374305,0.04289130885446935,0.053008130216503815,0.048277523174927596,0.051177469417991346,0.05122776227727199,0.04782931323218154,0.06131863615745334,0.05668594763475024,0.05061657659809406,0.05547142870878069,0.03781661183031624,0.05543705376889091,0.04635207462074585,0.060666000062169656,0.04971412370080499,0.05099962587197762,0.05214816294064702,0.06805961255869804,0.04631483093522908,0.05508200786747144,0.026720213751959862,0.05299011082994788,0.047426334587494776,0.0313617050499637,0.04822688333230483,0.05243998648166749,0.04772735616021011,0.08163708718092823,0.03074322330099111,0.054765459126998164,0.04938397794856465,0.03851731671546062,0.038181810425725264,0.05799522104993844,0.0833886040152758,0.035558290939312266,0.042734095320973865,0.046023697889294043,0.04842822890788394,0.045648010119047254,0.046792687470912836,0.044532600098359416,0.04502301225387108,0.05468907543297774,0.03788225422723825,0.058814556157843784,0.05888068559672009,0.02771074346655523,0.05327339316769802,0.05177071727347317,0.04766179011532209,0.03452906780135065,0.049872999273466695,0.04853907513992797,0.06542937391809446,0.06877115272425169,0.057803400996609154,0.043755886184768784,0.05245675622190746,0.04650663219757575,0.04562341370087237,0.06573204007740271,0.060057931377390066,0.0637734019564296,0.05965997758848332,0.0339679916386419,0.04842510821869756,0.04435747821385673,0.058953743575825224,0.05063477247250798,0.04695279846867332,0.062064844507146576,0.03292974611963588,0.04761514950266982,0.04014660652535368,0.040193503113635766,0.05365310133750058,0.05382457958955199,0.06410878268700079,0.044170784081525506,0.044716252023995644,0.05974935684615538,0.04618352379325495,0.04967767735793417,0.056326177328627214,0.07284978030853087,0.04892513984853625,0.03577622601398982,0.06013297951976386,0.053337081218036264,0.04357533981638661,0.046811595744701354,0.03806280372040764,0.04826752542544096,0.044649761075488154
41,0.051218678937631726,0.029845388591031145,0.059560978370839075,0.05402506717724648,0.052874746558867314,0.051193638122883064,0.08134761574703372,0.04250795157628799,0.04629013911765633,0.060918406593557156,0.0574038787497002,0.05903235554571795,0.05106702566463016,0.03808336804376492,0.045194336024825726,0.03563422128543513,0.07191946667566358,0.0596061887808849,0.04192469619422158,0.08311728967909296,0.04299444255675681,0.07645988350962732,0.0602761494302162,0.05606362077089191,0.05711629237894965,0.04049206668438683,0.06407153054709513,0.06147772384852754,0.06573545426147606,0.05313321400239396,0.026563942702812395,0.05455077914243835,0.05599214995331872,0.05253962846132042,0.03922042078652598,0.06698711847368691,0.06911576377388727,0.04680495005388582,0.04165641444344513,0.030554459012662873,0.03861795490308452,0.03731004539379937,0.048731957599494696,0.04322612503171791,0.05964649769859073,0.049393150087434085,0.04680775874305755,0.057928361388742584,0.043912934589549854,0.05281768023753311,0.05454862558867497,0.03027626400638679,0.06503328634140745,0.016589141190307924,0.05417339901675554,0.05704768991016263,0.045378939472320634,0.047063691357640436,0.06075236968253016,0.07542277485378802,0.04937862268785892,0.06645825148571376,0.04673108312179485,0.06384638850025044,0.04921375358914453,0.026182909660599267,0.06514999642213731,0.04431424438541975,0.037088369240849406,0.07263658334193664,0.04900544598737231,0.03581788265111015,0.08346510321783732,0.05109351779740482,0.032170476908705455,0.03940421146620529,0.0536267964598729,0.05908425205490827,0.061927250807412196,0.04980914651222639,0.04173596985497301,0.05677846289357032,0.05376111597137499,0.05317626040017898,0.042511227491244814,0.03627549101843737,0.059034932111194365,0.0296280382386901,0.05469151487072222,0.042074755024361504,0.046541847720183493,0.048021341246613704,0.03620585675103871,0.042063758913131535,0.041435840945457714,0.05207878678617743,0.038118851727789435,0.03760862247390613,0.05258771399522056,0.05197497125734,0.04235175564548706,0.034397926083626545,0.06507156964723755,0.05538403270200313,0.04870739704636145,0.04585208216234846,0.05112301956584931,0.05019001935912521,0.05149375842381515,0.048599072544761875,0.04558126774891017,0.06057407325994155,0.05961031010372789,0.049985309319243956,0.05497734645180918,0.03470987694897239,0.055128508425176574,0.04296714513107968,0.05678101964329074,0.04925951375196068,0.05445703464625032,0.051256865164812614,0.0696183000039017,0.04662527042060163,0.052143315783265004,0.029642435060167067,0.055573636485934975,0.05015466266607111,0.02829511137361816,0.04844499377308772,0.05153460893075491,0.05267769496080774,0.08284717650083528,0.027802423848175845,0.05342606526158275,0.04986850479208261,0.03888402919039979,0.04169873882251129,0.05967510401501305,0.08080700829884795,0.03544972503866531,0.04548552955571237,0.04628182779056631,0.04762073433990812,0.04681469100816445,0.04577668757041101,0.049127185613698984,0.047246488693592874,0.053676627059585175,0.034496184743295306,0.05749324359231188,0.057035372588077116,0.02865901295824885,0.053664284326267075,0.04976403663986006,0.04400348031641658,0.034946911680835184,0.05400769421711428,0.05265313299290209,0.06429979590417324,0.0714220149282804,0.05397948859095369,0.048048557223825186,0.05181668599572738,0.04732333015034459,0.04749718138815523,0.06925140045895169,0.06117149512469947,0.06591190529398223,0.05830049628669313,0.03496131912204087,0.047722322561215204,0.04324683063852724,0.057684979688824745,0.05148639066279323,0.04558228418839336,0.06331883236512655,0.03039204358938748,0.048276860789385236,0.0404827327082321,0.04077512827331327,0.05666374772371134,0.04905915887077921,0.0691376636561566,0.04225504222676311,0.046226668640673714,0.06053283647005598,0.043682659228848786,0.053382238484250104,0.05494151389634819,0.07149333073655167,0.04504910641043632,0.037895484714703075,0.0607619184139989,0.05100923283884463,0.04511812789158136,0.04687060551046775,0.03819393402727656,0.048242173670126155,0.04627464105271995
42,0.05307958832775658,0.031084099141775113,0.05854966635270018,0.052296709847408425,0.05380162569305633,0.052036273347534856,0.08540752777449596,0.04008610733045886,0.04817739580954279,0.06046265373641696,0.05556373030923009,0.060545856451669815,0.053371524687248866,0.036848780990450906,0.0409111195885961,0.03594281289585579,0.06983311946586922,0.060005659272981376,0.042905404919734116,0.07963161383739452,0.04306043593278613,0.0756105140223655,0.06168693490846646,0.05679008017897942,0.05898558564664664,0.03766716814012835,0.0637471166286675,0.058853718387957187,0.06440000037971436,0.053368587691045334,0.028731820116255996,0.05734236193160429,0.05708207159829037,0.0532762219470785,0.036678821265164516,0.06694408523391189,0.06880860953868272,0.04600780738938062,0.04131578185777022,0.02803612892775058,0.03717403888317772,0.037603773895166004,0.05239457279599993,0.040994122486973,0.05862880360201927,0.048109710649336716,0.04640234244878295,0.05760807328006609,0.041255979826520774,0.05455893571150075,0.051964419557980424,0.029878561579137465,0.06490638925654946,0.015617055044974888,0.056115969900652825,0.05373846474158664,0.051446407066640935,0.04690296350798391,0.06237519969875807,0.07331219900459544,0.0475734838308263,0.06553599802357939,0.04789841309479882,0.05993447465420515,0.04653334429225722,0.02966315216307619,0.06235149784423316,0.049732871411783716,0.038747948446403925,0.0742295903586229,0.04925699803357721,0.032217338060231554,0.08343692587169799,0.05588446308765296,0.03333387278409693,0.042766390907696454,0.05277716112719059,0.059575442515090525,0.06351358459473883,0.05124019847507919,0.04085917393750126,0.0557156053726101,0.05155235354326062,0.05201656596548285,0.044549853675458585,0.03651490027972129,0.05842867100821937,0.02602349328993451,0.05184156627256024,0.04366016860795317,0.047104969536161244,0.046575361867551,0.0361008127953156,0.04398722851400491,0.039574953075978976,0.05554798203278624,0.04133596010562729,0.042287656459987194,0.053737851490441316,0.0525551993751291,0.03949894651121026,0.0345855314454258,0.06303567090422865,0.054499188502404816,0.04685046372630539,0.045841292451225354,0.05626912423864056,0.0490615903820381,0.053661868265363316,0.05321405409221178,0.04151171419236099,0.05673828905915243,0.058722053562868255,0.04580549315506549,0.05574939623179868,0.03842453728066344,0.05288981972932664,0.045622586237581336,0.057005577746613606,0.04656588272856273,0.054077662587001876,0.04614797233153679,0.06621427063795411,0.04816953396260863,0.05992984189375961,0.03125922245370247,0.05643920287725506,0.05289337341217835,0.03079474793764823,0.04734639738791997,0.051474252053276645,0.05558265304696721,0.08233329385735431,0.029163167820212617,0.051122472648148704,0.0497454015526162,0.036287584467756796,0.04387559977748683,0.05714320424025729,0.08190958481737648,0.0360864442393786,0.04797626650221901,0.04689118245349519,0.045742904387666206,0.04261718349657883,0.046212009626577684,0.04622534782344378,0.04306813860226026,0.05269982653712347,0.033109822455584796,0.05762437621046619,0.05435082510623947,0.030216108176819547,0.0512034035826926,0.04884006779813797,0.0448051230987808,0.03637153933281388,0.05179330589420437,0.055111747182765465,0.06306911884558485,0.06857775598887243,0.05339639708306656,0.05055433149949403,0.04991674472967534,0.047588375308995394,0.046039162426218354,0.07256084974939696,0.059755287092620964,0.06688167172177634,0.060107524860650574,0.03484788562612448,0.04623237895945436,0.044690490317825786,0.056277544132648634,0.04878725489830494,0.04846565254360965,0.06611729457454185,0.027509653289683036,0.048590889064114566,0.040097701184952594,0.039820544729402295,0.05479717888824573,0.04876906175204515,0.06997682134692128,0.045036020147059985,0.04424270698850146,0.0631318595703907,0.04381346686473621,0.05193452110146793,0.054960916234856945,0.0703625406323026,0.04803691026806506,0.039265066334558237,0.05939563388623893,0.0515500478326733,0.047393607219890645,0.046943309449969835,0.0393370809189084,0.04392746409248112,0.043690536920336545
43,0.051011078531744254,0.03459245068427641,0.059016758594784155,0.054778675602708354,0.053501806492516485,0.0504778285159829,0.08458134076816774,0.03871043242823313,0.04795729060738376,0.05951243514638934,0.05431985941099181,0.060727850174062285,0.05600949227722468,0.04120805806150873,0.03821805109495399,0.03212397243174282,0.06437984489790306,0.06391706587473765,0.044280363617965675,0.07517035482169747,0.04147794336520773,0.07218812848005338,0.06614406502549709,0.05761484607654493,0.0607098058079243,0.03702229288124301,0.06461461246332133,0.0572035188888695,0.060675782419008055,0.05244788768083188,0.03018886168209699,0.060226481996258165,0.05434377146253043,0.05140887165566238,0.030248280297448853,0.06277552709865641,0.06686260489260387,0.04646946855206993,0.04189773993985222,0.024361508266794153,0.03785857363063566,0.03747434492574491,0.04964689288914136,0.0412552903766554,0.057278530399072554,0.046999582444948965,0.04977513667879269,0.0601218181979566,0.039566295086382874,0.052143350824542155,0.05230591480353564,0.032750303307067775,0.0681733712647369,0.02038839474026717,0.05830455563209379,0.05392841546890139,0.05134614469452058,0.05021793208885198,0.06129921455710182,0.07443411161569008,0.052426108726608925,0.06140975880880364,0.047956281161889304,0.06092533899184931,0.04575524854033118,0.031096935234534356,0.06198075594055572,0.0498824293252379,0.038661046198094524,0.07268683750518161,0.05160875112891844,0.03406896259792385,0.0818398926314649,0.056071712347753766,0.032944476556226496,0.04189684165954631,0.05118154704473479,0.05960854605870958,0.06357053956009662,0.04752176180100555,0.04084597444990769,0.0546206570185186,0.05487116810697569,0.050655834893573434,0.04499226398879634,0.03573478570770057,0.06020675238802436,0.02686133165982629,0.051405177514671954,0.04151109753506591,0.0448442066509596,0.03925747166985559,0.03156200020327842,0.04597313240960271,0.03779017819607898,0.057419696098442136,0.04233098634795334,0.0419953605073143,0.05567551546770619,0.04777994473810066,0.037641820425978745,0.03577938411888756,0.06555023563600858,0.053813497153429715,0.04427172147832001,0.04845330235106825,0.05791855494104547,0.047565446463673784,0.053990849968696575,0.050902210114747826,0.04079826492015973,0.056866013629553284,0.055387352549126315,0.048880758641964187,0.05599997971498034,0.03863014732294371,0.051150261911881496,0.04325201770593338,0.05506372948958494,0.043979989096282736,0.054820740231523876,0.05098705565895921,0.06588623089755778,0.04718259053778394,0.0628706117657475,0.03015083867454403,0.05855284456923566,0.055946141621277354,0.02890543688537805,0.049058720686599486,0.05312432334413917,0.054837432533741924,0.08418650968460384,0.027430405270317735,0.05307650759615127,0.054603248584414836,0.035512124614951145,0.044182364390653595,0.049040652571659446,0.07791211513482807,0.038405259629723805,0.04676638426955409,0.04691124707848712,0.04799096317584469,0.04249585939409953,0.05010244672676082,0.0439820978388769,0.0437820702818574,0.05011463790802962,0.03456893814881443,0.05635647899054623,0.054544901183159925,0.028120314192089064,0.05235456509655508,0.048148291040499024,0.04675493304195737,0.040456967533059114,0.0487696632881506,0.05419201819963384,0.06541708431418672,0.06189787643384698,0.05766516421431148,0.053751398135106356,0.053627445143742083,0.04610132104984504,0.04728407291584081,0.0729701647463388,0.05453108151913305,0.0671487556922065,0.06630367389294639,0.03594383676858287,0.044757378122416314,0.04393480270533785,0.05654852752027295,0.04735908152961666,0.04391329091860828,0.06572139160526966,0.027149438663695107,0.051627991876497956,0.042898014762708256,0.03903112386178774,0.0567304166112033,0.051613101937175415,0.06830638166434633,0.04724572717429044,0.044409983615927476,0.06163311298734103,0.04437313620358762,0.052835432438268215,0.056032432164252695,0.06667422979085642,0.04747433579308674,0.039235758908701485,0.05899670786210337,0.04595004679388364,0.041217550077490075,0.04831224787142535,0.04212600431235329,0.04534851647293123,0.04692361633731682
44,0.04994142578588318,0.0315507334683167,0.06321131801442458,0.05348869109996255,0.050673111243590974,0.0514707660558661,0.0841942872232593,0.03701153931676274,0.05014378784742546,0.0562093875993122,0.05392274128763591,0.06300178194627636,0.05402869697783211,0.04383687334444624,0.039643875947532776,0.028710988152808224,0.06441637520738594,0.06447618985044581,0.04800264400341745,0.07748481182929462,0.04125007957027869,0.07248689429634787,0.063572060939403,0.05889792082031287,0.057616634335432064,0.04007071246035628,0.06799738024390768,0.05833894756872328,0.06241025023019996,0.05182274626975043,0.03159135550650214,0.05981087273147933,0.05353461330098165,0.0528926420263692,0.02627009671017006,0.06449844480699546,0.06517788605797986,0.046039917269736545,0.043578697731661,0.024450865361017128,0.03939013739250643,0.03907636073762313,0.04674415335511675,0.044068112107940344,0.06205605729896031,0.05128238279136595,0.04990676941885268,0.061340738171848215,0.03695520713216955,0.05111220803022166,0.0498855494741982,0.02826098291777782,0.06961463876917336,0.022442829944214808,0.05393443323845803,0.054836774066659905,0.05015677589701021,0.051451356385377726,0.059305126606333136,0.0712139079715398,0.053472111993072606,0.061174508518823036,0.04773171008807996,0.06286167278089409,0.045989310391028625,0.030560440213756798,0.05828568485671747,0.05107780121690315,0.0402011188902722,0.07166039267188831,0.05172015170981893,0.03144543836746195,0.08355663195780241,0.05168822183483302,0.03015745929449098,0.04459338915636138,0.05391372516733381,0.058770089894987915,0.06799876177128553,0.04851155871712091,0.0373575490783167,0.05469231899718496,0.05285541486110712,0.05166591892263675,0.04732588488720274,0.0367677936041857,0.057973740182262604,0.025825631889684807,0.05209046120133564,0.04120767590653523,0.0429381353835212,0.03711758253111635,0.0307949168823715,0.04415195379848241,0.03972198226888234,0.05342373927137057,0.04178418829749247,0.04309659786403462,0.05345472998197349,0.04848938031934216,0.042093752304210495,0.036513820447156745,0.06136580657773087,0.05955281771838263,0.045883910092527964,0.04608814149438756,0.059005934678211,0.04704307901955242,0.051726215134543355,0.05075295198589817,0.04110119175388419,0.05465840314878926,0.05163585808620729,0.04831784776012944,0.05432514191890843,0.03401220589172998,0.04967868198859316,0.04379798286947173,0.05306039676920564,0.04564219533077904,0.05210333372892752,0.04876919786921636,0.06648016271941623,0.04810489270906838,0.06186443204309858,0.031621537830741085,0.0554171200791785,0.04846490243305727,0.025621815472158558,0.048932880942292194,0.050845251819177206,0.05580350035795421,0.07844055813122139,0.02703138457857914,0.05462621684632812,0.05178858508575664,0.03557998203038063,0.04728562736637763,0.04663560619939556,0.0800863627325146,0.03613780127949052,0.04724084743260757,0.04606022800594318,0.048003246818381806,0.041979686447274345,0.048190774337953886,0.045092071509862636,0.0434660772835022,0.04521559987262503,0.03326621896609649,0.0568793014354924,0.05575056765312221,0.029039320104767764,0.05035235437043249,0.04864009915722306,0.04812430626989978,0.03944255296300571,0.046453896578268136,0.05382789632699634,0.06585039560464587,0.06315127862268147,0.05907440486684783,0.05806919220043332,0.05592735565734479,0.039517056457643196,0.04756581847882836,0.07568593295056444,0.0537025481143464,0.06586947852146653,0.06748475391806795,0.03623768543492104,0.0413163977230867,0.045364715906695274,0.05888806151334669,0.04967447693029044,0.04268971875490794,0.06790152300225732,0.02986847688815184,0.05348063108229957,0.041422745873937496,0.038355834450764056,0.05647802094292398,0.051061878636972376,0.06716807112804848,0.047062031644220334,0.04531311684336492,0.05865633476809475,0.041122195926612176,0.05102083865924968,0.05142661829899587,0.06608918272417882,0.048154546189534346,0.03955322880570757,0.06284049242473035,0.04761243077944623,0.04087654644263402,0.05245046466102097,0.04360540283509684,0.0441563833430632,0.04507452697014003
45,0.04618617148487721,0.032403582736897446,0.0610352275804708,0.05229647276720929,0.05339873777330291,0.04761636717042989,0.07945449653361338,0.03681619405672674,0.05222886610050439,0.054480923372929466,0.05329231453891292,0.05920626053966296,0.05541589860608335,0.04640137072254407,0.042714408160154864,0.032369313591646125,0.05939012057113853,0.0637230743440488,0.04702954943973434,0.07642844862334357,0.04066749407568249,0.07090525823828801,0.062303647614369365,0.057850395003429325,0.060540652548068286,0.03919309713483092,0.0664177079094784,0.0561646969348644,0.062396383359183814,0.052923101919842154,0.033471790683988485,0.057704527899392996,0.05606226266139763,0.051576021618615464,0.02891162368304396,0.06543179798188034,0.06400997996697341,0.04576974793039654,0.04322890185177876,0.03049193066563898,0.039342870269689766,0.03262983478009309,0.045426726332615186,0.04225686756863689,0.06245339431569283,0.05418271417184837,0.047764403491526615,0.06423638409212343,0.040239442187603794,0.049098565267613574,0.052022235349886044,0.028901489453630035,0.07170165129828215,0.022079020825316657,0.05453740974189178,0.05824145552597797,0.04944793505935121,0.05483021071059997,0.06287317377201412,0.07150644051275595,0.05429233907061135,0.058294148990482506,0.052220337794222776,0.06285008329266357,0.049085500434176775,0.029601344620053444,0.05659586127547991,0.05250416346246799,0.040395015060521226,0.07357518622460757,0.05250023533803943,0.030833828885744635,0.08141432801788909,0.04840966603746921,0.03431739560997091,0.044390311452378546,0.05518160876620706,0.06275633654541732,0.06914329481614025,0.0487788422931729,0.031166301859826297,0.05930859269656416,0.052280435718816944,0.053966636982379856,0.045678942139411295,0.03590556074448098,0.05677609602370318,0.023631700189254423,0.05200256069642889,0.04235579776370891,0.04564855317595994,0.033157396529269856,0.03584012273947458,0.04280061330510059,0.0473533475876469,0.051141530158674495,0.04607676356846692,0.04454391766199268,0.053306659331971235,0.05264272976725414,0.038957619194033656,0.03847542371994689,0.0618560565993653,0.05756251319079904,0.044869268467535355,0.04562574138512166,0.060578985553284,0.04901589440206546,0.048918324454334465,0.04941751646396126,0.04435131600907551,0.05092323676195016,0.048835609019685935,0.04685279852805138,0.05452255160837091,0.034515321974086854,0.04844395831006215,0.04539782266841771,0.054682723242296526,0.04675533436750538,0.050627703321133324,0.04805003894477966,0.06772681439581967,0.049308848746742566,0.05768846817124796,0.02964453711802326,0.05662241083440835,0.050208880483328305,0.024651475251789262,0.04697039292589926,0.051739263119815575,0.05458661735652902,0.07360935058703451,0.027869193731439347,0.052489560815483706,0.05141556346636194,0.035008528220514264,0.04691712974706067,0.05044675693333502,0.07788999217958217,0.035408196564131925,0.041252560260306714,0.043953016664344105,0.05221709740989104,0.04204835520095283,0.0500483691857716,0.04041354552250187,0.04528800276140252,0.04830238308923053,0.031192897465223687,0.05777995648499437,0.05493207707035848,0.028257109865851202,0.04836715887698354,0.04852686141892649,0.04756981612347548,0.03514595308727949,0.0507235783643638,0.05594678010876848,0.06337972703133639,0.05906672475975907,0.056502393231681186,0.057393057178199244,0.05267766192797026,0.0388624683696548,0.046495231821313994,0.07791931707222848,0.05412760773807953,0.06416908109230872,0.0714572787429437,0.03833504709223699,0.039681734507084745,0.04619463253679251,0.056973906082082956,0.04779346047231479,0.03984630613039896,0.06160774127208674,0.030295063557611447,0.051900937878218124,0.03668451130933668,0.038742421261623756,0.05653738399474063,0.057660670287457465,0.06455377427275148,0.045208556440840715,0.040571931106217,0.059197708434343924,0.040163059031445805,0.05158441738250127,0.051585365249832336,0.06774310225991434,0.045468398861230705,0.04150512973652031,0.06369327665188738,0.04644809212057018,0.041048414087831324,0.048525233669048554,0.040932794065782784,0.04473108554907065,0.045590438920656826
46,0.04469270881636666,0.03216793364008169,0.05984509313360947,0.05626301450817032,0.058399610037418025,0.04997138704013578,0.07902626683902325,0.037374408545435875,0.05118845115092899,0.053470309752963775,0.052497293547463166,0.05657523741789838,0.056393902783682635,0.04870870227666957,0.0442059090746507,0.03193994169791226,0.06063515102918581,0.062049095439911356,0.04934242494305869,0.0776517964354367,0.03852726247616109,0.07128930496682435,0.06140976323488897,0.057450388252072326,0.05973892974046771,0.037447858897357265,0.06923230881591827,0.05952479940755795,0.06034708748108935,0.048970864682153455,0.03200409049722263,0.053197139085616046,0.05159279583844491,0.0507791049777357,0.02615098090673343,0.06594022795321892,0.06279243820504918,0.0484518089199905,0.04333516526082535,0.0278483988785702,0.037816833668626156,0.034178592153061065,0.04857320418536763,0.0464478564259318,0.06140610776547773,0.05306271794740612,0.0504708846359504,0.059848630313205975,0.04138225200636333,0.04327610595272276,0.050053617600448866,0.03223609478310073,0.07110651710792469,0.022610343429113704,0.056564492229655414,0.056291272991625535,0.05173586807924166,0.0516789781636559,0.05637000865746214,0.07207547628423948,0.050530347727712484,0.05748696140216791,0.054041454329118915,0.06380006897540354,0.05097717040534291,0.028228086079052,0.0545445746331985,0.05150595744497505,0.03690267996092206,0.07213311166006528,0.05214894310491961,0.028159316199940464,0.08114792449114268,0.049805607018245664,0.03698414473667966,0.04569803110334306,0.04947954266916122,0.06527640662186292,0.06656713432747266,0.046056853178525196,0.030938621448214805,0.05702032697782208,0.048183664506181285,0.053912849285007225,0.04694217340934168,0.037478829758006045,0.05529450607580892,0.02320373572092312,0.051490499510211514,0.042455540200235696,0.045894304820019494,0.0331254863504212,0.031895157385910686,0.04270689555059987,0.048222290677228434,0.04936713281967443,0.03958935354982619,0.0460065285051993,0.05108259789828254,0.0521705465752455,0.04482729910618367,0.036288129877390427,0.062384860417876664,0.05845631662723489,0.04651243573312639,0.045300613976860325,0.061861590449840485,0.05090827805900443,0.04637862175576928,0.05001566680528858,0.04321616919043532,0.0537408776444923,0.053963914675206184,0.04762155520213307,0.05441487251266308,0.03493175552481931,0.049020158515835084,0.04263989358298328,0.05496984746550149,0.045945218696268664,0.049481217137448345,0.04919656952576867,0.06868606497299824,0.04999009449949256,0.05516375612477737,0.028435077160465606,0.056652388027352674,0.05258015190636154,0.02345858085650795,0.04766619873860087,0.05623277563396254,0.057797459220352385,0.07599316210756345,0.026329867058624803,0.0558194739239948,0.0500520146936011,0.03529308069382789,0.05156793134862803,0.05614960594515087,0.07634381663457794,0.03749516977343292,0.039379676383576576,0.04312094348616258,0.05511419931818162,0.04815262779754295,0.04733642502802844,0.036441063237813716,0.04516178171496849,0.04946365815231414,0.033757512483845155,0.05763196094065293,0.05822095577958872,0.025951411428255897,0.04731375389501425,0.051699750541126716,0.04811846690022814,0.03384939696703645,0.04934535599344972,0.05779346759345638,0.06625307778928417,0.05550666149086882,0.056060798860175426,0.05706420833146817,0.04763667728617549,0.040633531170077015,0.045053141480224906,0.07437363181065486,0.054844035406342605,0.06734441126659779,0.07041047986111917,0.035646545668837876,0.03699019263328128,0.04906720538019489,0.05475519737480707,0.048769528882538334,0.03698902679928682,0.05914151448099455,0.03127439569632187,0.05327156897380927,0.03446741911970942,0.042315638183099046,0.052621655949799714,0.05631514989678008,0.06427860519040607,0.046680635230845105,0.04154618247468199,0.05475517781014646,0.042980273830838134,0.05127547158966518,0.04827859721307163,0.06704071542595999,0.043399681621512066,0.03998737021895278,0.06073391205054046,0.040158640974401104,0.04297584356179463,0.05457811642898479,0.04057049078586491,0.043496503793201656,0.039920817050535316
47,0.04630628566055598,0.03708239104161871,0.06271873783389019,0.055270432997750675,0.05768662725519067,0.04854401593863848,0.08086618364679946,0.03915103628101889,0.05002964770451312,0.05001862661276359,0.05318061993901662,0.05383942702376798,0.05400119690070463,0.048191694941894084,0.0407686301230379,0.03059494872732371,0.06423434606728468,0.0611423378908415,0.053697014088352125,0.07818691991950152,0.03993646948869955,0.06823321254747164,0.060829014452296305,0.0555427985177079,0.05776210767382992,0.040981758672231874,0.06932952759979562,0.05797184310658609,0.057496162223652496,0.04573337145005495,0.028783539464051783,0.04949742651816603,0.05606602730297294,0.048589055898884126,0.025000368726986164,0.06980744718887957,0.061651386761517435,0.046969336477562414,0.045199440313725324,0.025512112709607713,0.03732857534978687,0.034507104006619035,0.046312063457491996,0.04852962016253322,0.061277495040189874,0.05493751278424968,0.05035473862831439,0.061085256076378824,0.03888063413964484,0.04906988467226716,0.05062080888115799,0.035282945913625414,0.06978484912526137,0.020122228693976205,0.056475993387479155,0.05253787776154583,0.05265314515491336,0.05200401884617696,0.05478181351646876,0.07229493431176345,0.054541012526900697,0.05699151345644646,0.05458317149201288,0.05959591342505249,0.04928452856457914,0.0262006665833681,0.05145012691815408,0.054091567231774225,0.03713634808217337,0.07284887673476438,0.04877226948813674,0.02442487996159152,0.08374973372429065,0.05166857565282484,0.03622245399245894,0.04732998500729875,0.042834573803660334,0.06775642859206796,0.06639569524802065,0.04441225095222502,0.03289402118038602,0.05629723548000944,0.052402873927718294,0.05677025954978901,0.048098940170712284,0.03764728784887895,0.05505934341635072,0.020937098313206243,0.05097031315043407,0.04231084944194802,0.0520993711936685,0.033470588621406436,0.035160114464043477,0.041625277669542875,0.04192136692296271,0.04752106581487129,0.040929430806972804,0.0477096396742485,0.049433622542551785,0.05402085675521727,0.04525895927473953,0.035669669786099076,0.0605708479185882,0.05457116705501279,0.04506205621637683,0.04265954245552847,0.06297193635568955,0.050678997596157585,0.04626980773629532,0.052287714715146295,0.04500567906742767,0.049693956427513473,0.05653788710614124,0.04857960203970246,0.055160019466708635,0.03188395566219449,0.05186636723184338,0.042592747921328576,0.055099777885699294,0.04813024327861297,0.04986127727795869,0.04928748667050392,0.06482568970643823,0.05364352020223081,0.054558508614028285,0.026005849450057798,0.05010346716533673,0.04695375157372661,0.022355630183156585,0.046202255494649756,0.05365018402516122,0.06052926427055385,0.07747298154794198,0.02696534742644884,0.05845662384642147,0.05199064287281178,0.03663666558693361,0.0526918099969412,0.05546646312053296,0.07358933102929528,0.033843848853162745,0.033379183518450775,0.041449243700754375,0.05548025029786081,0.04756969769716969,0.049293577213407005,0.03630971754407311,0.04540340820592047,0.05150960812365684,0.03448772967638896,0.05536070236718968,0.05876448149502897,0.02813744427564452,0.04485757148474281,0.055433960412690664,0.0482631198399209,0.037974084276967225,0.05286895069424808,0.05728989291822717,0.06821358790698323,0.055329924987940766,0.05507274031317301,0.056391636769520255,0.053102964480857946,0.037158638118186677,0.048189092727027275,0.07562291118343119,0.05480848717447654,0.06426684169756292,0.0646211333825734,0.03526655805094869,0.03757871828835511,0.04723344171054013,0.05837362187511604,0.04900224583879738,0.03692876450120578,0.057792684365585115,0.03284455678478816,0.054069745252518474,0.036112655353956566,0.043758674584853025,0.053357562507707776,0.05088583371817919,0.06052065582274463,0.04732535372567322,0.03731058804069504,0.054344650522699434,0.043417267335006185,0.05181494733883719,0.04787378167065995,0.06805137922512768,0.043374650471612944,0.0372710272088039,0.06088759107657759,0.037370365798174834,0.04666438804006087,0.05149104711582738,0.04192875086060924,0.04070054847031287,0.039141848623352495
48,0.04819160711646431,0.041707473245547605,0.06227381565419078,0.05812648279426335,0.05420215875460374,0.049096600785883994,0.08268830118452757,0.03537984550496938,0.04828139971980323,0.04963289403570622,0.05352509449380331,0.054956480756240836,0.05337781848244327,0.05139199180780092,0.044302413701184956,0.03069251152171271,0.06375916914380526,0.06295439989968889,0.05163545870028956,0.07712130745504105,0.03997269274110863,0.07000051158765289,0.061187326014934484,0.057903740226959106,0.05982092960523399,0.042792601685338716,0.0699153834341344,0.057494421342826396,0.055977010855126026,0.045387097180567916,0.029316130195682185,0.04691699223518917,0.05193849518612799,0.04914645928649858,0.02543690700887802,0.06724415090673536,0.061956899088969085,0.04689262266133453,0.04719901592074349,0.025880075688384376,0.040436476410537464,0.03722708345181208,0.04965718760914983,0.04705689933389951,0.06600714653335892,0.050194468306109796,0.05068102895373125,0.05892648131711598,0.03522779177883152,0.04965329193789842,0.05094688038900973,0.032782430082854065,0.07020017491313874,0.021661625509915648,0.05895878089737766,0.05452343743133465,0.04538382065520835,0.05462408189728111,0.05554136641309541,0.0673241045789635,0.05571675860082506,0.055982673653347886,0.0538314428363726,0.0592013543183895,0.052589417511430266,0.02873815198842456,0.048880668506304556,0.05011045750382595,0.034798443730754,0.07128131591136469,0.04665214676228546,0.024279916166562363,0.0811598384549356,0.05344906011642872,0.03599624420391567,0.04643820071481581,0.04458451587497827,0.06667821907429312,0.06570389724005914,0.04597129289088705,0.03349765223426787,0.06184688667650789,0.05401995947438394,0.06069907700888392,0.05221803361039191,0.04278122452745757,0.05299863724003925,0.02388192546332892,0.052921532611100976,0.04153234515558852,0.04853363355689057,0.031127570374727628,0.0323255749059702,0.04362400657218693,0.04192441286169863,0.05021407351765905,0.037989615944221324,0.0493795743855067,0.053581087712663754,0.051249316498063614,0.044842591811827266,0.03616409591628154,0.06141388731371742,0.05540728666366994,0.04316184617023874,0.042849060507965414,0.060717240455849385,0.053555962619824767,0.049430232091017476,0.048476438114110176,0.045267522445606445,0.047584431414451005,0.052012325478347575,0.0491459090144685,0.06082216845434538,0.029560525776843052,0.04754095157513227,0.04175751400007503,0.0548417564749149,0.045776035950092095,0.048405671046956644,0.047217947078874944,0.06626992377974786,0.056753561856403976,0.05803508139923038,0.024546396638530962,0.05364163381429575,0.046768593775070366,0.019909927401804875,0.04972949003587785,0.05443490226983196,0.060806199874213124,0.07833781805807956,0.026069154065129965,0.05771126749388085,0.05317465444611984,0.03423184663995164,0.05501290672734365,0.05492743464998091,0.07538390706873616,0.03154450783926684,0.03165014111019179,0.038655328610013834,0.054636931095987364,0.05092145762598475,0.05001157517810704,0.03569334970704481,0.04017609703460146,0.05087296818988919,0.03417507440245784,0.05424988251404345,0.06189304572621023,0.029345288083487322,0.04618177853635324,0.05960141604289612,0.04390122743622118,0.03981638696167877,0.054167601082743766,0.056012612979211715,0.0652794197125523,0.055671495927826074,0.05227098958492685,0.05632361403166862,0.05355302118218307,0.03984181921904621,0.04824998195127649,0.07614493989089564,0.05677904815261363,0.06671217669000902,0.06533145603294328,0.0326253080798774,0.04050752751268409,0.04574440027919269,0.059477093557571054,0.050793980784289,0.03700758692521404,0.055258253020831025,0.03189822041009139,0.056636335721914045,0.03248442060366129,0.04061835293499362,0.04985369841701302,0.050232558138429854,0.0631720759273773,0.04603325717536725,0.03451629324270179,0.054962900621002654,0.04347130424072602,0.05329837636676134,0.05183720666951634,0.06605140156496375,0.04535932433091443,0.039201827919555336,0.059948060246307264,0.03716906705275977,0.04513372843513875,0.05323319697637129,0.036461486734494855,0.04315188856385338,0.03576850121926953
49,0.05020823668231073,0.04368926449588039,0.06052385578243031,0.054617157086534224,0.05181287563995329,0.049716319345138336,0.08423947333577111,0.03555618853304647,0.049513438648223156,0.04971767404445952,0.0507409201918077,0.05522711202158277,0.05114183449647218,0.04731960356677874,0.04523627652417243,0.03224480533156934,0.0653440634485824,0.06758254746700403,0.05043730870514101,0.07325672326654008,0.040081328746534466,0.06326584912259765,0.06223189389929411,0.057222823776980604,0.05615376299280505,0.04392977879443406,0.06410067131582957,0.05800437246730198,0.05353254408552487,0.049077275374807765,0.029142977920113743,0.04750525937069452,0.048981768586473205,0.049800714931204915,0.02655488373099477,0.06521888443671263,0.06241079912132747,0.043934800149459226,0.04844668100240867,0.02858256475935258,0.038704502314962426,0.03687846923679425,0.04955911444806669,0.04762195086501819,0.06724101566015313,0.05227279818091717,0.049916285160639416,0.05848447998246411,0.03564962596075075,0.050250306757516475,0.0518800899533568,0.03349676943131932,0.07270554177537747,0.023767083010247214,0.05663610100992181,0.058412994550194636,0.04634358977369969,0.05052839008802872,0.05529451115622266,0.06209842318120881,0.054513147328311896,0.051941336968367564,0.05166575758237812,0.053293219898097946,0.05604465536328771,0.03134383426469188,0.051734097363426296,0.04967547224085728,0.036469038671679575,0.07332116198394029,0.0504410578039504,0.024522426524485445,0.08169947155202703,0.05413464765301816,0.03524063488350984,0.04663653900982221,0.042315447214936845,0.06726813452479319,0.06075536061672701,0.04454294850023955,0.029165093653913437,0.061357408384493585,0.05582262547815646,0.060832183749543904,0.05197890272653289,0.04185444923287099,0.053313964198883734,0.022675932543384833,0.05064674307404611,0.04237903705782112,0.048515626692661844,0.03134880624745788,0.0343861513670246,0.04546687369330419,0.047572194557050064,0.04726248882494824,0.03819156685805041,0.05119343593160712,0.05500375908811894,0.051583317863029846,0.04371245128120184,0.040272680827561434,0.05801974525291835,0.056298806777133746,0.04349695895755315,0.043316471332177364,0.05977222972038968,0.05869607057229476,0.04720487994478954,0.047911625996518464,0.045022495865513455,0.049750803409892665,0.05274699457519436,0.0488215049415566,0.06020387966826526,0.025914158531191733,0.048619435249029036,0.04581158801988206,0.05027144111387257,0.044077016054468524,0.046517180190267134,0.04678397831035199,0.06400277118023846,0.05462149032685531,0.0555720702701262,0.024938295901095257,0.05667387632765573,0.05110273959572642,0.020186005104267657,0.047676895707284894,0.055513208771830566,0.06028273464886481,0.07719618003165343,0.028541110961032085,0.05480271751203942,0.056723165024258816,0.03512926713485173,0.05606867048217515,0.05639897693070478,0.07451713630051589,0.03598452969769234,0.0294724410886866,0.04558697469512594,0.05150451535988604,0.04726563353089934,0.05365654975581916,0.03680632291499958,0.03922583422295177,0.05203024057515504,0.030545815009917966,0.05507099098647533,0.06288540617560776,0.030166642113230176,0.04456131111830305,0.05991372073554849,0.04202496263288658,0.036168708435268954,0.054446711717908186,0.05457243627364858,0.0683850372883293,0.056204004830017265,0.053491403216177985,0.05400755064293213,0.05550764443634413,0.03959703758371524,0.04861375976353233,0.07848132725958641,0.058467931317966196,0.06605607866404299,0.06662454481020036,0.03475184338743953,0.03930442909999499,0.04427493653628661,0.05941968261417564,0.047900753552029066,0.035213437601323616,0.053017188437161376,0.034545270138014984,0.05346781383652298,0.029183918673677964,0.03845660586350907,0.04827055849948956,0.05439261470460925,0.06324784358313604,0.04651961518033959,0.035782723677559546,0.0521932600562872,0.04319667995540717,0.05012015312603081,0.05044713345448495,0.06721681513313961,0.046467994413317414,0.03781467639161479,0.06052018285334,0.04036017896059962,0.046680863336330126,0.05397025395959545,0.037297942016920764,0.04434761312866717,0.03738808360543731
50,0.04775815497481057,0.03949580870665006,0.061142654295723964,0.052925433825567005,0.050695615306959645,0.04753707221923535,0.08286028227597869,0.031492564146887524,0.04873680884805742,0.05053170693216644,0.05332640690112315,0.05896622310520015,0.05055127463381415,0.04861076991493026,0.04467570500806757,0.033353575661756465,0.06329208018642213,0.06722312051903404,0.0490617470512081,0.07028645425908737,0.041982232652323655,0.06261991895606481,0.057625634675202646,0.0565065994565837,0.056711212216873357,0.04016227433767147,0.06362395155824721,0.056642082787766994,0.05519122484651701,0.04623524416381288,0.027514432675855658,0.04711004060398512,0.05093958455205573,0.05155566000812544,0.027339421407077933,0.06682333781135766,0.062107837477634764,0.039703118790081295,0.045787751085561976,0.030926870577754,0.034400967722025416,0.033925953779593135,0.05093550373121907,0.04533535014873566,0.06655258095954433,0.05526932582838324,0.05038242105825117,0.05882013370074769,0.03667620858111645,0.049834980502953645,0.048455402224499546,0.03679653817767061,0.07592077981062507,0.02252804751699887,0.059147333493942016,0.05746204294901428,0.04544108962749883,0.048429576059809167,0.053179688345794875,0.06296795828509448,0.055504441310398465,0.05511657689706038,0.04981648251006109,0.05697531543759112,0.05613354183625962,0.034763677689337594,0.04675037560475965,0.044965644679515034,0.034908976736367114,0.07332872782972,0.05444683887065829,0.025998593686278312,0.08009214910531023,0.051635493245051005,0.038129025893166135,0.042255367747780326,0.04332982051008329,0.06432447289288214,0.06266315385674683,0.04419034841216041,0.02275099291354648,0.059968134238673025,0.05812128479368969,0.058502875116138484,0.05115875631631101,0.04645399100931475,0.05429159832041094,0.023670786283827405,0.05294381566302166,0.04513190796002645,0.04523964585009279,0.029179871752264608,0.033414572287115286,0.04418051983250407,0.04371451552725111,0.046911786159978736,0.03636604279748114,0.05147771222232699,0.05568095274592288,0.05451549465689634,0.0478331296520947,0.040123016301510106,0.05885320450018676,0.055134588047873447,0.04517506695384163,0.041181661581291,0.05778396801020048,0.06039318672058876,0.048821106830596116,0.046588485650247806,0.048191560061208456,0.049551129278681355,0.04991584058408679,0.047281930729925585,0.061228368822131014,0.02542349447425215,0.04350017801699235,0.0454056692496179,0.04742642785244841,0.04584150523952106,0.048957815950600864,0.04387792137969837,0.06441669811793807,0.053813996285887344,0.05383465596752936,0.02240018771402152,0.05349706937072541,0.05283136500381711,0.023442957358526504,0.04812405492932022,0.05716825124660001,0.05823150762552084,0.0722698204584937,0.029605355993660244,0.0535451072799844,0.05819169057241498,0.03150229515958869,0.05126678398772659,0.05108123650372312,0.0733467513122818,0.039450645594829116,0.031078105356680315,0.043909883121098364,0.04897823036147573,0.04461490605348377,0.04851591059068418,0.04154841173976243,0.03722025446656216,0.051194975578255586,0.033918190394640224,0.0559682638998952,0.06447701718878986,0.03223094668638177,0.041856916676200416,0.05637909922751402,0.0451765621147445,0.03227888047458073,0.05422900832491836,0.05625685590877159,0.06642555912594932,0.0570411298730802,0.04846841935721086,0.05426157128766456,0.057341342100616054,0.04330142224880796,0.04816476233614367,0.07694569216171737,0.06105984711474998,0.06559781221182887,0.06573171470111445,0.030457246489020148,0.0365523411524097,0.04433248036305615,0.057726397817825535,0.05070150188797131,0.035307959747337726,0.050859015587637925,0.034639393950635845,0.05588554760719976,0.0307187434530955,0.037385096727375416,0.04860900761725075,0.058630007917284906,0.06127977167528535,0.04959520529167899,0.03693426601342689,0.05037392147119065,0.042467349098325516,0.04441549504905873,0.04975868148379129,0.06138382747614055,0.051026901715571865,0.04004844463811134,0.05970694215866373,0.03838365109796241,0.04547888176955225,0.05201632380502997,0.03346221183628265,0.04585890024571777,0.04196143895529681
51,0.04712960555594056,0.04059670285345063,0.06283444286546533,0.04908548172332742,0.05169118698690112,0.04757140940950025,0.08270994174477339,0.02971702806332872,0.048241307984321455,0.052128859242294046,0.05484425018895331,0.059883714805615454,0.05245443155368895,0.046326970918663425,0.04732522868930003,0.03468271102240453,0.06310835626066662,0.06742268031414807,0.04820565731424181,0.06810459166372813,0.046316064532560444,0.0610678107647049,0.06375919499557975,0.055326749713225126,0.057896933353955266,0.041832699455678996,0.06487237953064973,0.052496197626396804,0.05431164685479218,0.04782652022455737,0.02602356057053493,0.045319440127790066,0.05328713458885762,0.05462844122528437,0.03005190275230461,0.06997122325353504,0.06304364463129744,0.039971776324711515,0.04416042652682629,0.030648310862982083,0.03256109427937086,0.035480722829999624,0.0500863163681568,0.04665418004152057,0.06810592431951976,0.05578512363004688,0.05231109774656328,0.05892306694778861,0.034110173254525096,0.051759654755120045,0.046892980495865315,0.03382809976039744,0.07194776072642206,0.02606446498344836,0.06095351695446622,0.05719275502937719,0.04503591163916641,0.049308101896797595,0.05117471058270059,0.06373833584136149,0.053234275603824474,0.05654080430160691,0.05098945101888378,0.0561674375658707,0.058074198195435175,0.03610973932869537,0.04676493889385973,0.04871213973143401,0.03364896983198297,0.07116187809415847,0.053943024356282857,0.02442830585806968,0.08234513172051508,0.051157474993961,0.040347113504104096,0.038258451115855664,0.044216918550065015,0.06550160608885276,0.0571474065732461,0.041392081354131374,0.02183609647560567,0.05770113849986822,0.05510554101489693,0.05511194574858794,0.04992229620760043,0.04387433006084582,0.05592779713340631,0.022718924054504878,0.05538331883542326,0.04528478292062553,0.041788378648198246,0.03352337041118649,0.03625782490627736,0.04106120473904104,0.03847141572400513,0.046582420607566594,0.03283854838076304,0.05466314411230125,0.06039733121498709,0.056702002828241824,0.04865240749373922,0.03490930310267951,0.058247501570441174,0.057567490949752685,0.044645166874628356,0.03958086171622207,0.05569217554305935,0.058926269275434,0.05042249892781161,0.04405754069512939,0.049364508732400385,0.0487522614012521,0.04861981953979585,0.04994066182317815,0.0570361432115377,0.02431281726007648,0.03976809342031159,0.044991499236343914,0.04874547001699513,0.047028463908621254,0.052118654116847095,0.04615633203739325,0.06482205095638108,0.05462173482694735,0.05454168204269262,0.020314685479991063,0.052810537101770354,0.054016866631644095,0.022409073754527255,0.046477393816093095,0.06081249653869449,0.05487949383863822,0.07211703957671853,0.02998047445476475,0.051566983044702815,0.060122836171026345,0.034807465934422493,0.0534423413516067,0.04899861206576175,0.07455216873417435,0.0400854125459613,0.03274684251206475,0.0424018745333216,0.04560688963784745,0.0465237869840663,0.04855430583962403,0.044431782621747774,0.037374580439406814,0.0540915066724037,0.03544188142805347,0.05685024274777934,0.06178690077848123,0.0370573375932989,0.039761724137293515,0.054154322247692614,0.049132410085320675,0.03470879733702631,0.05482293371358002,0.06319199320331775,0.06644028084400376,0.06003383972626567,0.04532586979157078,0.054944908778097164,0.05494241762220352,0.039839934899215626,0.04408534030895737,0.07687052596671472,0.06112379803285312,0.061368279251942895,0.0681889716893288,0.030190285077593457,0.036052164205271006,0.04622066795801199,0.05435386165485948,0.05142376480155941,0.03144404229522761,0.054569850078397486,0.03325267093235736,0.053465372254330894,0.0297746944057493,0.0340246556434638,0.0467804271021607,0.059479053019759025,0.06173152662439558,0.049367048931124764,0.038329520762274145,0.053461639783279884,0.04351011202724966,0.04144129523933302,0.04869257306549394,0.05604375592450428,0.051910758204418546,0.03791675449729589,0.05418814135602098,0.035615814813320726,0.04355319192103716,0.050308487583518545,0.02990288463162782,0.041767076425520896,0.04582155190183066
52,0.04683352469684184,0.04121780005392237,0.06781397667395606,0.04938998275034045,0.051006389083799765,0.04873853252256157,0.08406307784714247,0.026944755080645623,0.044828778316470315,0.0555721117503514,0.05815203577057852,0.06011959629456093,0.05635971328806283,0.04390296711415106,0.04325330023151963,0.03612197379870294,0.057270589076057137,0.0645630423790815,0.04897661186859764,0.06261525146281252,0.04977923789204851,0.06399568829435671,0.058378745945489086,0.056801235572936246,0.06522076376302972,0.0394832034484579,0.06371994538592178,0.05111775151452221,0.05475778433398039,0.04621229854059486,0.025864320142324024,0.0489175861392139,0.05384063637823803,0.05590325264359255,0.028845881613396438,0.07388439558814236,0.06106571799218314,0.0402314232931011,0.042139331141874535,0.035410010310302144,0.03216536178047777,0.03795882123748312,0.0508720083001387,0.04169588697060514,0.06926161093481997,0.057863236575106086,0.053872985861370494,0.06019164966548111,0.034315547269942376,0.05401999366786566,0.04702347290251003,0.03154892803145042,0.07761988077546537,0.025004704590217964,0.06135319077872087,0.05610716894933063,0.0458825149413941,0.046953219006339184,0.050349211398274724,0.06826566838111048,0.05257653608111792,0.06082910652567358,0.050716998351384775,0.054028257024779716,0.060430262864373946,0.03339763775313328,0.04697434359272541,0.045175297843179175,0.03112352918916928,0.07394851132626833,0.04988957111636926,0.026057945280789217,0.07590634787364701,0.05351711980306207,0.04135553161066044,0.040699459354162866,0.040181866440975,0.0646249037371709,0.05568981469006727,0.04084304118910336,0.02249329551162224,0.062489336445834466,0.05327066355406039,0.060324178623822985,0.050927185833800584,0.043973986851438975,0.05800487646802658,0.021701241532489157,0.05459244750203315,0.04612272223036828,0.04152239332875155,0.028926991613576824,0.039060561625650546,0.0368419448763624,0.042530723322807266,0.042267902942334394,0.03129985341939542,0.05465750052418845,0.06222678295640997,0.05589735111496669,0.049090192838581584,0.03443267610776852,0.05362603500642897,0.058660626168479515,0.04252702572943388,0.03960041650759508,0.05470286368191203,0.054414474721623134,0.04894389526895983,0.044198356197931735,0.04837299375184776,0.04565541167980428,0.045777651566329465,0.04897389558260025,0.05342623041047587,0.024551796896547056,0.03836320016606639,0.04682739023919742,0.04721040066739478,0.04961601846002783,0.05111328365308345,0.0460371284505298,0.06285096260112467,0.05709911854583842,0.05351408217077755,0.01949966150939428,0.053515933226381256,0.054758975908991404,0.0214855025303191,0.047325375139976436,0.05837754800839542,0.054186865188006694,0.07021366613371323,0.03224956563354685,0.053659993200394565,0.057684920464612946,0.0319960208773665,0.05062859501151377,0.05117935084900045,0.07394527686858864,0.04106638213836096,0.035491351292063676,0.0462238334994732,0.040987982592534875,0.05036674008074804,0.04895900974959711,0.04796731805880124,0.03439102964605425,0.04480032714468497,0.034402828983501464,0.0579474377919242,0.06184987104564623,0.039845897426146706,0.04328220736380712,0.05229169955131635,0.04723431236108159,0.03617838552067885,0.05524782378223463,0.061119587695687275,0.06469866898223017,0.0559179102397263,0.04477193501193319,0.055888680289328495,0.054403592863173714,0.03789027901894002,0.047907922961036076,0.07720422529958375,0.062417081622979036,0.062474292739837255,0.06831375121242925,0.03213320387396851,0.03310600045704141,0.043250073455795485,0.05562841240931382,0.05188395370098345,0.03435359147640839,0.05801093478898792,0.032338652775503275,0.0497557392397796,0.029252900405039552,0.03403626058717902,0.04521406086086426,0.05759215462648088,0.05848477705638105,0.05273805693054455,0.039114259456462706,0.05189166343334727,0.04230443111159152,0.040887736386138566,0.0482041406763096,0.05496561082580039,0.055518533838410634,0.03982678739317144,0.056632048256290174,0.03329407718965952,0.04266062795755649,0.051271271795569257,0.03383847499390084,0.0415160128944679,0.04847796958614131
53,0.047225885136168856,0.03782199433655264,0.06537733323631648,0.04860780666200953,0.046642630727739304,0.050323622397116866,0.08443384518747178,0.02658587668414231,0.04259704410016055,0.05728152201386624,0.058273475790097694,0.05734793119867085,0.05509242351416591,0.04726735319189696,0.04256466069286831,0.03782332032893378,0.05605619329819784,0.06616546152240334,0.04747076453273499,0.059637613124231534,0.04897765768584925,0.06556755525070611,0.055447372403253106,0.05418107422061818,0.06956191595047174,0.03955557585477931,0.06715858030754654,0.055790352086595954,0.05431670419260913,0.04543455934136135,0.027602477143952715,0.04823885987977904,0.047719807027142375,0.06129747810007512,0.028437413508939646,0.07343503089730227,0.06018888251974156,0.03880004332545358,0.0401407190171601,0.0379193716368443,0.030979341036681613,0.0390377766935621,0.05109646234788273,0.042300972758689534,0.07169396788477572,0.05835074790551425,0.05291630559538691,0.05966683510031521,0.03761210620807008,0.054121935255855146,0.043825634123409146,0.02982557278161589,0.07880296627089746,0.026064351854636042,0.06350698975102499,0.05575344999714092,0.04304736530340202,0.04179675109514048,0.04694568252730391,0.06622765542382385,0.05061424938850941,0.06154560691291997,0.050781738862214945,0.05807189049788475,0.060352063346152084,0.032732073327174406,0.04701064627983016,0.04932413457925179,0.027880477567220043,0.07716085739286126,0.047517699709215655,0.02361131756317602,0.07652474695022377,0.056458404056557,0.04077037466252168,0.04084374285311189,0.042223286327979816,0.06459759676019994,0.05701661967410967,0.041191374755299735,0.024212251145660023,0.06204466439221306,0.0541860757433028,0.06128639653949914,0.05247990029630367,0.04231939977155273,0.05388426195714619,0.025780805650041826,0.05154559040142001,0.04205449031169237,0.04482056956586516,0.026646292379935856,0.03856676237295612,0.036922146358478666,0.04302511451494812,0.04068877144959837,0.029119837225792585,0.056343987477495805,0.060718052590660085,0.060660083290455934,0.044597896284986976,0.032757475498947725,0.055361425014886514,0.053802549898562806,0.04158149470012792,0.033164088650790596,0.05661724156506735,0.05732928219077321,0.04976327484375616,0.04387965448326598,0.0438678967049244,0.04286009880373077,0.045234660657657015,0.048218325784311615,0.04795873857344813,0.022545972206594465,0.03735431748631638,0.05109791570515946,0.043897007718595324,0.050843682629156554,0.05252238711783725,0.046662183156353856,0.06015404611186849,0.05930311234724038,0.05174785084442967,0.01583451949425688,0.053877810853702975,0.05326903517342378,0.02154250520621035,0.04429017468669948,0.06261154679913838,0.05288220405216784,0.06620452364473,0.034565353620358265,0.05702091428542264,0.056981964173291384,0.03136094986995317,0.05161014895239611,0.047370840950052666,0.07345925424547049,0.0381685333585336,0.037077820714845576,0.04202896245099515,0.042320573772745486,0.04621492580428971,0.05041161660779704,0.04887732754470457,0.037224731715529,0.04497893193616035,0.037185289333068694,0.056756127298850455,0.05365354575597866,0.03847057095947595,0.043228947582764445,0.0533037409452462,0.04926066958229242,0.036111581526253364,0.05393051347480025,0.06060053976683093,0.06783255529920965,0.054407565015410664,0.04476068006534843,0.05480333863953007,0.05564219111531491,0.03886676079354711,0.046417828106728246,0.07654486964177466,0.06085621193590091,0.06299147785161632,0.06855942911518946,0.03137752054132662,0.030593168430792517,0.04791080235210835,0.05606686113446943,0.052405825414799954,0.032333777014195875,0.06373376744736717,0.03501806550344781,0.04957574049223357,0.03308832093086302,0.03640093275384051,0.045230004084746055,0.05525696987961897,0.05741624575288722,0.05375555265923387,0.04008583851365685,0.05238396489939392,0.03885460981618239,0.03776807079527971,0.045908748973424146,0.05384353469694334,0.05630266654433256,0.04318842057039451,0.05810192096209723,0.03018298383284728,0.042493849088590135,0.048769040574183756,0.037098267355713255,0.03638751581932605,0.04749622559393175
54,0.04770451836160901,0.04077139927483696,0.06668894572610226,0.04990128638579473,0.04841552233504422,0.04609827824381188,0.08634253607290687,0.02762009566060687,0.04634159241922468,0.0603039621652709,0.05880432501824963,0.05771659026068001,0.05471781157874884,0.04691723259891972,0.04080171895174394,0.03605709422227129,0.058912338695963726,0.0695867441720382,0.04687836164086581,0.06039448830520529,0.04661251595649598,0.0648410716623685,0.05478680806025121,0.05662680100849719,0.06956281342641916,0.0410977045328545,0.06537003975510225,0.05894891354061996,0.054471722473561385,0.04390165018130316,0.029681796197515445,0.04780360921245523,0.046356365034369726,0.061018886926765034,0.02895547667296269,0.07234652589526892,0.057448937441363625,0.03643428333411943,0.04068598450001526,0.03697425539238297,0.028425868232135533,0.04088824719493364,0.050981946000947534,0.04512313586971572,0.0720616302146828,0.05918460156289482,0.052171233212322116,0.05477615096219264,0.04082070176045934,0.055253349577619,0.046570678596584154,0.029687267785981172,0.07781675236792851,0.028549985010228596,0.07068548923059584,0.05282027854369421,0.04068420711520185,0.040273624220813035,0.048029317429403355,0.06548322877401314,0.0474444245715367,0.06083910514003926,0.04721699020179416,0.05701865404660235,0.06285937818807379,0.035727178765773124,0.046683484986788065,0.04815237318259767,0.033712447860962634,0.07720685007343843,0.046439826713788594,0.0239574321346141,0.07666763865160203,0.05435033184827881,0.0452265961445101,0.03615584243240179,0.04275811206275344,0.062118438813721234,0.057840281924056304,0.043840030991881954,0.021342815786185135,0.05815183621753773,0.05553204082979396,0.060734238273398904,0.05111293587621333,0.04983673896089315,0.05632735713916912,0.023535380540289905,0.05117327702048347,0.04035561300476895,0.047848720415065576,0.02714752337807765,0.04107051504296278,0.036059045418250044,0.04242106296629439,0.0418533469939516,0.026457981377301574,0.053993397543161396,0.06302988968202061,0.06257794847122798,0.043639942616991854,0.02946623970347568,0.059360491843885095,0.05396127315526094,0.04123710227662101,0.03493115115433791,0.05825680201529934,0.05909437486769592,0.05571307258662746,0.036986098930741826,0.039099955980809044,0.04335774403252816,0.04893617908201913,0.047018592739984225,0.044989756121159546,0.022063411707010275,0.03996433875770313,0.05148990053517862,0.042095945120874056,0.051151494342177195,0.05102272454744435,0.0502905226117266,0.05962977622440313,0.05651803141256879,0.051741614447495254,0.016750121567579386,0.05403981716326532,0.05482150825556906,0.02396630696595738,0.042956971814649095,0.06308459147220198,0.05960532851023528,0.06720408241119546,0.036290669673131715,0.05865879821498149,0.05448645355702593,0.029768042101562146,0.051145054387254044,0.043068579912498565,0.0749750153745715,0.03850990011407332,0.03329335144616119,0.044469150827947085,0.040088352381813006,0.04470918124368606,0.05549271808120173,0.04883211960411692,0.03974753546703082,0.04762941417296066,0.03605518264734465,0.05386322184796034,0.054497555313895045,0.03541838673408484,0.04117733561908791,0.05577417981932052,0.04960220602271014,0.03751534067264531,0.05035593938540146,0.06114034426388788,0.0660150741090228,0.057380444870594204,0.04814168792170277,0.056262876833812564,0.05404765974959524,0.03726120040700839,0.048210910406986766,0.07520577083190766,0.062083549084542534,0.06743379504130065,0.06923863694586348,0.03583798487378002,0.030256043374362072,0.050364834863290554,0.055852370237107596,0.04924361359235607,0.032799570586379924,0.06490646728573697,0.035902318030348164,0.049514580097037166,0.036036972842326966,0.03376343412552624,0.04997163055716564,0.055690945428540584,0.05541170406318614,0.05043734584551998,0.04087971796198166,0.052041438553364655,0.04186062005967795,0.03664250918523382,0.0447281584267689,0.052706721174236006,0.05751173980217023,0.043099235044645835,0.05436956680217306,0.028834047942047806,0.03803654976458715,0.04753400466843507,0.038778389917256795,0.03576541293516161,0.047992345729794265
55,0.04732877717083444,0.04259798431117369,0.07029465881318486,0.04971925026204562,0.050591275387438156,0.046695251769924416,0.08679549409952546,0.029979039615619686,0.04621151745818936,0.06062021574936856,0.060236325789367454,0.05717400905327785,0.05874221268875925,0.05039223340026843,0.039181995837397475,0.0376400164550927,0.05737668035557701,0.06698189519562299,0.04686421044827671,0.06152364217718982,0.0472916033813119,0.06653362387906803,0.05352094030175395,0.06224264079350478,0.0669088720541479,0.0387949797888813,0.06366097377038123,0.059006404760229045,0.05422698182783893,0.04123111362068112,0.029906271785350564,0.04775373733355054,0.0467275784958719,0.06265756103639208,0.03361408313043678,0.07344398785515142,0.05692195203004437,0.039356209142368204,0.04243318337281802,0.038246706654437065,0.02790928179651465,0.0396843549433732,0.050774028450274816,0.047365493863927216,0.07011845879253448,0.057003479294700135,0.04893203105932619,0.0548154249643913,0.038912964393866635,0.05733039707252917,0.0453605546456164,0.027061592365570094,0.07864324044548046,0.029920436545309743,0.0702659212498452,0.05396357687480635,0.038741897606680314,0.04462761535264379,0.047979033209540514,0.061459215845736735,0.0441451816859037,0.06310542886275343,0.05312389786476669,0.05429398769557766,0.0659240791141739,0.03621684130448084,0.04651228177454365,0.04990464068883594,0.03536582614119004,0.07227437883784521,0.04115750956580133,0.02784302772578684,0.07750714253518677,0.050765357933492884,0.04828613074065993,0.0385164747786891,0.04225280596730311,0.06331546878855625,0.05498738129179857,0.04254218408931254,0.02639828703693612,0.052100336731098956,0.05411265293647123,0.060239029455384466,0.04884036651673954,0.04623672172535288,0.05568351575132651,0.02551718319093991,0.05068540046526413,0.03965704512440667,0.04573335704847165,0.03346818469775473,0.040827230451815626,0.031089800653397597,0.04650142523693496,0.04511907224416481,0.025242768336601686,0.056363791928368344,0.0658000996720917,0.05977774941750445,0.043653216498538684,0.030575175592379603,0.05927383984393182,0.05238863321290453,0.04062689410007886,0.03244997422304263,0.05636636316665514,0.05725372465272637,0.05367573814227129,0.03914771687705306,0.039866515819195696,0.047713194918867476,0.05086760643336366,0.05030792917501774,0.04571136152605483,0.020640836922639957,0.04201763742862351,0.05250004697155325,0.04035575351020174,0.054857454007932537,0.050247400596125424,0.05014643851127101,0.059953543121759455,0.05813322373485373,0.052591221927519374,0.016885612639324272,0.05200192360911757,0.053213270201566694,0.024174991077912735,0.0412050251392271,0.0661330576462387,0.0593846186985263,0.06724089602181434,0.03080897891201464,0.054731055361469466,0.05679436504675581,0.030193582972156442,0.055629146902516004,0.041586438080163275,0.07727131893569526,0.04282608772254347,0.03656710519623118,0.046871240417738755,0.04080490332951377,0.04146839011165826,0.05235460488856824,0.04950591178204849,0.040315196522790316,0.04857223290196032,0.038130364351405516,0.05641171912310934,0.053754245289004944,0.03593052089303536,0.040931837890589476,0.05037367367249649,0.05055967842962677,0.04237579679187475,0.04666041872676715,0.06112501029486479,0.06595558735069654,0.05715561018381309,0.04631922283314319,0.052849954205183715,0.0522962438806882,0.03640935693941784,0.04852975442234832,0.07659465442267438,0.06102412629209976,0.06772575285620563,0.0656907483544187,0.03479494596693051,0.0321578688847352,0.05103959455805869,0.05563863811465877,0.048114484594485966,0.033174996552067744,0.06315786747593628,0.03640144430752221,0.046739520358808864,0.033203706668070196,0.03551999727178449,0.04630812555564319,0.05593825442727098,0.055604182806355956,0.054469763543332224,0.04419028113059601,0.05081540918564535,0.043492435405907144,0.033648765724370894,0.03818971062932009,0.05561903687020078,0.06163125647873078,0.04866176856970225,0.055824157118323184,0.02759713236158053,0.040282267692295294,0.04919773175623593,0.039753636302352964,0.03421626601088329,0.04858661675044127
56,0.046918450914019215,0.04284449297152996,0.07363097231464102,0.04809048180979824,0.04714195618371791,0.046781324048055344,0.07920321526687017,0.029095062913224848,0.048253531925171976,0.06131012821802228,0.06131204009943473,0.05768062763959972,0.06128658293884468,0.047210179593560046,0.039488918534702516,0.03891983860115081,0.057390101849025134,0.06339555148982019,0.04625644891480068,0.05980816307234072,0.045556659527481405,0.06731378096023803,0.057022273794854,0.06065409199380269,0.06731648624004255,0.03872236701910523,0.06244071472210962,0.05670340031594623,0.05228028049848771,0.041447562319468605,0.026988903554150363,0.047927880232071354,0.04580290538300803,0.06534386209348747,0.03579904879629336,0.0736977259781566,0.05596674421682404,0.037111956817479946,0.04227289592863745,0.03767838186829449,0.030859001018179358,0.0358841103437543,0.05263432994988932,0.04686854242054533,0.06735916565772358,0.05849206741154663,0.050518624864533915,0.057849218529490896,0.03969704343898286,0.05856765640548746,0.04384540629472594,0.03092153648777172,0.08141584257498542,0.024291906051944426,0.06804336684393335,0.051602849204789566,0.03630013757235074,0.0462653259187979,0.04909282633802485,0.06132648024071877,0.043086151931481,0.06350014554146126,0.054373751812332886,0.055808853038379624,0.06491973169056377,0.032904179699587054,0.04794674270270468,0.04685390040068693,0.03240521375895095,0.07096913650021922,0.03718716626700351,0.023528414445533594,0.07381380536188066,0.04849574580219628,0.04589390657418981,0.036875661359643125,0.03763090236891727,0.06387913263235656,0.0573651992159182,0.040533580000992706,0.024668425844769443,0.05161237858162893,0.05379532511696168,0.06328104419883826,0.048547191644092484,0.04649930731354003,0.0579070312873837,0.027277735554386107,0.05056311005914406,0.038547601488113536,0.04405184860274611,0.03478055314089959,0.03691847345579229,0.03418259646702949,0.05018163982081738,0.04250566525016733,0.02706631962356446,0.05550936242504386,0.07108571740584015,0.056416056243162975,0.04664413113600386,0.028837904021433484,0.05717867900943695,0.05244282067931997,0.03657690205204591,0.030395126029742727,0.05416311046064055,0.05510224230299115,0.052840675503028935,0.03830369804023038,0.039371322421687976,0.049286852296848024,0.04445858902178164,0.052644798182539886,0.046590293011729816,0.02581109714694552,0.03963925439808262,0.055017141540255075,0.03723793417610078,0.05707082075693106,0.05059040493613938,0.05097502826662424,0.0585374901731384,0.06076442786809601,0.05346489399655888,0.01433749376656434,0.05283409084118723,0.05358030660996569,0.02257506029924778,0.043892231998275674,0.06576464789809623,0.06630484174424571,0.06852279163725433,0.02956925272509148,0.05757276062943773,0.057409678007692894,0.02980275162953703,0.05540076028038526,0.04442956852132987,0.07638649841001363,0.047168052223380906,0.041876564890932284,0.04680891058709911,0.03881079613648765,0.038768069490973237,0.052631731741219656,0.047111292347407296,0.04150080289576164,0.04733512008224722,0.04006932668261502,0.05234217929925671,0.05639193945828849,0.03633409551474724,0.042110341002636616,0.05043784288099642,0.04896807012023088,0.04592630881899647,0.04442837432977016,0.06374089256046357,0.06509298080468186,0.060394839575555456,0.044095387633573124,0.05483944175391276,0.05416726165014387,0.03567283637667444,0.04792901075340307,0.07979738210091168,0.06051692486769306,0.06519739350261856,0.0664313686162202,0.030852920190029526,0.03195105364615617,0.05062115673155564,0.05394365202745839,0.043161302782509105,0.036182522504285254,0.06284319463983219,0.03706857597255622,0.04815309051111818,0.034222505079800306,0.03568360763639709,0.04431849900125005,0.05405849008654727,0.054100062485242,0.055372160642335404,0.04652190291913916,0.04949077709418655,0.04548528974462504,0.03453763003152174,0.03724516994549508,0.05558638739614742,0.060161383176621806,0.04970520887418384,0.056087086611615405,0.02829063125379093,0.0440820951983983,0.05067345683979872,0.03994226190027225,0.033425368421593896,0.04803509818417002
57,0.04843501525986232,0.045108705010798125,0.07750020189863084,0.0524613024878937,0.045655949371498694,0.04566424629564906,0.08164115198720825,0.028344510877123783,0.05226556368214939,0.05950084512078512,0.060752154690632,0.056641189417176004,0.06359338717913797,0.048957995264935175,0.041909763908781116,0.039357782776949755,0.05647381995163062,0.0625415970747504,0.04864616663005005,0.05760360383940648,0.048359938703719324,0.06554125983761522,0.05685978691637197,0.05959867350552735,0.06660453963577534,0.03843747128963633,0.0604261884549219,0.05578697301808347,0.05148991994832737,0.04079946355625647,0.02340762120313831,0.044487519164192524,0.0467105190735895,0.06289285945701029,0.03652118778981528,0.071022451398632,0.05705119908914151,0.03516067643634234,0.04281496300830916,0.0330040270368266,0.031047763255769547,0.03508268243558383,0.04944807694335389,0.050414209133633155,0.0614846074284546,0.06289688913097093,0.04855780655878799,0.05766319401384554,0.041193236132601,0.060151577710093614,0.045941706794793674,0.02843220639178749,0.07780562594395117,0.024778441641586546,0.063453054508935,0.04923910843261283,0.03816967869586671,0.048914146185886534,0.04435738717156244,0.05741047386095979,0.045411757303115766,0.06227887560309333,0.05179677118758698,0.05955185755063219,0.05956960558584852,0.03397855638242894,0.04757662530887055,0.04742436546221179,0.02984518497421104,0.0711946181368689,0.035447547163296365,0.021066300393175995,0.0713750152307308,0.04628499557226429,0.047527637410483964,0.036195617862138256,0.03823806975571576,0.062180912989134016,0.05354016524987795,0.038841258249524745,0.024344401395425118,0.05241291458456691,0.04864704431804035,0.06375774820780299,0.04989399340599374,0.04268554070167728,0.06301457704007282,0.03149544325476097,0.05084501271975815,0.037143045025439754,0.04411155214975017,0.03245972255850278,0.038009518870052966,0.03247504708085359,0.050700169862548744,0.04299229208434204,0.026310363852863523,0.05560084155016122,0.0707529800356733,0.0552530879792661,0.04618576686523746,0.027305644667692613,0.05920715940420779,0.05288437724548491,0.0333980626893035,0.030250883087071228,0.05512557715903516,0.053701359574826066,0.05569940365999621,0.04113057146460875,0.04146544076516682,0.052460619961726164,0.04233824259188158,0.05452615915637817,0.04607925925072784,0.02668430241884448,0.03757526583516302,0.057854166027230404,0.03740921131792414,0.053988287990566305,0.052343115533368546,0.05254888056119082,0.05572737768267481,0.05783955320017275,0.05621550075433936,0.013760078386103415,0.051278144228285735,0.055501444875058,0.02401328633370897,0.04376800547194342,0.06383169609631108,0.06438161167927661,0.0653022764884891,0.03320468559233231,0.05645653129465628,0.05667414670633833,0.029975569721898482,0.057040483562666895,0.04103911364084088,0.0750121459568383,0.04582871074737252,0.0414710784816451,0.04824826190666036,0.038176917833384935,0.031163571047491918,0.05129851023889941,0.04520369473208505,0.03882969788279604,0.0503871475406247,0.04350497567880296,0.05259119357123396,0.05052265254533017,0.03879178765691963,0.03787129507713212,0.05356629658941464,0.047821672461810294,0.044739715042037394,0.044077110153967626,0.06706075954741203,0.06607790339971362,0.05893708809991028,0.04677447919167397,0.055943622016969036,0.05430569101490442,0.03541529636193171,0.04739350069108941,0.07677243277190118,0.06091631731515387,0.06673376958117332,0.06731189460751198,0.030903764911195092,0.030071833408734677,0.049576204101082946,0.053573855688330875,0.04231962418223634,0.03882690374252508,0.06245757492358532,0.03886022509375516,0.04896949874054841,0.03367273165141451,0.03653190434235158,0.04584163889032817,0.052925846117094284,0.05708953751891812,0.05895433503199266,0.045059401590171695,0.05085083599342072,0.04688760863413147,0.035188118629207545,0.0414499061830315,0.05239337312859195,0.06148609791881457,0.051067813702857644,0.04777765517421669,0.030183837919272392,0.04441513821630393,0.05666285712175085,0.038351473628388665,0.03434616085331497,0.048999670022672866
58,0.049683393534626696,0.046298538340403435,0.0789012465580499,0.050203329080493034,0.04758682653182863,0.04165077114786795,0.08125529908723796,0.02857260426283162,0.05182744440390261,0.05913125755038537,0.06379344103410685,0.05285798898555934,0.059194573339441094,0.0516141814608213,0.042742895513693875,0.03971198401096266,0.05746706668891624,0.05843388577468404,0.04846089527495883,0.060385027121736684,0.051265252834611405,0.06775438184621432,0.05081380248120204,0.06057475608918059,0.06334526342568472,0.03683218013461299,0.06242946486306624,0.054230918685704885,0.052191506763688666,0.039460103940630493,0.023271385121694233,0.04586277441947973,0.048578127365417126,0.0591223987841414,0.03765749448562506,0.07059976603264498,0.053373968900536396,0.03297454975951547,0.04046592702086106,0.03002438765556078,0.03346328632908683,0.03553936195351449,0.050642396126643174,0.05419351837833881,0.06379333134326275,0.06069367499906532,0.04551652190533225,0.055660993647083296,0.04274637256458353,0.060434555677707454,0.044554428076137034,0.027626671250440438,0.07912712487124327,0.022575405039563783,0.06461787990119845,0.05020013048441296,0.036911299294213766,0.050611704000753495,0.043158269255949226,0.058780885459996476,0.04759644867279606,0.06480086570008953,0.05050753055579841,0.061610405533594585,0.05929407935117903,0.032154977115665805,0.04845705983554836,0.04827597115779527,0.029463571841771365,0.07228502365152702,0.0360059878180187,0.01744682375803404,0.07344747087980406,0.042960379747556184,0.04700521791558456,0.037127767017256175,0.03986688606218818,0.06042497622321437,0.05123097348825231,0.03579494088667654,0.023498374843493087,0.054333597107648984,0.047499066253109526,0.06272984083977483,0.0481984440129297,0.046886346663067034,0.06514319036109899,0.03225115293474445,0.04728483641199011,0.03476995451677766,0.04845257658955112,0.033539268376242305,0.041432009361300974,0.028644073915031307,0.04925559633310592,0.04504696690670289,0.026698774516658183,0.05386378994887454,0.07042969369575665,0.056947549360532215,0.044455205296495666,0.029750246627359457,0.06001094365702768,0.05038688511540004,0.03503008540831052,0.03220954544143421,0.057009068233132565,0.05477049943622588,0.05818558669146936,0.03815072330258688,0.04048549697934893,0.05203081922194244,0.04435031001573917,0.05167870981053843,0.048360898202267154,0.028333313330139838,0.03866864434179672,0.05892978784832455,0.036201737877555075,0.05745251432485025,0.050410018768072815,0.049908242255129014,0.05696850735750083,0.06223151442904791,0.05635550276179139,0.011294988387507964,0.04858811728943903,0.05370470323027981,0.02023820409595906,0.0439316365406214,0.0647741442324101,0.06379600314935921,0.06726516892061661,0.031921587512356825,0.05508705932041837,0.05352066327252391,0.029904450195665552,0.058454629704211815,0.043467277890053224,0.07491802633956625,0.050959477990106854,0.04314848304479061,0.047957974609284866,0.04260474112305299,0.033107092364942935,0.05625824516856016,0.04318578400103349,0.04031016884208068,0.05292222334998405,0.04211463489349648,0.052679927395532074,0.0439669194385955,0.04030081871664218,0.04417063706919701,0.050979503694573644,0.05151976113805695,0.04607434940493124,0.04331908033380967,0.06685392194865944,0.06477603965294608,0.05637279588782137,0.04567885999698992,0.056569343380447015,0.05323566748205461,0.03670409504736928,0.050067808241413034,0.07934119318437499,0.05709544107830175,0.06800609872525623,0.0690876538585346,0.02717063650906009,0.032089594847964864,0.04528434827327449,0.05517541726022938,0.04140500751635123,0.04049046735594022,0.060938679189963235,0.038430261200676184,0.04819162434103404,0.030480383208790797,0.037621123158228846,0.04068420512166771,0.053324363452956915,0.05543530996070679,0.060751602108571695,0.04449757828982478,0.051203932348869274,0.05052718517159247,0.03989844774621604,0.0416490913667252,0.05500456808788814,0.05894766133656741,0.051598675250686135,0.045965676064309915,0.030766999631681075,0.046710065404758944,0.05810453720847004,0.037318214336459404,0.029854497390832898,0.049863312569798424
59,0.04746158762447489,0.04660737730895565,0.07621960745552515,0.05224290701916908,0.046235678949183026,0.04385324398871876,0.07981251582414269,0.026790753389389275,0.05150955744603976,0.06294411942208511,0.06362534814518093,0.05221711062704905,0.058032545277236634,0.04958332406715889,0.04000898242191791,0.041072508876851196,0.05736181877415285,0.05862206630975647,0.05011404398449278,0.060025532354179754,0.04475740579418308,0.06545246216634182,0.04685199749361061,0.0601189504528738,0.0629533979045668,0.04133852965930208,0.0624985453056808,0.052723747257518744,0.054459668080114036,0.038524385080184,0.02399204351509278,0.045833030551615285,0.0467273674015951,0.06034606463256518,0.03753517929206444,0.06847034529665112,0.05422850478307788,0.033663468065952995,0.04397719998873204,0.03430155603104717,0.03594384644126487,0.032151994978646015,0.04825228610107579,0.05447435369090236,0.06298537078168531,0.06234307010948442,0.04582900328814246,0.057103290472906854,0.043803634570580986,0.0609544129584597,0.04502332832769652,0.031079811189463465,0.07840753263016836,0.021855161047684823,0.06401842418535265,0.053244196141578826,0.03682990613916095,0.051901636837667714,0.04207075333947281,0.06264467002864477,0.051318874999135754,0.06466925428352359,0.04899860624076616,0.06365639069919435,0.055082751915654815,0.029339268083342692,0.048291085278710365,0.05165605506653058,0.028934177197998425,0.07505370649451333,0.03799149282708016,0.015135664947897715,0.06855567967587832,0.04043305522282716,0.044797255673992065,0.04014192631664545,0.04058228530842334,0.06307560199449229,0.051926639319455514,0.03210719803093974,0.02920034706765557,0.052473510657230465,0.04663499349223971,0.06290204791611666,0.04411326911068994,0.04691382852799145,0.06926367902145954,0.03299441854782531,0.049559066234535515,0.03717202086180441,0.0502523531071469,0.034855527157580855,0.03949530380605225,0.029528075101813035,0.04838067840731911,0.04426447093675393,0.027169142435046277,0.05210909385979395,0.0708503800366275,0.05770776664552858,0.04597765264612161,0.02741729534853724,0.05762883656246395,0.049944050024465954,0.0409339744564244,0.028776772505197355,0.05653558630385153,0.05686257949096799,0.057726251906871306,0.03587889664811556,0.04299159389729419,0.053465711829779564,0.046866129615780176,0.05318989827927063,0.048780528700268076,0.03267328641645485,0.0397156232364824,0.05524468858651668,0.03660550870994243,0.05284826948934713,0.04993884929437707,0.051922768808465664,0.05626005662929154,0.06072643942069807,0.05654359867601838,0.011215099536792492,0.04508619866770522,0.052078966376970445,0.019082402323491395,0.047866322364767865,0.06777042487917428,0.06241267186461108,0.06883264805145288,0.03288119357736337,0.06017463927882511,0.054587030189853634,0.03306599096950375,0.05883389256567371,0.039703996575106495,0.07210072336882303,0.05043759228010414,0.0430184912163365,0.05033750418075254,0.04085457662944478,0.029755732331285624,0.055404470717756345,0.044428313028395616,0.03843510231502817,0.04858113910192767,0.04317006156048646,0.05308723857961731,0.04655549234508466,0.04079192993347276,0.043945123134790404,0.052620225760335926,0.05204318162224434,0.04739426599040878,0.044016671499794685,0.06590908179102312,0.0672997288299125,0.055240023096307496,0.043255396247830945,0.05999259338271401,0.054599478310311075,0.036100483831033564,0.05189245087838881,0.07785003641037706,0.05852357094106503,0.07170593132634616,0.07151700568160858,0.02496671914955958,0.03380155344902181,0.04416075283175231,0.0580195746411769,0.04340422585365073,0.03788480664342881,0.06111992950840445,0.03445852689624889,0.04786891494824445,0.03319581121416565,0.036170961012828004,0.04348432357472709,0.05326311994598941,0.055843729106913306,0.060185533029658726,0.048536210299792874,0.05216130137009521,0.050759755277826404,0.04245096533896682,0.038811107411835376,0.05250475078018006,0.05773759575445623,0.049993061793617,0.04556321696111214,0.03197696510894297,0.05005614943675815,0.059821862180826975,0.03333099799168782,0.035324934033292836,0.049844595372898426
60,0.04728989580248269,0.053562685960622664,0.0738448156393093,0.049226629253738385,0.047395819482350644,0.039616926298535735,0.07959089226458835,0.026742591943487645,0.05108861154434919,0.06350139404589276,0.06579196620021387,0.05194264675638213,0.058354615317845325,0.0510251682055021,0.037025975702556266,0.03963905651510149,0.05400710383241226,0.054333107140256395,0.0511476258625881,0.06149303790027858,0.0458749498489384,0.0651727763971264,0.047170992406591,0.06187426081024666,0.06747824425537183,0.04348193267819943,0.0606448597165862,0.0506021129096087,0.05504351259073959,0.03870868697975783,0.02505876737393088,0.04546216830104897,0.051556903894030046,0.055888112691298265,0.038715044558115114,0.06786545113435785,0.05602968743784512,0.03128792832949919,0.04753144759185878,0.03309630421651172,0.037621952602732094,0.030349768396582162,0.05112374285839042,0.052843760083876715,0.06145731963008788,0.056880692495452426,0.04670596983856428,0.057698670554645955,0.04370414521800747,0.0642471261324952,0.046448996344411186,0.028749946072542425,0.08113552638162252,0.020120479052155988,0.062375199913311315,0.05756705115928067,0.034161604222127516,0.04989257827033598,0.04348053121765462,0.06786034291380011,0.05180645503529325,0.060806723789678135,0.04989002030755583,0.06546791617711757,0.055324686289158584,0.027679903187051758,0.053638288404738624,0.0475084399943747,0.03133714672623378,0.06980011739418132,0.03904973101636017,0.016580690538177508,0.06748072166185559,0.03944484544296677,0.04406318617856526,0.037698321726960506,0.04307299179448076,0.06329579617454863,0.05195563231860347,0.028091723634393433,0.028658851205159312,0.05363551862094732,0.03891478159865969,0.06234602512722611,0.0460673745148093,0.04814802275296282,0.07319396109712857,0.03359587394991311,0.050986337123924516,0.0381681967115271,0.048691193701086904,0.02685493019381166,0.04141454083896991,0.028539812443869838,0.04592613508714707,0.0452621616685303,0.019247276306607622,0.054875346601007485,0.07277207241728194,0.060823959109549415,0.047519949015396024,0.032531722650673,0.05732948437091057,0.05404081177785219,0.04151549996115388,0.025089227592067026,0.05586749817497212,0.057571513114047235,0.056013272689483765,0.03583430865255519,0.03838784308229056,0.057229834926614674,0.051182464451265716,0.051165848903230525,0.049552034806196764,0.03172909804304536,0.04349937514190762,0.05678008356056263,0.03501569526609999,0.05304568413607503,0.04713849958148845,0.051440426054088016,0.057841887413829375,0.05882668112979125,0.05498984518566584,0.011611990064091825,0.04554639962010414,0.05615078974431675,0.017209974013668503,0.049640512709420596,0.06611924184176066,0.06369558195177465,0.07011035117867445,0.03570073504392857,0.06045816046056086,0.05413014317933058,0.034764843026724786,0.05871835320831416,0.03710346453163178,0.0725813714036984,0.05385456796294928,0.044575201219872865,0.05355572293879567,0.03955210821796287,0.02922374597669247,0.05786559406626074,0.049878699256602335,0.036370502949345906,0.049162793510371346,0.04538618499370326,0.05186998203134435,0.04405483638152514,0.04225062241482996,0.04302554331329773,0.05534926465158431,0.04689824404803877,0.050960159936011384,0.04222319769505576,0.06693604733620917,0.06568669553313009,0.05988068221398915,0.046209423519300206,0.060899377736622476,0.05216576801842158,0.03335725261296901,0.05004560919550093,0.07936746730544468,0.05660626083539296,0.06934934884332543,0.07248761010325118,0.02240948184490715,0.03409197747346863,0.044142406673589374,0.05682526057210541,0.040915387501319025,0.03963064519018321,0.06144783272065358,0.030646134917075178,0.049388872853633886,0.033853075820936614,0.03381535098506587,0.041307570607331576,0.050395867235756286,0.05618307920027752,0.05937840909246563,0.044914656043906466,0.0516672841840889,0.05523733878606434,0.04074814539600058,0.035278141918829935,0.051667525708086165,0.057192417017615974,0.047035467028786485,0.0460889372734121,0.032068313211248214,0.049565667035033026,0.05880861210459933,0.028805097956560905,0.03962720509022583,0.045649687742362874
61,0.04565371497090833,0.049624771211055005,0.07505977950968597,0.04704041968757394,0.042520616233447404,0.04320513591953114,0.07989989347567544,0.025757320201882348,0.05291779371895689,0.06495972522530619,0.0648743888940135,0.04815045568347638,0.05974689114565983,0.05191969672723465,0.03792518192352582,0.0391321095504783,0.05535740638680653,0.05504478001032459,0.049712425089365485,0.06074033151846074,0.04624304758567565,0.06384826973790479,0.044117378062494,0.06414527866890928,0.06862040443390278,0.04331700979978817,0.061203456975334636,0.050590160968647796,0.053910600473487266,0.03538154769108936,0.026137948517974165,0.047994185188083474,0.050503705712558,0.05781014759012164,0.04303674734514828,0.07025456470125284,0.05520089825920055,0.029061900245213476,0.04640559263005933,0.03523192522362987,0.03591127809293358,0.03096244215866865,0.04770019798956399,0.05098787841536492,0.06040468533670043,0.05565746738078881,0.049250823126628596,0.058806530559395505,0.04441894135847238,0.06946095105300644,0.04887429974781528,0.030292199658881643,0.08273048476623691,0.020628571246400017,0.06470141588350192,0.05640227410248679,0.03114433494638275,0.05453848956144573,0.04541492430176223,0.0664643448368268,0.04988245723975402,0.062079779927736084,0.049711362759116105,0.06500880834309453,0.056074507179439605,0.0298503665761611,0.051183711924418444,0.0472597181692482,0.03214317664165809,0.07020283937047168,0.04007656660821607,0.016607175832148578,0.06814896459880387,0.037264376416739346,0.045975716380523925,0.0335645544179258,0.040122784935440636,0.06557352439721705,0.051227296679614204,0.02814053504107388,0.026744960235965173,0.053653064013752555,0.04209785418762117,0.06296772130541009,0.0423169376430166,0.044486651468962066,0.07477483714618695,0.031294761489073564,0.05329141044807646,0.04145823919758677,0.05249105898590347,0.028074870239400418,0.04094858434838241,0.025893976085820166,0.0443305568051367,0.04216342229376083,0.018275229229565846,0.05396197935486722,0.07096802809952169,0.06297126863972892,0.05201608487101181,0.03178215596136415,0.058041215848790066,0.05499165433710214,0.03749342763030307,0.027925062273977366,0.05705584941633597,0.06236743569772392,0.056575360232467745,0.039306299685669406,0.03796461553932701,0.0573635728519355,0.049496573912942744,0.04586722627118143,0.050221087676331606,0.034715602214434094,0.049586437977123594,0.05627577407699247,0.03725373294265058,0.052642580208139826,0.04820246696433034,0.048456560644268835,0.057415307480045315,0.05581213974225867,0.051056125365101325,0.01771701804959276,0.04455448356922353,0.05733276285929794,0.013162475315022995,0.05129304562058681,0.06561560720149029,0.06283650016858919,0.07093496107795735,0.03756051675704418,0.0634050962009871,0.05488109744077513,0.03204958876794778,0.06324587843557296,0.03530250536169049,0.06747270178862116,0.05029189436712903,0.044566305117474905,0.05540049791254006,0.04086204903931223,0.026039654454889056,0.060587265315369475,0.04767506774772967,0.03680897591101572,0.046786406540809275,0.0492200822810074,0.04917619146191747,0.0473478888050865,0.04543608552771001,0.04137901240445954,0.056854885619526514,0.04830226221669394,0.04881140886770353,0.04085142303990422,0.06878175933937877,0.06660609800307726,0.056207790392568666,0.0428781717658145,0.056548909097833555,0.05052212706756751,0.033192773970902756,0.049928971623898984,0.0786488703162819,0.05836266538579638,0.06654654383980871,0.07042028673499014,0.021388553058967228,0.035244850150193914,0.04367247808899115,0.05873846362294845,0.04018367407488997,0.04335391368857837,0.05977023535668065,0.029240052141108582,0.05191922785329982,0.03725332271222435,0.035889358890247136,0.04342058704361877,0.05003474535104018,0.05813028379873538,0.06101399031751205,0.0436083216948233,0.05649433814257762,0.05584829411589748,0.03771097368798872,0.03737877650051132,0.05052180329903194,0.05666188100470074,0.04387147580101812,0.047526641050451235,0.03281082062355117,0.048678566168435404,0.05278750718407722,0.02176512100525019,0.04016792950305212,0.04577538930680305
62,0.03917570304311675,0.05150181797710502,0.07097739913906415,0.04809920260665697,0.04389406942150203,0.04206319518721569,0.08016495657543692,0.02372845808854181,0.053812941470837185,0.0616556841716931,0.06567542969412578,0.04616643982237697,0.06296611826442249,0.052123680899590796,0.04165506145084306,0.039244800882272744,0.051764972340672934,0.0602559069620907,0.05001394201882276,0.05936055343631505,0.04588749381186772,0.06152642813086843,0.04462596920022854,0.06695624274131244,0.07209037236807168,0.04481672823479469,0.06342509892591386,0.048422251154039385,0.052191849060900214,0.03770682228611052,0.028064125776593556,0.04868977750171271,0.0446739398823277,0.05681912007726299,0.041980526537985764,0.07302703820302232,0.056135076345984726,0.029023613915801025,0.04692166667131264,0.029561108719110177,0.03613816886808601,0.02926800528963498,0.04941821730362465,0.05064403750911688,0.06251551695087706,0.05503394276631431,0.048432534573569566,0.056620372016489284,0.044207348297934004,0.0685632068620465,0.05151522938564278,0.029526134714136443,0.08092852922363516,0.02005375257476251,0.06570219326816584,0.05193826195506306,0.02802880815848365,0.05492226551764948,0.04483061372022433,0.06534760352979739,0.05054515657667575,0.061091184324985955,0.05013214633812877,0.0646215392822549,0.05579065061596572,0.028488196225245527,0.0505488611871248,0.04945374385167062,0.03267819131487388,0.07075381810672315,0.03979991670063802,0.021923338903772082,0.06605143820259166,0.03880797711756473,0.04457964425501985,0.03565805186038275,0.03903039885607206,0.062025046509975444,0.05240950188666238,0.02742099649772176,0.028303667528228736,0.054178033532023356,0.0430954531442465,0.06200659398575151,0.04634039683028158,0.046491358549747536,0.07577235407265781,0.026377834124844318,0.05283332723830749,0.03838265311318749,0.05348182021479129,0.02614708948461333,0.04277189944073999,0.026679208783428318,0.04733831330173113,0.045168025700088106,0.018358707476404192,0.05432471945907896,0.06632795046246093,0.06074896879471665,0.0506395919157795,0.03195953552230207,0.056715988514274875,0.055648692335638426,0.036563364054266856,0.02951566435129941,0.05573263875463668,0.0605771009886098,0.05705990452940057,0.03844725986601331,0.039579291942205226,0.05828711441305985,0.04762957546962649,0.04806015892938785,0.04787684766167366,0.03364192546149323,0.05246637476389336,0.05652142241586891,0.040093191199309784,0.05276828708709624,0.048580163403296996,0.0524521670057417,0.054886709785969205,0.05283353010824644,0.05040551726912011,0.015828841623022817,0.0465762439192291,0.06073010500391737,0.015362012652209973,0.05353465677452266,0.06988070711968027,0.06042455810861737,0.06879948673422748,0.04047555795571746,0.06795433734910797,0.0528722376080507,0.03128423354457453,0.06481332884885653,0.034774696697424105,0.06568924493386405,0.05064693574691752,0.0443831820403286,0.05269394288636112,0.03780268599255592,0.02617699964570363,0.058497858808397654,0.04860446421861715,0.03579090017393763,0.04508424196953378,0.052577294798957175,0.05155609050589042,0.04310985423252589,0.04376040328959176,0.038927808961954836,0.05715311799405631,0.05008367274118909,0.04985463911384387,0.03880500290548837,0.06937959147959404,0.06789772920514975,0.05504195501820789,0.04823250646370981,0.05679388765932351,0.049153276088290315,0.02973137069266566,0.053250650175377376,0.0782987783027819,0.05883337574312184,0.06632800397152416,0.06916230266403955,0.023050403036703842,0.03501808244281054,0.04500330193073301,0.059138163928748176,0.0413932319429313,0.04371054710122824,0.06173962648849452,0.033416600194414295,0.05494019565863854,0.039591849667619354,0.03890220366904987,0.037525061218804445,0.050340766115771346,0.05825761577478464,0.060162799784285084,0.044517307037692425,0.053380086900358004,0.05465242526579976,0.036767548459839094,0.03543768713232837,0.04715801190699233,0.053423079474581504,0.04001629631973256,0.04427264472868216,0.03302742065016905,0.04967381896373362,0.05461413750359753,0.02228495841733689,0.04226591516019858,0.0472282687423085
63,0.035932559198316685,0.053556774824563905,0.07145704331781559,0.04902941775371735,0.04618706663327431,0.04288215638627458,0.08096798387117952,0.020319794387988786,0.05433867158040162,0.06290000581502807,0.06170036139682801,0.04960330003498775,0.06325022658284969,0.05429176882377505,0.043376082086721744,0.04299210783743531,0.05202810197245885,0.05911003470650867,0.050940162461247274,0.05842538637132097,0.044704302782171745,0.062254783260662354,0.04884434813260199,0.06410789081768475,0.07736126900675717,0.04502603176130316,0.06257646001999492,0.04851203689525084,0.057246371132441236,0.04207765707908026,0.023249208822590284,0.0491806106095718,0.04453692018721659,0.05687742396384822,0.04155709387298616,0.07730056925418091,0.0558093855515978,0.02836083573764081,0.04233543748748842,0.026622679940486164,0.033991701800624594,0.03173130131528034,0.05145244512783573,0.05331485491634791,0.06165596310143054,0.05586632196155483,0.04516493364939403,0.057299353570965744,0.04776099792567235,0.06923660473725017,0.04946503799667813,0.029865185198026577,0.08270405522662841,0.021598531809032064,0.06480548805308568,0.04857028160876567,0.03327460083713094,0.05189777222395132,0.04161537946552744,0.06448677863855917,0.051178375981160734,0.061940570163731605,0.052352590570999336,0.06542746528693812,0.06104103525436587,0.03372532636170206,0.046862036875075765,0.04835072734387837,0.03113745404676121,0.07138258131318814,0.04027366090240376,0.026393027594592066,0.06553718197417137,0.036085112883668356,0.04562983516630426,0.03429893271521049,0.03975411517961374,0.06622430715847816,0.059920022385643264,0.028678505340603858,0.027374123971712756,0.056956094549843996,0.04374082874394655,0.05690693030992871,0.049286520152731605,0.04869246288052411,0.07717265088392865,0.02579592409311725,0.05303499433904574,0.03666570910240362,0.05619897917467101,0.027894731818748155,0.04154996858068307,0.026553803567343964,0.04794693406276129,0.046509052139247345,0.02159941386676606,0.05543591172536873,0.06762217364056607,0.06408585491701842,0.048970538956022505,0.030892668816168038,0.05574509051327888,0.05222949680130526,0.03759797435230548,0.024034504336924847,0.05402357972410696,0.058101185403077966,0.0546771910576535,0.03589868225977003,0.04491975122109998,0.05508836242374001,0.05050336344241525,0.04536552683397867,0.04553101246101425,0.03396177343327908,0.05255828278799721,0.058074561777238264,0.03650500949832635,0.05132149643121503,0.05162386626481368,0.0499813995995728,0.05109960926449436,0.058116781689253855,0.04974627165964078,0.012923444388391991,0.04627942068549011,0.05958620296990702,0.017180669511005445,0.05289316121731798,0.06958861988791593,0.05668686416764939,0.06984508590203928,0.037447998934949385,0.07248423109455683,0.051800260659217855,0.029542098690526257,0.059176604579866315,0.0339420928091448,0.061284877281860856,0.05072170519295752,0.04429837601827808,0.04890016809591368,0.03745503214514303,0.027455658800619065,0.06132152478787502,0.048774981778085966,0.03776760222961605,0.048129537818479826,0.04948590701133378,0.05300523823816597,0.041513121523605506,0.044480094789705986,0.03638470940101539,0.053631173065724624,0.04901081997104651,0.05022047971466914,0.037709465427387526,0.07193506391095314,0.06723927443972642,0.05654327158943146,0.048595726363815796,0.055458194096337066,0.045528917634135115,0.02525835803942226,0.05294724275738794,0.07971908209709393,0.0612139231799535,0.06488809547457826,0.0679262805723894,0.020612500517430837,0.03585662516686677,0.047607752073883215,0.05950918056530011,0.04206178790054537,0.043953815009208745,0.05871635083443909,0.03678386101590272,0.05303685533555712,0.043367887507097955,0.03440124602057268,0.03666208542283689,0.05177713517249046,0.06089890818287711,0.06370906271662574,0.04738682057120655,0.051059252990987194,0.05506297243082374,0.033695540999349134,0.040071584543660936,0.046957532898872674,0.050676206094755004,0.03918857595936954,0.041413030477908286,0.036975033916102414,0.04876934111796434,0.05832169615406195,0.023639355373764152,0.04421693252149285,0.044850199583298174
64,0.03474452534278661,0.05427530120751598,0.07093475842324234,0.04462079589286609,0.04807608902603217,0.04210013065059703,0.08212552582855391,0.01351935533849724,0.05074211288303446,0.06032406142477447,0.061066831586235534,0.05229310250234771,0.061342052651927305,0.058990229592223324,0.04121105908732456,0.046501246738030265,0.04681926032793641,0.06013801034003714,0.050990707816559594,0.057209280177146285,0.046320154468329974,0.06250808459724377,0.04813143440595043,0.0644404154255129,0.07875812764830326,0.04300514889970293,0.06092380286460548,0.05062598819018616,0.05849378854826203,0.04231152173981514,0.024296939007265612,0.049083610649914275,0.04513767958879877,0.057607369347021875,0.042452781521747786,0.07582921018547359,0.05461183388213728,0.029243972684218685,0.04250594772004726,0.023794737513613176,0.032377402831431513,0.030920070383761503,0.05048758283082702,0.05136327640386086,0.06015979844535985,0.056813587130600696,0.04675674931108566,0.05680959230417543,0.04979689772236612,0.07106385622056892,0.046669791580451786,0.030181752279582662,0.08437367768428902,0.01918167482770305,0.06323321077928354,0.04850069728882355,0.029307534621637377,0.0537019904510076,0.0417108348059304,0.06490260148704156,0.05265360417807281,0.06221766074256258,0.0514613096531689,0.06367802162946652,0.06627084528787945,0.03075974941331597,0.047746566051362724,0.04773632597065797,0.028910256035090887,0.07046976684868998,0.04474881325864245,0.027729134973752474,0.06514256224987824,0.03812578210049326,0.042474040243263046,0.03478528010452835,0.03902371263963895,0.06781311710814042,0.0633083648613815,0.028771681894826283,0.027567828141449684,0.05735232786186183,0.04564719462383567,0.05741320427483411,0.04809510521548924,0.05112373138806898,0.0771468499524026,0.028076157671166592,0.05011042740798191,0.03806586655295629,0.059524714913071465,0.02735729229281256,0.03960318382060262,0.030573340342677544,0.04882022936987797,0.049460528820727934,0.018260155970525473,0.05657785809095836,0.0651349521554822,0.06429197051852424,0.046436285393862416,0.029370608732838557,0.05328114332160886,0.04983355114237867,0.03647896841268006,0.026752293258430627,0.05255463840195913,0.06268997665465229,0.053883298190999476,0.03845936687704495,0.045908191731025526,0.05535376955978087,0.04887867014841101,0.04812197083148427,0.04776782253474786,0.03287118449901063,0.056738251409768604,0.061743394492792564,0.042774392963623335,0.04858540989920263,0.053063740959947994,0.05135905141031554,0.05105561412330582,0.059307163178281296,0.04844394687408258,0.015815398970355353,0.04495754320839859,0.057356558522268376,0.02026123570218644,0.05277558021674215,0.07144990228068376,0.0629357885104725,0.06882532156691247,0.03419216886661244,0.07041741708357649,0.05176243552248735,0.03014346273634977,0.059648525231624665,0.035873503620636744,0.059317293841391575,0.05034823667815221,0.043393841642217615,0.04851027027527543,0.03477387649110842,0.024024544837672107,0.05770786716581211,0.05008184965286289,0.04150694282117855,0.04806368591788618,0.0460518180244964,0.04995058604347208,0.03951873837830521,0.04551768963547113,0.0328561054082212,0.0519044139417282,0.04407560903766407,0.05430605628193648,0.031704424901087734,0.07177519544500943,0.06425610013808897,0.05045299516441804,0.04678168816704635,0.05517268848011953,0.045285724801466726,0.03084870424691719,0.052555514526287664,0.07799122993146047,0.0622750865797858,0.06723901493717231,0.0703761972493943,0.021175304710956674,0.035731488480391524,0.04912410200010913,0.05990065443223211,0.04365455883610753,0.047359178951087565,0.056199673761653905,0.03492946418893761,0.05393213769440934,0.04405105019006728,0.035969256871153196,0.03872359064985495,0.054474844613873405,0.060093833373823555,0.05976920074111097,0.045636304950653045,0.05531320038266329,0.0579443690391364,0.030964590922772123,0.0382838352032131,0.050422841808137546,0.05202644653865492,0.040265831249080515,0.04355363434586167,0.03894439250302324,0.05013834582636204,0.05740082038169054,0.025720139692802426,0.047331589372241384,0.05156190038203552
65,0.03769636514036108,0.05020452362852444,0.0694784761797779,0.03943904550849506,0.04833799622676479,0.04440955765903841,0.07988384294660808,0.012400171481094952,0.04763180721322587,0.058798014705940475,0.059546898738092366,0.04964731460609532,0.059722626945926525,0.055244700305608845,0.04387617936123777,0.047910840278101156,0.044989055686867487,0.060678574470056895,0.051450517994527864,0.05487764215452693,0.04784285020281457,0.060230494307089245,0.046248899211997506,0.06213660640025895,0.08166824296997904,0.040178361141832805,0.05830493721020856,0.04864935718582635,0.061931068652172336,0.0459142832494724,0.02581178711311282,0.04938922470850813,0.04459974762684206,0.055669161293087806,0.04299091486340643,0.07745714547834925,0.05565046697805114,0.03170013997728977,0.04259822408331523,0.021765123790357804,0.028261218411121367,0.03331312579350758,0.049698213641341936,0.05138659741119232,0.06152538665999985,0.054461738369302945,0.042855590519493995,0.05217050498992969,0.0487277093089147,0.06934288647422958,0.045365770654684674,0.03289220812272601,0.08679244966686503,0.018023769294319193,0.06255534546288528,0.04781241155060297,0.03416506734500908,0.0521927444933914,0.04779850155438801,0.06311902758915329,0.051748789931436195,0.06471785607521371,0.05449748617825643,0.06466900178965594,0.06748084074709368,0.0333540833750105,0.046292164558105545,0.045713455395401004,0.027693393164920137,0.07086869280326202,0.04714278107767968,0.030367912793321333,0.06438081504220776,0.040592702532237124,0.04621512739761864,0.034042046244318724,0.040154939665193755,0.06563688139522292,0.06179412713035294,0.02974700371785744,0.025565941534774872,0.058211380876227986,0.04616452780696251,0.05624362233485226,0.04792880790361865,0.05282545201992838,0.07390397716594584,0.029178138895585144,0.048575336072178656,0.03390826882069596,0.06015624414058445,0.02804720678443503,0.041682528322196065,0.03392963581155915,0.05246325117271602,0.049427752205934525,0.020402095950821673,0.05821677710705676,0.06492576625390417,0.06499577638717136,0.047520490670350406,0.030409402355117025,0.0550914916881992,0.04981219248913756,0.03913320776463651,0.025259294878766023,0.0503886393298949,0.06338116616599719,0.05555354047404963,0.03702630871194283,0.045533004599638105,0.056706831136974375,0.050674503170682596,0.04898716653958881,0.04853010126845786,0.03500693502617836,0.055187614580858635,0.06527050842212401,0.04531581185641925,0.049425915462363273,0.048965672851114465,0.052316126763406655,0.047548413799852494,0.056856545995681976,0.05144715151719527,0.010368590754039547,0.045991304538037604,0.05642405089382794,0.020135214268361238,0.05345041530545323,0.06626107786011526,0.061273955754057044,0.07165524527313148,0.029392168950525606,0.06662716155745704,0.0511526589510738,0.029852327355303312,0.061671244252561666,0.03558804294763954,0.06030857891267257,0.050711875522694135,0.039233400064913805,0.05254485206499314,0.037309104610154305,0.027193339248130433,0.060672574694960436,0.0480748402596498,0.041142040258997814,0.04523111381583461,0.04542138314307161,0.05472371724796725,0.040434249696133955,0.04458186259233248,0.0359742765845859,0.05106790124432752,0.046193648838527175,0.051771441896456605,0.031672433588842405,0.07011680920117908,0.06440649813363108,0.051690612579687614,0.0519821094146912,0.051557062940617966,0.045847897396321134,0.02894229635252778,0.056154578331085024,0.07816026585528883,0.06404847731676011,0.0675261118499882,0.07187027859590663,0.019042815306729716,0.0382681786156176,0.050963966754970134,0.05388587079112453,0.04033928403447681,0.042503172762959375,0.06062780084288113,0.03394831404397217,0.052952314255066905,0.04324404396213396,0.036046004713974227,0.04171093582834435,0.052060785416270704,0.05640129655349358,0.05968856696149117,0.04482851473394357,0.053312641456249706,0.055048641528938395,0.033670710533637696,0.037970236999990435,0.05214669009513422,0.052560209366491785,0.03792761035129038,0.044043343729944145,0.040827220348131424,0.04713459658020032,0.05653762696407487,0.022138393900030466,0.045877844530811694,0.051359762919688336
66,0.0355186767349171,0.049404805939313005,0.0668835502646302,0.04704504664901242,0.043859002795786535,0.04671816759708993,0.07710411739042627,0.016715119719526012,0.04750936171525323,0.05755024077278517,0.05797644647577057,0.05131220311625542,0.06097388556049721,0.052537329457365396,0.04009259155263919,0.048946535175005974,0.04181875833522566,0.06271224778965533,0.04976240441636389,0.05532353293696524,0.04646623557155861,0.06009393615959893,0.04042412873597099,0.0624052045668838,0.08070858101535318,0.03903657229937865,0.06057856791422504,0.04356685627080578,0.056848196118397094,0.04331829999031942,0.027428537864864648,0.04975916496559537,0.04841940745924503,0.05584010806253069,0.04291888256451906,0.07525626293655044,0.053873634063764185,0.031109405229466387,0.04094706686084381,0.022915004037974064,0.03270111162297789,0.034743171375399125,0.05649066828796127,0.04900635024104998,0.06530625553358059,0.05216602479036135,0.04386177572069763,0.051800173456551565,0.0521993140507258,0.06815864196394761,0.04329641029655428,0.03734877329523023,0.08334115489142362,0.016670210739800406,0.05793539873256803,0.0481683663057709,0.036664297100655156,0.05282482817173094,0.050506399706968026,0.06600069225034311,0.05554679545619109,0.06311282371264061,0.05774773704797949,0.06377939036472326,0.06643585874511757,0.038539981165791506,0.0482944241950112,0.043571882007044115,0.02802214764870597,0.07168713342682216,0.04502601384620045,0.030315964011229806,0.06418728535054194,0.04330214317505663,0.041887037270576064,0.032544522573338265,0.036643772420853905,0.06412721015123896,0.05790386538817453,0.03546774022008306,0.02512951356716784,0.057581084584652775,0.043791730481091334,0.05673169983128233,0.04612282611872827,0.05574656720059702,0.07209283301461779,0.025156956030251837,0.05173889396046939,0.03634082668976947,0.061405891368251975,0.03320139890031251,0.04800695285197943,0.03185196833028414,0.053459106216211846,0.04999658230181833,0.016922976661844887,0.057675795451505384,0.06386766728552021,0.06716998842677306,0.04716475198851628,0.03201709774838003,0.0563146639355935,0.05065948446070651,0.037273397928605165,0.026621480532930522,0.050773273799321575,0.06495041938689913,0.054562516043243754,0.037071367591188696,0.04320480511022187,0.055641229759213415,0.04887821385060744,0.04399123727959719,0.0480911890390071,0.03578519253935321,0.05168304179739563,0.06501172204729082,0.04428388777354743,0.05075280631843124,0.050963133735807596,0.053233854260035775,0.04288022146954507,0.057327854979450796,0.05321126811266843,0.013472960315160779,0.04565358503022453,0.05484935043827212,0.022745056072623872,0.05406813512563656,0.07004614314133392,0.05963447858244285,0.07174025870424458,0.02432873412105669,0.06804748503866885,0.050326748402729056,0.029459534150709538,0.06148943635685898,0.03569725314627223,0.06002109305963068,0.05078675484075744,0.041607104713054927,0.0568474718839221,0.03638261551715334,0.02640638611002276,0.05993760791770908,0.04503860287427287,0.04600642220188211,0.04340098071210134,0.04306701073553537,0.05632683381029774,0.041047818709268116,0.04118397229884059,0.035056915148563156,0.05151429671416226,0.04506188716534967,0.051702587006125,0.03408918001918502,0.06798577533894427,0.06861422598684463,0.05183337663785828,0.052121757246131564,0.04935274110277287,0.047822304420028675,0.033034808197355096,0.05651942926302583,0.0793516694399425,0.0661216319298382,0.06908845160264633,0.07265068016388761,0.018042108886283516,0.04048231069812059,0.05186433016111241,0.05100211558455047,0.04019726162508748,0.04311982665441598,0.06081046328584369,0.032809542249235935,0.05029409943543073,0.04542463264073451,0.03626235284039909,0.04394529526375466,0.05554823968620038,0.05642690416520202,0.058762296628951015,0.0465295991963565,0.052764170643228595,0.056315905962358366,0.03625554357410507,0.037878747906488375,0.04927310813385673,0.05126047470760997,0.041282380374896906,0.04485236699422781,0.03979063019334477,0.04510309778674105,0.05582792269710374,0.02316132908101297,0.04229652671945982,0.051889591510870525
67,0.03796829244288728,0.0484367044890176,0.06849484015638073,0.04721961105414166,0.0426448889488506,0.044206603290831446,0.07505207358957924,0.01657925835679057,0.046378836395296344,0.05783866733108882,0.057402386945751366,0.05088659264685104,0.061347211191114054,0.055085740907474624,0.04259369104995056,0.0488458974156565,0.04141165730488593,0.06237809625076238,0.04977858253147541,0.058746934328205165,0.047253476578741946,0.06020855672591546,0.0450657380434217,0.06204620490638971,0.08311438893699494,0.04138225532586762,0.06017398044019756,0.036046879136304576,0.06037635991368905,0.044859019138338396,0.027603800410298338,0.045097231944398554,0.051455930909520005,0.054290741837829434,0.04687014515864671,0.07680869383083427,0.05577692599309728,0.030694702773853173,0.045450246698092854,0.02299900808389276,0.03488270035066963,0.03435676286819511,0.05472800046480187,0.049573285894450474,0.06488864824295387,0.04909399678434878,0.04257674251374654,0.05362912369985191,0.04909291306238718,0.06750369308100158,0.04306295033817514,0.038858119589164256,0.08243507957263277,0.016214512371124427,0.05582937113000991,0.04192576784628569,0.03660789276268623,0.0539209422740048,0.04664398709909613,0.0654674734132101,0.05626541660696159,0.0621333025966781,0.05879886771145157,0.06182729115641853,0.06604610413822205,0.04125631735146018,0.04864162103982411,0.043424666878301,0.030952549555185265,0.07504039654671618,0.04582250052244937,0.02888311724858892,0.06012551353289328,0.04403521584833672,0.04145031327311054,0.027676678153818638,0.03431842600764935,0.06627612635693689,0.05570530906304258,0.03637230245077188,0.025811107764317973,0.05457016745201851,0.042472321125695336,0.05549691113731469,0.043810540408972504,0.055990511977430935,0.07581114395943196,0.027015369510201028,0.0536256650893419,0.028636938200400395,0.05907766885174188,0.036017138833036165,0.048962852348535986,0.031764869757313845,0.05685403069408013,0.04878135132016509,0.017637956465339902,0.05283645021388434,0.061512208086015784,0.06816200835455086,0.04252583812825654,0.031002818684777157,0.05513329322579651,0.04915435885023304,0.038199187048172815,0.02333300805883889,0.05039606633314672,0.06636980448756317,0.0596669015935288,0.03418543633464337,0.03928255396913641,0.04730221102598604,0.048886565639227796,0.04356785566010677,0.04843232003648324,0.03491920702445085,0.05140924823101308,0.05921242925835149,0.044503702312053035,0.048564997750198846,0.05373366854965835,0.05455729114140841,0.045194394233529785,0.0628022634098209,0.054937395191663255,0.015018715918566872,0.04978656894664291,0.056258541536089245,0.021397673556202763,0.04822714529270643,0.07190781627618224,0.05798368780934929,0.06524647686050394,0.02666301650097175,0.06889118150934015,0.05253123716689071,0.032483274229675216,0.05955946056084784,0.03136597762473362,0.05850082994373715,0.053288082843277296,0.04290325744070064,0.05541965935506953,0.03342347733839788,0.03067019198975434,0.058384273024647396,0.0456437296508092,0.04803615187470574,0.044396451948467315,0.04594052635777386,0.0577774053420823,0.03971113009261459,0.03869507824236072,0.03346124466611829,0.050765302493015155,0.0487812794785228,0.05203635274642259,0.03941675414017114,0.06755975620195392,0.06513038197428007,0.05327685633835729,0.05036019638661322,0.04660552823754593,0.04527830377721532,0.0332518354065317,0.0568816902686019,0.07684349545566506,0.06491816696301182,0.06916039315324121,0.0694769143325489,0.016405591172160776,0.0398382395551432,0.05227809678196151,0.056143836659775403,0.03899517907395839,0.039984116139257446,0.061372144736789425,0.035585682800303726,0.055357664198034465,0.04640098170076598,0.03501114722712617,0.0461682154682209,0.0546212906981098,0.05437638135357138,0.05609266635063653,0.04456654884530381,0.055823780111586306,0.05831540993473062,0.03632905231123338,0.03431237748187838,0.046196442505806554,0.05243088354350014,0.04111649511293822,0.0460262362300221,0.03496632169305331,0.046324328921044676,0.06180601308488316,0.02665424593374127,0.039442617773604666,0.053736340534595896
68,0.03594516723383353,0.044304693521191575,0.06312799804958151,0.043776646450709104,0.04299263551095872,0.05001077378904139,0.07776839857770715,0.017070900922751778,0.04330340544068808,0.05834245085669302,0.05691572015814221,0.052197378644574265,0.061210390851969984,0.052213373967116734,0.04291050921800084,0.05047331656972597,0.0471187202225273,0.058483686881897236,0.04796435845231105,0.05872079689489521,0.04933382540330452,0.05986801099099586,0.04837334186638341,0.05962281169983078,0.08301513302812714,0.04446841722275604,0.06063289246180409,0.03639376411571978,0.061510666011879524,0.04879955404515869,0.026071612170231222,0.04648224783728454,0.04625500115489834,0.057149089132365834,0.04729141874528718,0.07691219029232359,0.054657479623935704,0.028630444709838075,0.04572685861234325,0.019742982324451597,0.0339465041801867,0.032821266327912726,0.055796018321297325,0.04907956486468263,0.06353646690008832,0.04930882333337338,0.04475021384169598,0.05464061509546616,0.047023713465842755,0.06915253593904881,0.04615239528958513,0.03759604832078579,0.08223930975716663,0.01802020989725675,0.056179752640151126,0.040076291166750745,0.037425636616418796,0.05355373565886447,0.043834614805660865,0.06510975795948981,0.057902764058389865,0.059113112701639645,0.05835179948321502,0.06556285681370685,0.06554315579584506,0.044198292242451954,0.04923035896274468,0.04594055832488847,0.030343521151910923,0.07072759421924418,0.0485045426493214,0.02715747624928264,0.06091573969267372,0.03832858830081117,0.040645228410544874,0.03265087062658895,0.03116584577749128,0.06350456281175094,0.05212046137741618,0.035137967158069036,0.02831968806712771,0.05440402442215828,0.041793129293291736,0.054700688903234214,0.0460582917057084,0.05527569601535206,0.07794034415355396,0.026049034624435946,0.05684940805955163,0.03152581158219487,0.061197846202363716,0.03909772425726378,0.051789022164418975,0.0322374659216038,0.05552211094315879,0.05232090592687292,0.016475814893984017,0.055426911950487635,0.058438758591412045,0.06325102924950134,0.04467534356841887,0.030633318840185917,0.05664688051986134,0.053482725518490745,0.03759509167002865,0.026601181039740542,0.048056047193984104,0.06516489960938103,0.06327902622060447,0.03016294674539324,0.03987518763554978,0.04619745789527351,0.05013611964145435,0.04375441819567327,0.04716701736446387,0.03670096755088575,0.05051041378916524,0.057526602756485384,0.04361742964318569,0.05076474193701376,0.04957962049627048,0.054678835095576805,0.043922338198291555,0.05843505645748349,0.05608039570196525,0.014996420156934177,0.04883624413245033,0.05991499576771503,0.023739512782456628,0.046692029762821226,0.07512503229742637,0.0562877381991544,0.06318619716816126,0.028004882684647014,0.07026579453063157,0.051858798312973985,0.031575578894155576,0.06031979498892085,0.027663162521421522,0.06441261199529147,0.04907540086088617,0.044917994908805964,0.05267659623092379,0.035382460848228915,0.029564647262492638,0.06372646651543591,0.04516076877469037,0.05018850254860935,0.04095980352870062,0.04072712227189539,0.05765520517699354,0.042453318392642374,0.041102369127555306,0.03697157108974305,0.04616141752603699,0.048932777593761155,0.0533750068785362,0.039169398871628236,0.06543510118051202,0.06261788802643714,0.05165345661474883,0.050966738339404356,0.04863002823437556,0.046022480685154396,0.034419827627936606,0.05873043086237485,0.07823526797817025,0.0656241209526851,0.06466456971412049,0.06590359781155367,0.01652307937763407,0.041611092229707644,0.05704717259556799,0.060141909971113613,0.037737706808862716,0.045092086942298645,0.059728247524429276,0.035056402667963574,0.05179722079814477,0.04836010994927279,0.03337314808755351,0.047321173099939266,0.059364047823058694,0.04997494127169836,0.055515478033262726,0.04481673001622486,0.055439023914146075,0.05481533556352279,0.03750353451374519,0.03271953268308572,0.04692779933779271,0.05498823594808785,0.04022328806702694,0.049522875583230284,0.03647708887160902,0.0464957481282025,0.060996983312830794,0.026185363421824707,0.04050432881090562,0.05133495226357748
69,0.037058137666282985,0.048946840180578904,0.06600965760864869,0.042238880608164886,0.03554472737285593,0.05203486364028727,0.07420562100114145,0.016692749640322652,0.04553114303971738,0.06046178484041722,0.05589050982571332,0.05202517578721209,0.057688398913023006,0.04946762887790649,0.045553633955949635,0.049009907326623595,0.048081295629309774,0.060547316101683686,0.049793526564155165,0.05895762538834842,0.051649170165532395,0.058260549680586776,0.04626606180627353,0.05698451859506519,0.08287003650835331,0.044763909681976806,0.05831153066397509,0.040408265980422874,0.06240914265660844,0.05230177080262769,0.028663291937964887,0.048461364435967845,0.04327427727802045,0.05484207372177651,0.04875826902806494,0.07955261990105758,0.052373286149430806,0.02514543552367648,0.045137822402948606,0.020631162151077697,0.031817345022134194,0.03060469657389031,0.058469104154031816,0.04828434128491686,0.06086918376273535,0.05102641766146295,0.05088290123345055,0.052061806946924694,0.05015633622276946,0.06861941524202367,0.04179208319035044,0.03608988966672909,0.07797024217534564,0.01624774863668207,0.05718297626552831,0.03847976851978639,0.03738599661099352,0.055331182555592474,0.04534961278933118,0.06138186420896747,0.05910860885744333,0.051650090063861336,0.06200604788126418,0.06401125158695799,0.060762537509969905,0.04054588621317139,0.05331154331258086,0.04642026654431069,0.03131578807322632,0.0697261650129681,0.04287225359464417,0.024810570740546056,0.06103316766463219,0.03759032071385838,0.037639019919051324,0.02937475258028866,0.036161042031620474,0.06433394396803002,0.051405054156654216,0.03404606518855193,0.026852284743786016,0.056655379757013465,0.04466417131568046,0.055264727415612724,0.046791618063195504,0.055239453318779046,0.07343482804153949,0.027845508593468314,0.05822095702598965,0.03177336442623396,0.06083635979512,0.04085698387635421,0.051054321850056164,0.03171034374218319,0.055831592045739564,0.053203720380850486,0.017178097339304626,0.055124262156688246,0.059199314975097284,0.05930873688502562,0.04670848321121457,0.03507889376274928,0.05624020728921528,0.05200894657955389,0.03625268292113554,0.029002209969344012,0.050410369581144004,0.06838854912017721,0.06199355044770971,0.0300838315903103,0.03835227629823415,0.043743094995416135,0.054705495232480625,0.046395412787898146,0.046745606422580355,0.036052523133481514,0.05179900361930549,0.05432973199307295,0.04608885597189941,0.047750569314789076,0.04957856924934443,0.05705836865015291,0.04266132760036646,0.060724566346327995,0.05594592933177693,0.019562348539655328,0.048898123705909284,0.056256166179366254,0.020938444436524633,0.046282025428211096,0.075839100607643,0.05934001978903375,0.06450699837997924,0.027891952689616167,0.06962034883920352,0.05094443623190005,0.030017389441107968,0.055717689740865085,0.03032429128264104,0.06458318510468673,0.05139552676749701,0.047449116378075244,0.054449247389287296,0.03489402291566212,0.026853647766246536,0.06607105566038782,0.04726486958390682,0.051437487141594955,0.0437004619346088,0.041548622855606364,0.056767389178383726,0.045097096072283384,0.040896475227566946,0.03417001047875921,0.04916819704949147,0.05048213914340402,0.057392873849402,0.040309610746533636,0.06588440513108758,0.06250897505690023,0.05399724329994661,0.0525181913536868,0.04950819969599276,0.04790174891759162,0.03287735830597592,0.059960341974081885,0.07918897778644267,0.06583866985463663,0.06677507120269163,0.06795678399044315,0.021880311938422457,0.041227194207997496,0.05682837929875776,0.05944341426778495,0.03929104051341786,0.04452614942436635,0.05958129492980068,0.03451757161656563,0.04852385288365992,0.04764185803499846,0.02882645736464434,0.04759145006839759,0.05959757983387664,0.053374737913042675,0.05351054958695554,0.04707389655653328,0.05691113027762479,0.052347777974239805,0.040131267218516765,0.029084955105231,0.04607246578043946,0.055958381770074006,0.03920793786351647,0.049073931995491885,0.03658218892111109,0.050781202055093455,0.06218069938501201,0.025108538576255727,0.04320181857501266,0.04811199308050095
70,0.04295981541303275,0.05209597313784337,0.06875124695740494,0.041667219061195526,0.031205754838555637,0.05245869016792558,0.07902380550265706,0.017643153499465932,0.045182916678534996,0.06233146978055146,0.05812144771077246,0.052004925072650546,0.06074922468603944,0.04567986827178619,0.047106307880083166,0.050035786482630566,0.04797606929848267,0.0633211320242014,0.053389429024963846,0.05939661953588468,0.04886585005476182,0.05318564977493091,0.04725498808736844,0.05794046571426488,0.08310404999801052,0.03906038766725245,0.05993179747857288,0.0399095969504551,0.06126885594328333,0.05521195518027562,0.03272050059261659,0.04197798171792918,0.048258372704083397,0.05599324862952909,0.04853408608852968,0.0797961955974413,0.05377585672549661,0.025893243240246354,0.04699189992844049,0.01952060978511083,0.032976918897201744,0.0366033709597056,0.06208434234898753,0.04728761380276278,0.059422053446854174,0.05041797615360301,0.05269516814662028,0.05186187258637084,0.04904643271943201,0.06793630927853797,0.043983415138786404,0.03903147597788199,0.07828438965716446,0.01416371038217299,0.05394925042582246,0.04180793021765213,0.03748890863842327,0.05387727821607006,0.046804637690079254,0.062271802161771854,0.05494992399540853,0.04942738109729414,0.0553464159690613,0.06271304202596543,0.06351282941804429,0.046918727456737766,0.04918941958584149,0.04456502387859615,0.031459371936000395,0.06769283184311864,0.040283124523028624,0.028015021473587757,0.05522596650143756,0.03677451198369371,0.036838297740440465,0.03064274373198845,0.040114289459033746,0.06700295304923075,0.05023468943988023,0.03311331935813002,0.02430601399602418,0.05507587066551387,0.041824332203734625,0.05860454145707629,0.04529000907480771,0.05195940214030526,0.06967887782752229,0.027389275065701216,0.056423904156029554,0.034021469028600274,0.06241052987243273,0.03906679389651455,0.05086591706483085,0.03146643632012045,0.057941186994042104,0.049729167973642914,0.01969896248800529,0.053525070462557806,0.05767594718873684,0.06309197211867333,0.04771154666671367,0.028731282758893622,0.053174330181736035,0.05139602067194631,0.03930113193162588,0.03200307353747157,0.049906957368976684,0.06624740952454275,0.06141338894657422,0.0302155157682636,0.03790115540802849,0.04008420104278885,0.05565760543870669,0.049099562489907114,0.04576149609760882,0.03539300206718695,0.04904161187596946,0.05453558858410275,0.046304998095172197,0.045962051575059136,0.04872059783616469,0.053271362207005464,0.042279193440274865,0.060688688266535055,0.0613862376757365,0.023739681466865413,0.046424126558113656,0.05543599765242497,0.022389613400751063,0.05056235050122612,0.07485400885673915,0.059264918498204706,0.06448754974215762,0.030491263849309863,0.06715628264167896,0.04956014724581708,0.02853566033039772,0.057714173291732104,0.03040954102631889,0.0628010718936552,0.0491251876758545,0.04561305705266202,0.057013917313721546,0.0321237962334409,0.028016484932749098,0.06223390239942853,0.04904337300154041,0.05081592837099143,0.04211682406961367,0.041786521868675965,0.05667123864939859,0.043755492517454385,0.03721325095899593,0.034929679683056956,0.052069817771283194,0.05255523274113321,0.054125450487356064,0.04033953309273964,0.06832214721211233,0.06725687181520473,0.05440662332375266,0.0498410386618941,0.04931189499216142,0.04988767096723548,0.037211040292073394,0.061549305912688056,0.07919854781408264,0.06298661929955929,0.06538636726514599,0.06631833068242175,0.022743036074760886,0.03990441029158795,0.055932142103336316,0.05917000301121376,0.04120085954099007,0.04671750703595194,0.06274016726100748,0.039107011695903984,0.046283437561058,0.04478187346284147,0.029054044004012528,0.042469413913273496,0.057575687581184504,0.05527778305556172,0.05364249977844045,0.04699636753119438,0.05148837689322883,0.051549701584953644,0.03900334038405219,0.02865169864062843,0.04914007872700149,0.05580799423530597,0.0387390167084576,0.04936010344156596,0.03636573466427224,0.05260014216280741,0.06310185470743104,0.02265192694583308,0.0416185357640907,0.04587579067575798
71,0.041824530254229844,0.052155085875477146,0.06882408762782467,0.03809365101349363,0.028112901828357736,0.05290977932235525,0.08014339091182865,0.020610253080719527,0.044136430663873204,0.06641397626295005,0.061814999999669065,0.05261314809439792,0.057333364746994256,0.044059944868323445,0.05140804096930716,0.05457947972406237,0.04385186792954556,0.07031939249642911,0.05308762417567281,0.05909109145145786,0.05171864412578227,0.053055246693892666,0.0443191867727404,0.05571244729775604,0.08133590886635353,0.04164002271670848,0.05902190136791227,0.04057368788610318,0.05936704013190603,0.053228968934233914,0.03522216541748877,0.038713786115478224,0.044442102003221635,0.05716918810737551,0.05074347967679108,0.07457325298850283,0.04883997488712107,0.025321359945178222,0.04800078082628412,0.023506170252961783,0.028555537692979274,0.03852776397996314,0.06016917717566403,0.04672458692277062,0.06229478564281721,0.051341498678858184,0.054201444678858735,0.05270154166853246,0.05145117653740924,0.06642149728682588,0.0446853664776408,0.04115935925539508,0.07567159649999876,0.015097823171748128,0.053881834886238766,0.040411489899989786,0.03569025956927587,0.05042449086795965,0.04541974756434468,0.06093270560653922,0.051879323729510596,0.05164321319538851,0.05783219124362622,0.062195605680604546,0.06560854493019785,0.05041199832293988,0.05019433078186527,0.043711360286846954,0.038014176403741336,0.06656435716953474,0.04111190934185445,0.031103013025414447,0.05689562200795119,0.04049509747878576,0.03490951816009572,0.027086836479925686,0.03874567914655214,0.06636925639311043,0.04683281772340323,0.03482697730248653,0.026731377473983357,0.057376737301772944,0.039372606386340187,0.05951336692623355,0.04239083119323478,0.05099537360726026,0.07116682904597572,0.029668656551194387,0.05514731937450667,0.032368524536130386,0.0598648278682647,0.03894448642168945,0.04996408466849653,0.03230335066191323,0.05593172200957009,0.052421348187062816,0.02034083870100697,0.05514998077811314,0.055900335377221104,0.0603477096714252,0.04918140476317749,0.027469842841762557,0.05393877659233124,0.05306989154998164,0.04324741204836292,0.03224789830235208,0.05192213175939004,0.06301480504546933,0.060978815098644126,0.02989921796755876,0.035086367537148916,0.03419005317522528,0.05428375774208612,0.04754154022006252,0.041486422448315984,0.03633130514577996,0.047397721482532455,0.05417013780245524,0.051404915050122554,0.04619040179382883,0.0475342155934874,0.050809967453410355,0.04292873362751668,0.06371810178692364,0.059129303161152606,0.02222423845996108,0.04620793207287648,0.05447760872863031,0.022324488505399004,0.0496297024358463,0.07222103519881905,0.05957654741390875,0.06445972648275754,0.028692216269780628,0.06798467270621482,0.047966704826165114,0.03147927499160281,0.059093555098193924,0.0275573082345595,0.05780883510028817,0.04895663273155704,0.04605583640394978,0.05537153731988198,0.0330696056773897,0.028810296276263477,0.06324260621812117,0.04526467125441963,0.04964392021711368,0.0396587157155612,0.040601427215537646,0.05246328006178109,0.038640344206605816,0.03233915720254338,0.03642451675772192,0.04958585836222351,0.05467174779791595,0.05386205544876177,0.04015327560091249,0.06719398412972719,0.06452115597963227,0.05233347802166476,0.049475024153378226,0.0501020473369002,0.05222243714020816,0.03812136381560866,0.056344933211516235,0.07792131341629589,0.06242425037921316,0.06551180000700742,0.06440379512447039,0.024822413319041142,0.03668733932582003,0.05351689306532361,0.05831731922156471,0.04336196917150258,0.04615946182874659,0.0665416132067127,0.03882131819344147,0.04832514750815175,0.04501833100451062,0.02699000382302046,0.04635433083861127,0.05396800341216955,0.05414562413580532,0.049224280805562966,0.04643595102090591,0.05157430525257488,0.052173105967471115,0.03768894715406807,0.028637271850293466,0.048791494522337324,0.059067910611625085,0.04405922239355187,0.04808021851539108,0.038166368727353066,0.05348654847197225,0.05724287019010392,0.02560473123576341,0.04569738601929642,0.04555014379193552
72,0.03963832030244221,0.04934430341114674,0.06772455306681671,0.036138758029783315,0.030735901651704728,0.05508090435281318,0.07850316049367881,0.020312724458201505,0.04091684193617177,0.06273468383330974,0.06023657807986697,0.049771675443621224,0.05645000845286984,0.04859557091828502,0.048182132209802844,0.05353825340594141,0.037117414665130154,0.06941882770076419,0.052995219933658355,0.05789388501813772,0.05066187089058338,0.05263795084299209,0.045785878869157484,0.05827816459460639,0.07590323661390473,0.044121126672202325,0.05814793284987103,0.03913227676916078,0.06229870116449112,0.052567699257285105,0.03276189249716005,0.04294458911631084,0.0491137437513823,0.059207570200675616,0.050086537908932395,0.07287211137633806,0.05230480434021285,0.023358978457906125,0.050605054170147976,0.01992635009702832,0.023110588719032713,0.04209464102728705,0.05978239795632968,0.04463297044550029,0.06136691552798768,0.05588804991609969,0.052301124948954586,0.05134718096270774,0.05054057773096071,0.06881436272981899,0.043696331965164495,0.041081923811779976,0.07355789981016178,0.01589351479194955,0.051605858841240505,0.03973536224548012,0.031417304372607154,0.05103837006745296,0.04504430889788077,0.06666818716363761,0.05462612154473304,0.05288992520338164,0.06214061717910365,0.059717913842576915,0.06495079015139074,0.049266416201149514,0.04844241579756888,0.04471950310236252,0.03778403904682823,0.0660157343456592,0.03989658785755152,0.030885624278213272,0.057078449899662605,0.034540760597226494,0.036587974286319255,0.026985828094922476,0.034591695589271346,0.06417643832851372,0.05034233765853423,0.03358415009316531,0.029393276669287767,0.06418274601484757,0.03935345543985917,0.06216172726244748,0.04523981340925952,0.053662874575072364,0.06955818990023845,0.03318631476784488,0.054706559618794254,0.03369218715269232,0.05927361723329413,0.03871653125655851,0.04940575108729297,0.03228732240813418,0.05486557911368567,0.05671802861150167,0.020767063425563878,0.0566475840973864,0.052626420610893634,0.059889321617660855,0.05091951165121931,0.029741216076352765,0.05292678168784627,0.05662808953150467,0.04641984564599546,0.036243042322843394,0.05130755131563932,0.0647826587001299,0.058974037290563455,0.0276595795460785,0.026966631407101642,0.03397718607487679,0.050426331588634014,0.04161207249636664,0.04399120785417279,0.038217795627007715,0.0445450749784746,0.05304210287510307,0.05086430699676776,0.04425394038626089,0.04657668820165038,0.04934269390033553,0.041783455032115044,0.06274837549876085,0.05687713358555803,0.027466097007324924,0.042106607478185835,0.05548205662782168,0.023915676361239004,0.05127412572725258,0.07065379031341937,0.05555169213182464,0.06621319804607713,0.027927787379705058,0.06689900503497324,0.04623023507758838,0.03089118447325718,0.061282652702659195,0.027452887236057648,0.058954820880594505,0.04678857157368103,0.0501614778829064,0.05622776781200095,0.036944555873116416,0.02531720598119305,0.06252075577724418,0.044770965846171684,0.05146630441427329,0.04113853663420927,0.03725843813761221,0.05580239160522532,0.04035858306165257,0.03369422813514545,0.03595656923383698,0.044655491647371044,0.05543465609495511,0.05590545277513291,0.03953331864063543,0.0701948836427612,0.05853665187749253,0.055187679414144465,0.049790998273384506,0.04667086044850403,0.04952793964130015,0.03568055668791286,0.053645617041564696,0.07456396764749085,0.06491818882008386,0.0646180650283246,0.06053035492747638,0.02901931126529879,0.0365880551596858,0.055202184201944116,0.05810279118269417,0.04325775926459575,0.048398093122338226,0.06814867094602677,0.03514967345452611,0.04731921020010966,0.04553371436653707,0.0316473286805953,0.0468860080855583,0.05378828195222052,0.05030530216084496,0.049193178894332217,0.046351326963429314,0.056202983878795965,0.049415187358889875,0.03742012983583891,0.03065620642566175,0.048907133825610904,0.05968479067194595,0.04264495431430766,0.04769527934948033,0.03656587352038893,0.052201798479416306,0.05905152820611711,0.028546400167729087,0.04584321167021328,0.0420136501923824
73,0.038291245521686314,0.04893384877275527,0.06962958427026784,0.03633182775932496,0.028777957099949042,0.0577839038825593,0.07521192689143619,0.020644775395253973,0.04162543286833109,0.059620541768269524,0.06290568673194608,0.05398167916747798,0.05366337086356888,0.049089915175570174,0.049189743124330755,0.05689623060452358,0.03824551206820454,0.06988118037997611,0.053142733015190555,0.054698689491394524,0.05144790888571224,0.05136927855187934,0.05339641218838075,0.05784029162910831,0.07596771697316829,0.042950205696851956,0.05819212699361377,0.04060576970483553,0.0620928591662366,0.04854628761094745,0.03660660677750527,0.043938252167128246,0.04750384759377808,0.05900533707732422,0.04987002336148998,0.07386132028433617,0.052543527165211115,0.023781814541414696,0.05002797285360631,0.02193732162898394,0.018482322543473234,0.04185332464172247,0.05992429879039744,0.04224312162128639,0.06031376467918972,0.05663661475521293,0.047315314838525906,0.05068552905564317,0.05145908154055905,0.06700345428004992,0.04437476897987203,0.04246168917714773,0.07620170366442937,0.014890524421494529,0.05141704878685578,0.03917176128698992,0.035476973046607595,0.04759166372810812,0.0450482432034855,0.06818703583339808,0.054063692807089406,0.05145589714067535,0.062217367714983235,0.060259168426480846,0.06970236091968712,0.046888408615877175,0.048080152115744845,0.04106702872725528,0.04102452116673247,0.06422267372090375,0.04013637436417412,0.028016008411261468,0.05928462826485001,0.03652357362496642,0.036911409852525924,0.023483815549813387,0.03550059370825964,0.06530312049119824,0.05313761111856537,0.03366262087280549,0.03144396664230139,0.06578773558660249,0.039319414807539255,0.06372248109022517,0.04600658501805521,0.05230790839264294,0.06514385901508887,0.028663075382010506,0.05382986961668218,0.032748621316286065,0.0619481729764415,0.03860911235630862,0.04860833633102302,0.030163333439863,0.052018103430016505,0.05826771565374682,0.024899273806619663,0.055850241496701744,0.054977024695796475,0.058865414381216154,0.053556028724958966,0.028593562115024097,0.054404333031847406,0.05950599582157473,0.043216205458628684,0.0337028714157917,0.05064775475913398,0.06224130379612032,0.059856296919996485,0.022873342478929703,0.02666844282321618,0.03218607138488484,0.05180562417944077,0.04385175890329864,0.045502029303312125,0.03826021995829484,0.04147594916445067,0.05505513318210343,0.04907220073372092,0.04475791928832768,0.04547480293283878,0.049241990834143726,0.03820787130439787,0.059121917839149773,0.05750471382547277,0.03166248843265593,0.040994325881595226,0.054267370028424175,0.026827144694792505,0.05162902070329305,0.0724979265141519,0.05603697070274472,0.0628000525107001,0.0268855474066899,0.0674075811394576,0.046243426849787925,0.029332385898503323,0.05922932764511769,0.024837534478374973,0.05825096488808726,0.048840999886025464,0.05072313746203717,0.053731352556359586,0.03551246265073356,0.025028031152790557,0.06279442824431632,0.044792222635995325,0.0522437616700086,0.04094792981373518,0.037641142193648454,0.05827938001503965,0.041901193280900285,0.03557216001960948,0.03634480252246808,0.04779909222050636,0.059487716813310804,0.06041179434745148,0.041652376026795335,0.06690996468662225,0.05853199473252787,0.05267927050052726,0.05237193078119262,0.04843287358176136,0.04565066603116362,0.03450864912900492,0.058739321485345525,0.07158398584031837,0.0673520024420362,0.06254953814006105,0.06020548793260238,0.029667941556902076,0.03679986226315973,0.05573390719742224,0.05922175197650712,0.043832424414041,0.047531833568608635,0.06946823159722336,0.0371906948969627,0.04933927944702115,0.037506055567153994,0.02894737927058297,0.04460908022022386,0.05543830315410538,0.05230003733111242,0.047076946792858655,0.04712295947827654,0.05662915127168003,0.049049063356254564,0.041554994956212676,0.02774864010973525,0.046769390293573465,0.05577390306175094,0.03915469219823213,0.04458278873912099,0.03615082651893859,0.051980699572190765,0.059758157923310955,0.02740790881463232,0.04773409683354064,0.047236902237954764
74,0.041995769916336134,0.05094942475733077,0.06641191723526495,0.0384300940759969,0.02991292501382612,0.055402666394708165,0.08048158719191127,0.021253606739401194,0.03653912220882809,0.05711457895700653,0.060445944151510056,0.05456763706853297,0.05348413087930036,0.043610416879519054,0.05182787558309559,0.05672270778676504,0.0432653830287539,0.06793940592012956,0.049499442999321706,0.055106459547607664,0.04831330987765445,0.05110683050982127,0.05079559187041355,0.055027601381767134,0.0746806466794534,0.04506764470956309,0.05968865358940013,0.03804041621474515,0.06173435192936297,0.04335830206736663,0.039123176209697776,0.04428564148654018,0.03985858308570907,0.06179969010640639,0.053137600031269994,0.07495244289188949,0.05251013075508022,0.02713704327707147,0.05082395638518719,0.02368021546787927,0.018728007907117677,0.04001367597236173,0.05631969173193798,0.04036135225062689,0.05778232897237924,0.055856821983035675,0.052702313300647,0.047736689246666165,0.053691290386827684,0.06453851776783429,0.03990735536042972,0.04173101700120507,0.07499104415436163,0.012992115856837114,0.05217206895267027,0.036519027886941585,0.03916040217044084,0.04697643994815807,0.046854721062207574,0.06903862173602367,0.05276102583414177,0.05132743646745615,0.061112029908427665,0.05842831531654857,0.06984228807109417,0.047950942611854584,0.04755040294667647,0.039059496845495104,0.040818726053194566,0.06547835926153733,0.03807731096181155,0.030683013304035153,0.06145958494240351,0.03786084428924199,0.031345166890668776,0.026606611408150887,0.03329226041696038,0.06876009557051904,0.05712966000242629,0.03182626625521011,0.03412642308240696,0.06200778724634677,0.039779198073572004,0.06931417222471682,0.0428941873375723,0.052848065481644065,0.06440482401086105,0.0323731984873887,0.052365669550938417,0.03399311334387599,0.06121015446286007,0.03729764159188885,0.05156659484779158,0.029072653161452095,0.05390383590608797,0.05144854052638933,0.026808997988916616,0.060411119588328795,0.056177265824530594,0.060718278410087576,0.05428897067897119,0.03297675168755837,0.0552220894891587,0.062134736605822145,0.04279766355583046,0.03879319302605733,0.05022424570440942,0.06374423001640275,0.059629650507707695,0.022381381509953186,0.02707580313080582,0.03180397784000132,0.05095546890359401,0.03978994362916775,0.0447816309149267,0.03863412547364308,0.04449078952419322,0.05453758624639045,0.045061932362924155,0.04392668529496031,0.04329155824611851,0.05000754188639121,0.03929073860342284,0.05752366483924105,0.05777744893533418,0.027827337801833232,0.0430825697398244,0.05355157678790283,0.02715152182918529,0.04733641139222153,0.07268557238560801,0.05565246144231849,0.06251087171247323,0.030523147021645526,0.06305523798313206,0.0480908663422091,0.0316191880400177,0.0618115458493524,0.022992205640581322,0.053870887167917644,0.04861026140046382,0.0491398879868906,0.05305453871550622,0.03945996459896162,0.02804553759758702,0.06064104707405934,0.04681191844261582,0.0503170833596626,0.03735004627037818,0.03487844956717367,0.05715820794109878,0.04097129101814414,0.034691385993050265,0.034954309256361935,0.0461143943030613,0.06333397630535299,0.0605524733836347,0.0425819034991175,0.06782094413523554,0.058535577227583374,0.04717659761851027,0.051627586933313506,0.04917305375288332,0.049796568641814254,0.03499566708978782,0.05723153348434113,0.07028844764491801,0.06948927991756976,0.06268425408040783,0.06197571824675153,0.02920094253215721,0.03711999574808995,0.059110107244400946,0.05824684453729438,0.04115961973802768,0.04752121143240362,0.06846473615002188,0.03363533410427506,0.051267781447384385,0.03552722147598565,0.0324483006512985,0.048900970581206966,0.05772100251216718,0.050344451824050035,0.05098698003127586,0.04249436649181006,0.055238163486580324,0.051638383382655445,0.04246595230104304,0.02744617148330846,0.05020144105928201,0.051461745813976806,0.04062426030017373,0.046040731763652816,0.035890454972558654,0.052833468114077096,0.058494944822679446,0.02658445170639634,0.04703892143161114,0.04523580061724734
75,0.040897674986241944,0.04962864601902199,0.0675459872456861,0.036655132407789504,0.027727921711445995,0.05341642576674638,0.08085786967627598,0.02378366531842621,0.038666913932370234,0.055370351875268356,0.05720827972433224,0.051283749299933214,0.052798325170969704,0.044543575805391075,0.05208184198020597,0.05348117273667393,0.044867356460580245,0.06946277704504446,0.052070290182400704,0.055921583738050964,0.04754495094260751,0.05059876015791286,0.04942206121379727,0.04789691761886629,0.07619803745032974,0.04519393741780692,0.0631239496856995,0.0392608640016159,0.060076216316289274,0.04272510930546666,0.03745858908994317,0.045937117024845646,0.044814477420922025,0.06098249616632241,0.05493330339871931,0.07090938550269058,0.051122545533603805,0.031337163665258634,0.05302488632872741,0.021667914700540324,0.02089496484241133,0.04108941455038624,0.05776243358111723,0.04082116265420548,0.05642140609269803,0.057421937518692595,0.052139140486426344,0.05030309466743585,0.05425287231730207,0.059818056596428554,0.037939901313198625,0.04151895916124766,0.07186961616419492,0.016212046727977915,0.049074673073936995,0.0386048967550994,0.040985424046848566,0.04606940475572905,0.04642261898889626,0.07162760698886766,0.05417623431133345,0.051452360055616174,0.0647443963706309,0.05583842838476371,0.07425614424128359,0.0464327810694817,0.04800116103913666,0.036488466757650245,0.04592351075072291,0.05889045919278528,0.039871171854719945,0.031676056487435766,0.0618578196402711,0.039811633199131585,0.030441451104783152,0.02657003607853213,0.029789558814065354,0.07619019366503507,0.05718934304310844,0.033263337071860355,0.03813776173410576,0.058954010175772856,0.03885931998740187,0.06957426817545803,0.047268457296450433,0.05246439205580874,0.06485753681098073,0.026473145063972317,0.05329879574978448,0.02872886570130781,0.061213229251634284,0.03667253969162853,0.0497504278872339,0.026363617472429098,0.046394213883040665,0.05017641590227046,0.028239289241217755,0.058979724278708,0.05724101295234864,0.05909151135749502,0.054999110357772434,0.031980355917096116,0.055690545100949666,0.06358507154582217,0.0431027811934096,0.0340804522109893,0.04943383558048009,0.06943117920106054,0.06257534984142168,0.023279946541937477,0.0306854059779278,0.03131516303533827,0.053470638520595165,0.04110444556067055,0.043470741203890724,0.038794839798906494,0.04422145737082604,0.05262486275615569,0.04901589714867878,0.04206506966606875,0.04214181729200209,0.049867028360097675,0.03720683740436057,0.05259126184765935,0.05799262049005339,0.028743443651949384,0.044243457862456585,0.0496861350545656,0.02712865545862219,0.044900305608916766,0.07352707300572764,0.05299193757762759,0.06156038297722976,0.031326498014013125,0.06294594510418924,0.048151865936024905,0.03376177318629783,0.06104692726848795,0.023109195504779353,0.0560028267314428,0.047717710466789194,0.044231850560782805,0.05625755383443339,0.04246311132191185,0.02392359436032484,0.059641400482439245,0.04941748559166383,0.0465014103291564,0.03560157842203418,0.03825607159781752,0.05332369658178902,0.039097112467323454,0.03779446800909958,0.0367798409569486,0.047832489416270975,0.061325378391169166,0.057666917454486155,0.04222762207716129,0.06647606288661856,0.0584722013018132,0.047749012620779,0.050328718556685546,0.047164464388021056,0.05114720290661643,0.03461847369257584,0.060231427288880514,0.0733491841971421,0.06957710672093241,0.06423418126336672,0.06582622623410445,0.028460564901556594,0.037289300117961714,0.05265004557865398,0.05208405950449855,0.04111130333985957,0.048802116034079995,0.066436351724012,0.03550135187368631,0.048637670133561205,0.033451266649242875,0.027305375596649268,0.050150267497540674,0.05921059642515184,0.047223944961546596,0.05283271977814413,0.046191032752789477,0.054970770081971355,0.051646556936023325,0.03976343900587367,0.02890054324045719,0.05127382882522582,0.05515492140138951,0.036909625189852455,0.044800474868483604,0.03525644989349417,0.05260691722755011,0.0571160862974936,0.027946602330562814,0.049046618007022466,0.0503347605728149
76,0.040048083163005795,0.052899615862279356,0.07085537748052216,0.03805007168486588,0.027151550132085426,0.04981429390296266,0.08004021416763897,0.02346982937267778,0.037841679522247006,0.0585636060317042,0.05868744275655681,0.052683040683733834,0.04947166004674237,0.04671739640988748,0.05506226289482071,0.050817372817008384,0.04467825612281451,0.0661770619153939,0.05020943714945495,0.05788237602299544,0.05047755207821002,0.04629099492609015,0.049187256610113125,0.04700318888279084,0.07398408751060434,0.046177495718258896,0.0662564738132716,0.03911762629179435,0.06305431978720828,0.0448217001604712,0.039556652316119004,0.04652715575814899,0.04795236449885018,0.05976818304455493,0.055672000482033815,0.07097415933011614,0.04851778053377163,0.030992766990521083,0.052192754643605885,0.024115757220281663,0.0210112773532376,0.040903451719279296,0.05587918024084963,0.043658408244985,0.05875635758965051,0.05702815514867685,0.04903493750477206,0.052275555118972486,0.05512677509543639,0.06000244655092898,0.036222152481069095,0.04649978385649983,0.06817053360215554,0.01693811308105482,0.048441413301395696,0.03830895071841962,0.039413935281904906,0.042954963528093956,0.045106679332009215,0.06726494881433685,0.05465397697660409,0.05275752861461008,0.06885409459727028,0.05267749948242311,0.07354397818311101,0.04607608244350487,0.04456183868316922,0.03833524084160391,0.04624899507221368,0.05796687593118421,0.03956704094548856,0.03280382277729172,0.06192333918376347,0.03975356198257994,0.028136347860994296,0.023950231812016047,0.028201715445625948,0.07548752933121637,0.05964344129943711,0.03376209660583717,0.042083712332197286,0.05497954967030889,0.03854740222831196,0.07075423258197183,0.049782226205395554,0.05141730859346233,0.0632446889993982,0.025462818688889572,0.051924914578624325,0.03144136427175734,0.062429196836235205,0.037550163493679706,0.048499826639094835,0.02709837432964972,0.04584603457124432,0.05489261309674302,0.02847688981967711,0.060526276413885416,0.054016543475035664,0.0633136994214219,0.058166654575381456,0.03694864331727757,0.058364548389323735,0.06201057510493429,0.043224661459158875,0.03778660416640819,0.04953585572092527,0.06382335583207216,0.0646519757295241,0.020084319283209265,0.028937856295188497,0.03574959443180763,0.05648540309344534,0.04108362811800639,0.040154780514972704,0.04046761566863634,0.042575209653399795,0.05217310500819679,0.04920161047564233,0.04394966232644445,0.04729740780554261,0.04760817912600971,0.03672578257569267,0.055990336590839296,0.05519370548851457,0.02510082939461058,0.04267205261918697,0.04747751429845118,0.02674483493270265,0.04967104959402074,0.07159767235894522,0.05527187902299505,0.06276657153382195,0.0324022926366121,0.05833340096580423,0.05028251860208106,0.03844686144359342,0.0632070828653637,0.02651511929215714,0.05792741972543774,0.048960066031778236,0.04156484439491966,0.05577832955334065,0.04213916061851049,0.025484223121593815,0.058678574948149285,0.04664500999987097,0.04825667736128755,0.03690915058728108,0.03730985496237271,0.05218915524442422,0.03811692091785662,0.037009014834187934,0.0368310890332514,0.0509926003313413,0.06296177605734456,0.056722269653220976,0.04186285668303261,0.06355139101357314,0.06244981619221847,0.04436445902071437,0.048772752866757224,0.046755060879686755,0.046324860454625034,0.03554276322048219,0.059027623836380376,0.07144436906160426,0.07076761271750996,0.06032577498834376,0.06418961598128589,0.032277088217353304,0.036762772951646434,0.04956045327432445,0.052407412822389816,0.042717804166028515,0.0491257151708907,0.06643827500103723,0.03460914587268138,0.04553286055471665,0.03633756893761443,0.03150464492162628,0.05062136562966083,0.05830936360104715,0.05068822457785272,0.052843509623702975,0.04448243085845519,0.0526290130556169,0.05035926026679938,0.03864012473619256,0.029170746552139845,0.057247922882284925,0.05542838544322433,0.03983515198504869,0.043419171031691906,0.033929139254922885,0.0497203055678043,0.061775951969437484,0.027725910198198703,0.04888825228015704,0.05181149446110701
77,0.03749649245426849,0.0515848607311308,0.0708412304118026,0.04093531846941112,0.03078725098963939,0.05105972781792368,0.07827554116102758,0.026416032155078026,0.03368463929632193,0.0580152412331372,0.05913672746670478,0.05271388348846838,0.05006388364528869,0.04714837139002415,0.05500422372260594,0.05000779378599209,0.04424115581214282,0.06168715018931473,0.049056619927456496,0.05675608434236884,0.05365166241769228,0.0462110566611692,0.05246299125025409,0.04568001281290647,0.0735712901857029,0.04495286112144303,0.06560007921678145,0.040249206050804315,0.06645402083776757,0.04193308535806508,0.04218626060057444,0.0437800625337227,0.04949646921916735,0.05680156394928405,0.05592209652492289,0.07049675324139085,0.05058694649395646,0.03392721503790835,0.057029576551756174,0.0229283494563114,0.020813553813121277,0.04267357739011926,0.0582570818202104,0.037135264704952375,0.05978329088585976,0.05681359440032639,0.049126536529962184,0.05352095553012004,0.053990966129109565,0.06103455479555574,0.034816659613536145,0.04687451225282129,0.0715905190748351,0.019122817988469272,0.048095260134559045,0.037089361817995846,0.04094148543251559,0.042092280821804266,0.04432041363855373,0.0679267492154134,0.05469426736391481,0.0505277599673476,0.07092262144507705,0.05285278811306572,0.07459053573185394,0.04637515247816212,0.04555077179170042,0.03569972092422689,0.04466446820725167,0.05852067578755013,0.04237458221104967,0.03798111692076332,0.0640418910148274,0.037108908476181,0.02457893055378596,0.02354935394740345,0.02705886521623215,0.08152346797643645,0.05888672409452309,0.03325178475867876,0.04228140568200454,0.05725173956835055,0.04049989863404457,0.0666310121944934,0.04879651237415031,0.04782478746302974,0.06518180376993528,0.02949122405096589,0.055660764233783015,0.03388429420052374,0.05846624962486633,0.03846178571618642,0.05054773583425814,0.024406479324692327,0.04377637918395416,0.050577645937457005,0.03154969374331468,0.06383028016147921,0.05203512190607537,0.06493080398258826,0.05684392048196407,0.03819004786525641,0.05561602840866124,0.06011600143173608,0.0454711365147781,0.03683028414611724,0.0500874245275516,0.060967435268012675,0.06765395626536587,0.017855518478395168,0.031803830418024204,0.03771072777262625,0.05540016457468524,0.043382791345912206,0.039860201455915206,0.04283631462008279,0.04267024242402498,0.050434957123785026,0.045950972553210984,0.04829323081301736,0.04842112268279372,0.05096945219894788,0.03570318077624487,0.05668483815768859,0.058679910965832985,0.021424677976024493,0.04471501473512975,0.05367730346714971,0.027148229437189097,0.05000602388942997,0.0699151281981931,0.04894696037393774,0.06611750074626213,0.030587046333068826,0.0596629272383405,0.047205088670910826,0.03482764300686508,0.06371729434713802,0.02907799240980882,0.05687089875062388,0.048577301506647,0.04039244975925786,0.05540553977494726,0.042712570074858715,0.025493586875428267,0.05980700669264634,0.04748385174669746,0.046039708220878856,0.033896381718362144,0.03969749901296934,0.05266532943028092,0.03704821300388717,0.03446106668684746,0.034309120576128074,0.050122439426166954,0.055845698991377125,0.058214240269899326,0.04333003089437625,0.06282197000886414,0.05754144336918693,0.04296721448373698,0.05020456388521606,0.04671391642237036,0.04711631806055761,0.033505845152159396,0.060294871162429424,0.07073273541532436,0.07293896063244118,0.060758513887370365,0.06278132752401144,0.03317574263631472,0.03402480774583988,0.047049600527219355,0.051122365981214814,0.041283147987060134,0.04944263324149033,0.0691660512819884,0.03480631091710949,0.047180779249389355,0.03761274964340607,0.03193859921500572,0.05247736872439375,0.05779835959558801,0.044636122059140346,0.055721513613168024,0.04522271286998632,0.05257965257435141,0.04869604126602936,0.038169991558245596,0.02941136394851094,0.05729368619793679,0.050593793317666454,0.04166283970037138,0.03850738232064099,0.028599222415732335,0.05023186830752498,0.061557755273078905,0.023769587523232556,0.05641298406655186,0.05054130490607844
78,0.03488158929569546,0.052538734950029906,0.0678808008880075,0.04271754740446289,0.03187356390379974,0.045832523592044906,0.07805856210396224,0.02670944296684553,0.031007116379758688,0.055556429887117204,0.06082021959521067,0.05468007082199902,0.05232366466740307,0.04941390230575641,0.05647719840635843,0.0482034943416165,0.048456681404229304,0.058900771526088,0.04659005577459985,0.05575537173981582,0.05369955108294095,0.045942705707524595,0.0477502624498424,0.04519748610814731,0.07380061229406495,0.045324827135468745,0.0614963458871472,0.046170965291019724,0.06583916602010678,0.034479769042314416,0.04554421484134146,0.046050462207066024,0.04929483776461744,0.06028750562925712,0.055462147761648165,0.06970649624437733,0.04972521716293599,0.03481432603930041,0.057791134825730194,0.02403400204098174,0.018712925679297884,0.041893115107037034,0.05643324807387148,0.03586881326482769,0.0584157703101567,0.0519667154722558,0.049912344383506634,0.05576999739796958,0.053876729999269575,0.06444740858458732,0.0341718420437504,0.04923495334135564,0.06792433094332269,0.022267139859055922,0.04640592231897672,0.03501954658677807,0.044211784213676275,0.04220268469248677,0.04302240940644194,0.06857388589682016,0.05458708496155817,0.05229809320975216,0.06864512502524577,0.049552601061641936,0.07370577804721931,0.04903459688411503,0.0504157551364578,0.03915092372156467,0.04382329853409952,0.05641848801798789,0.04646276375107044,0.0386249566874483,0.06416896293601537,0.037447392056031835,0.022544668391071384,0.025510542645006934,0.031938090166993706,0.07620149771764662,0.06028093186082189,0.03672630646894824,0.040976259342816984,0.06109659941195998,0.03691237243720594,0.0679888244187429,0.048140248502238546,0.046253579318183136,0.06796344802642296,0.030367281153087837,0.05684462642313928,0.0349309295016366,0.05688655855886633,0.0404396646599811,0.0509403925123808,0.025109077317332137,0.04080278039371604,0.04977663715038365,0.03143597577181931,0.06506546432191355,0.052960613369848024,0.06188203346984763,0.057571439277895826,0.03502590313088231,0.05589188051570228,0.06148378981069906,0.04757602104951216,0.033149065827129114,0.04930214404732838,0.06259424590401567,0.06460296998143375,0.01697468287632745,0.028754623350389787,0.04187300480339484,0.057739598473502046,0.04275228823531782,0.03448172844159971,0.0472204884163989,0.04418514084830361,0.0541166087574054,0.04664890226489012,0.04982685011150212,0.05080163015424051,0.051825200854639306,0.03723161178727676,0.05580335779793666,0.058116678062593546,0.02829156698217636,0.04656416111802529,0.05329678945443285,0.02808371860194595,0.05332332246697725,0.07181869234536185,0.053081877000188446,0.06646721213807838,0.030018011020461283,0.05894951071759221,0.04442758864359058,0.03781660422888294,0.06034093396259861,0.028398878722687246,0.06100397801872791,0.04749542229785654,0.039652442035842284,0.05548051964184024,0.041728425937556976,0.025598309522341,0.06253757543100273,0.049127420799371775,0.04697356673303368,0.03520247792745769,0.03595122194096543,0.05111829961043013,0.04059478053225881,0.03315038560459743,0.031681811615900196,0.051865382020504405,0.05516989218210454,0.057788895353636106,0.04195411637585966,0.06670499469548975,0.056495485935133274,0.040016073158836284,0.050278984320750314,0.04151751735874373,0.045112423818129584,0.035986492930396755,0.06361019189904846,0.07214793639586661,0.07355599305079583,0.05882833447453275,0.06428346669378886,0.036760594835351726,0.034094178333305795,0.04858083153807765,0.05137768980034632,0.0387563132169862,0.05055607538880647,0.0658852161346506,0.03617787362032167,0.044053796932545596,0.03309401305001922,0.03147739386189634,0.050277130238033874,0.06279420618547753,0.044387766602408125,0.05754684192746268,0.04589781290304469,0.055331926417312625,0.04632775629052076,0.040726745544492994,0.029604023391903975,0.05385733755141652,0.048130986705450615,0.04069234830453346,0.03842755142739009,0.0294677247217736,0.04724825194170185,0.0617463734316037,0.02274250737057051,0.055087903887127324,0.048583752889446705
79,0.03317129015289471,0.04833962640273045,0.0673017449057778,0.03893539751420541,0.030055128553366596,0.043354182312253305,0.07790914709633912,0.026406650415901865,0.032194720140073636,0.05645996299856105,0.06307097576789263,0.054085314250696834,0.04566384907256404,0.04812421046388294,0.054977241521369735,0.04722792694675264,0.0450935751247599,0.05651985218892494,0.04715317684000445,0.05654028104168726,0.05457990057940654,0.048091226023628315,0.050053301124435436,0.04274489618951443,0.07142604937440329,0.04501358342459698,0.05885665978743258,0.047796412164184725,0.06594537607560952,0.035457589829381964,0.04936076140020863,0.051977940877456705,0.047896365209381855,0.06334423839796775,0.05268839494581108,0.07033501747078197,0.047205912568654654,0.03695594538942598,0.056767581454945024,0.02279942434482352,0.017826090666186345,0.04630034608694935,0.05706920088720502,0.034253883420576905,0.05879287784617086,0.052459382569741836,0.050452052063856154,0.0584546567405915,0.05185864690748049,0.06174104741269931,0.03566842840748759,0.05002750855161511,0.0667609767695933,0.021752094517337388,0.04498741420604926,0.0371437266806101,0.04173235248547377,0.04447583442045369,0.044551258447060156,0.0689390205115266,0.053363211325595725,0.05248981520134857,0.06674331870915526,0.04941584736791016,0.07266331451993946,0.0499215303002717,0.0496810746112028,0.03853793764013877,0.04809058628182628,0.054087360738928544,0.04666260270230135,0.03840944641702759,0.06689603923828262,0.036797829420164296,0.022759399213812585,0.027590613266977163,0.029511389627387946,0.07602986357275919,0.0633541006582384,0.03796485225261183,0.041223788915040645,0.06400199842410309,0.03744738991616931,0.06703637665924157,0.04728951143394674,0.044235122648191044,0.06585801396647929,0.03134483083861079,0.05661084009130502,0.03524609324072317,0.05852575512061313,0.03782256350153148,0.05013736595431178,0.019775743281809043,0.03710641894653249,0.04940140654652341,0.032889925155834415,0.06512562103162699,0.0538057780178147,0.061126563688954236,0.05569782061774645,0.03712646065917813,0.055685175404597165,0.060059380376748434,0.04909373768656649,0.03496149156512317,0.04997330725217409,0.06287529414803102,0.06707679802323413,0.016672104587044656,0.02991851602798033,0.045994056106521006,0.05604593557585841,0.04878818877944818,0.031542449350464165,0.05129786595406212,0.04364674139415168,0.05315982719056561,0.044417378335957824,0.05008354087271857,0.051485433699335066,0.05684241579774536,0.03746201410067048,0.05843665739042132,0.052858944460662104,0.03196487847848262,0.04732957503478022,0.05266652700207258,0.032719853031796524,0.058935054968848766,0.07306011094272678,0.05870291580114664,0.07022783237129401,0.03089853765212708,0.057638465287133026,0.04401107648356388,0.03690558465191894,0.06289816955787371,0.02833456869261407,0.06211413270285591,0.04979831473510251,0.03754591751823647,0.05589057888726963,0.042627902953652846,0.02801864311201683,0.07000759567526328,0.04972811159857228,0.04520096030823842,0.034535791846660883,0.03439249537109625,0.05128454021315527,0.04030361681884141,0.03298739605870903,0.03037895733132191,0.04930357259314353,0.05588164717128099,0.05161486783194293,0.03802530727881043,0.06437721906991957,0.05449255047839122,0.03946391789560305,0.05154570407882592,0.04353383960297448,0.04537944184089631,0.033554079540150016,0.06186139426982197,0.07315891605495742,0.07373598564739524,0.05891863585232591,0.0656121296322747,0.03671253485671614,0.034924518548570135,0.044632301535760685,0.054687311207441164,0.037402632486256235,0.04696603946996074,0.06292139240951876,0.031682574629581094,0.04444666203050613,0.026361686897597405,0.03172887491520967,0.050632949202328754,0.06130526036338381,0.04902164015390473,0.0602027827087325,0.046027437507360394,0.0556175023715633,0.043759266259261784,0.037025508951446406,0.03073536126791256,0.05612223797027007,0.04909605487549999,0.03951643868360568,0.03647598453824407,0.0264576761335059,0.04661251541444768,0.06575670128695771,0.018452432187648384,0.058533406141778835,0.04870817391728241
80,0.03299924562800531,0.05096378389167475,0.06635704511614295,0.03668741517140669,0.030201311179006724,0.04128805233556171,0.0779781167601165,0.024334319382725456,0.03615529053992339,0.052360550402687715,0.06506189776255758,0.05406440616084235,0.0429683563054556,0.0499681026703239,0.05261152658923962,0.04340790339490099,0.045279919943932205,0.05606839840247656,0.04655636297801767,0.05826172823154031,0.05231932508380131,0.04669449466836575,0.04877805338855039,0.046169954611211914,0.07129480441806449,0.04126198432807155,0.06278041511430653,0.044966881967232294,0.06780154508756532,0.03712759834090521,0.05114360256406059,0.048400043598390376,0.04979610115423381,0.06115232586074778,0.052775977187722305,0.0695056397803257,0.04988459871664742,0.03733921037227391,0.0561499326602423,0.02259076445174696,0.017792879922844687,0.04705256205245759,0.0567173278118066,0.035192986681970836,0.06112421364514599,0.050316870736565565,0.04863789222916795,0.0569399040631223,0.04847569365948768,0.06626019478719497,0.036627341969917376,0.04771771638000563,0.06758647195659276,0.020555387698404683,0.04202606118582839,0.04045918832180988,0.03789591465751136,0.04707929324740051,0.044570759724560954,0.06760191823889068,0.05582655005092066,0.05059468969785981,0.07138249785758863,0.0461385560698084,0.07054744375059373,0.04961685573390151,0.05399418510683661,0.037324464522929784,0.04774382466570286,0.05303818414500025,0.051600789603304095,0.035552363284951115,0.06905785458124952,0.038760643247051224,0.02493387088725807,0.027232847968488787,0.02759611886670188,0.07296769868696802,0.0650643873733514,0.03839571346154801,0.038636920979185245,0.05931229707144945,0.039310343336914896,0.06685899147647033,0.04688703880127028,0.042013280596796335,0.06265891734954178,0.031606145834047944,0.0512437753062201,0.033214363082919314,0.055753833780939524,0.03536337485873126,0.049715145228827896,0.020804879134464365,0.0403386232721934,0.04937302142056574,0.026062848069125743,0.06343051492036066,0.05420082984255112,0.060755239134811255,0.05752784326434236,0.03933490448616269,0.05372300003547736,0.060858404474509534,0.04713420545039676,0.032255453370335405,0.05004664834154656,0.0668322318490615,0.06713131201642789,0.015812420723933518,0.031043427444178654,0.04183940060753105,0.05641955671928753,0.04770946874289099,0.03302276382495993,0.05472792197089784,0.04316908195364921,0.05609868221400993,0.04665027987447653,0.05016910294564306,0.05005906160631214,0.059776646871554526,0.03733601957245637,0.05561302284286243,0.051882517873620276,0.031034851806388604,0.04731722487024788,0.04828749493562267,0.03307246363992171,0.055328484898808636,0.07738842347629306,0.05721266147706778,0.07247125246164081,0.030083779915881046,0.05370011012859501,0.0419773950506701,0.03826969963157474,0.06162106910407787,0.02854441899998494,0.06381792487826629,0.047053482843551854,0.03544574947866748,0.054993086349265634,0.039583738787370766,0.026866690289076005,0.07046570430341352,0.048116951379550604,0.04228115136488784,0.035141679607489366,0.034261239127686374,0.05232932133489919,0.038857908501413636,0.03156636293968125,0.03116824197348367,0.04868305878036,0.057293958873186036,0.049616114925801855,0.03504587956985535,0.06679532322059506,0.05485105455743341,0.03595762411682121,0.050353216197576885,0.04326012976933727,0.04651041255082515,0.034147247141229395,0.06280554088441632,0.06971946959810346,0.07121990102425235,0.060199369054909725,0.05806699407141905,0.03599853608048819,0.03607479671844043,0.043817787958657636,0.05317512000079198,0.03384986661814913,0.05070700867350298,0.06436147540884572,0.030298307860054326,0.04593159800464081,0.027272789924706442,0.03261431809213092,0.052061169136412754,0.05949788652912266,0.04741550005516589,0.0631403823042863,0.04387587083841433,0.056306153802384296,0.04689841251718476,0.037092460691595004,0.03321132415452719,0.060948349511477436,0.05158242868677523,0.04068264817463749,0.04057974333169177,0.02606565193348606,0.04663905318119917,0.06372597818296981,0.021305361909398992,0.05885926565101908,0.04876003406361331
81,0.03343560638658102,0.051121822509933794,0.06494241978971753,0.03637528135898496,0.02840753147662891,0.03934685580415036,0.07856325662017927,0.021537203809323946,0.038486044395485385,0.05018771605914081,0.06816961248080365,0.05154946398140591,0.04081828538510252,0.05200161465001761,0.053552499020980464,0.041265093763529326,0.04585150649310403,0.05424294638794034,0.04820423620451823,0.059421512141948754,0.05296322747704644,0.049443136858845986,0.04815962649458217,0.04693060438948076,0.0727697464912829,0.040431370030254196,0.06015160005603729,0.04459013889191687,0.0699448545270683,0.038729522417905095,0.05142709117133321,0.050468227896224994,0.05122380490929123,0.06424134608553281,0.05469621072833262,0.0662609029653743,0.04932398747585953,0.03865758953008538,0.05801357729891794,0.0255932702430286,0.01660492140187461,0.04563803228971144,0.058055160939525535,0.02880923467387048,0.058840843510767446,0.05214339238948632,0.05015384028655241,0.058085077288903476,0.04569525420985093,0.06590319863880201,0.036870974099835814,0.04825846528960145,0.06870395646929278,0.02164692014646811,0.04238826014762964,0.04156069049120981,0.03742320130665662,0.05019427099071803,0.03958734329258676,0.06725096242341426,0.053592832868121235,0.05163974098768985,0.07567125032184856,0.04712834085153948,0.0728948375927503,0.04728661151866005,0.05649454209985147,0.03744566526028813,0.04494960739674166,0.055160515694792515,0.05494218607345653,0.03873482899303152,0.06824478494824376,0.035815345472508454,0.0289200938047651,0.02911107825512253,0.028816688650821477,0.07457632807458874,0.06177628880225938,0.04195597409441348,0.04350262070882469,0.0578148906101488,0.03345504661082538,0.06631176625930654,0.04778101379606899,0.04124616097885277,0.06518730483359043,0.029760838582666663,0.054901285779771394,0.035552404019607436,0.05498916144905561,0.035897540356353834,0.04805356450100445,0.019579654757280157,0.0416801556793483,0.04725496190340877,0.026633183256246515,0.06292228456795748,0.054496767309854,0.06181017465632509,0.05916881984756244,0.044035108113705757,0.05703177017184943,0.06162645999594015,0.04882038926271237,0.031747673086401626,0.05508858777519675,0.06427563584122029,0.06490541611449158,0.019599055393838317,0.03096826181095342,0.042215463971038245,0.05756188073678885,0.050011792430775,0.033738452435162464,0.058876018213696424,0.042157711615429076,0.05659251408854338,0.04352913885791015,0.04983095993494012,0.0451927135530831,0.06048612284843134,0.038237136504218915,0.05646717519980583,0.0513997306442718,0.03233235459802477,0.04766805715373099,0.04825226686798164,0.03414673116005019,0.057890496497733375,0.0765467144723508,0.05531514285308603,0.07184179895781054,0.03140718115638597,0.057054035681393334,0.04593563757165522,0.03609971165816316,0.06316050981809783,0.03137337281311683,0.0633402498089016,0.04895639989991601,0.037682789749283144,0.057854371776265075,0.03850166037046229,0.02457195739311016,0.06891993240507127,0.045937039507389886,0.04656904867806818,0.033808012074603704,0.03179154949034169,0.047038759148060695,0.03925947300053933,0.027571313649536647,0.029892623961743744,0.04585575294058327,0.055200898582331306,0.04546952003248424,0.03363520663482797,0.06687632268255493,0.05373485814401183,0.035378298397932446,0.05000170993184381,0.04240442818324419,0.04922233523296532,0.036184575950358115,0.06298725205412001,0.06912297259623279,0.07053597072834646,0.06040787061546698,0.05536130306296358,0.03833449816266569,0.035536799968113764,0.03932810211660228,0.051236814343991535,0.0330217910874634,0.0522982724780488,0.06615357432388899,0.0291215523354863,0.0505546487907849,0.030324815193921887,0.035313823892352124,0.05070540942467939,0.05951194456461501,0.04905560390486812,0.06186165056868223,0.04685944148773213,0.05528722385778946,0.04607404583099201,0.039228759795555006,0.034360338200087846,0.06153568431291434,0.052099787612500344,0.04006969304065791,0.039146855683643504,0.024328114478277634,0.04590230764817036,0.06139524867458824,0.018055315763739737,0.05613891850238421,0.04923203772714722
82,0.0324530095323271,0.05156005086437003,0.06043327994652055,0.03548703710429151,0.027444819848276205,0.036457910364019644,0.07702806695002576,0.016374627917852533,0.044731290881766646,0.04751138761724796,0.06346034261207219,0.05167841740792059,0.042231289313737944,0.047771580028838245,0.0500049684586597,0.04291926529415155,0.04150348478371066,0.04813072883925728,0.045987444652005695,0.05790504662233025,0.05253315615390378,0.04746642428542634,0.047658294616726736,0.049166778567773184,0.07038637527065131,0.0387267674518692,0.056366718975219575,0.045453378609428885,0.07245415408121055,0.0388283622375544,0.04631650607066779,0.0500528047692049,0.051076065510477206,0.059491074080779104,0.056889530722022644,0.06736477672341208,0.047982038267655486,0.041478084571642225,0.060927370425180385,0.026112531063404932,0.0191960851918674,0.04747974251336794,0.055428258631114155,0.028749880474213164,0.0590172179879885,0.05129547772706219,0.048976301337693706,0.05654054876194375,0.04861893571284004,0.06341855132092065,0.03372977056902564,0.044884430239496315,0.06681825747384063,0.018469057396766048,0.0444342395928824,0.04214172128494476,0.03752317868831326,0.047295270085929875,0.03945486617578029,0.06502096393820128,0.053258961170610804,0.0522445323667519,0.0762558758882113,0.04649510822678347,0.07612252950075336,0.045404115854012064,0.05662652665912957,0.03350707176015131,0.04072625578917438,0.05271337452147376,0.054070023951125236,0.03626263835537269,0.07248540723085284,0.03443776677755819,0.03235558052174663,0.029044869428821132,0.027814570924134033,0.07546474612721298,0.06350064718366352,0.04314706877979916,0.0428609801798386,0.053469573928161505,0.03149315891197278,0.06937131044550425,0.04437213773748714,0.04302565358853732,0.06541706771224902,0.02794214629560478,0.0557773432281031,0.04069733698578237,0.05585822320458133,0.03876212110714816,0.04938317620014765,0.018427623017854607,0.04140985188887159,0.04831649769034472,0.028310280674517425,0.062415599112460224,0.052851130843678686,0.06103057575906335,0.05467311965809157,0.0440304093441374,0.05587826847385879,0.059162516205834445,0.05161204672870664,0.026268637961316513,0.05907422961381098,0.06430692994998444,0.06715822647106785,0.019445922600139366,0.032195174969767766,0.03784347102352582,0.05686719217792824,0.05137095789950609,0.03662731710321709,0.05455591330343136,0.03940449561833858,0.05692986491497093,0.04272388517360815,0.05097988053344497,0.049293860816307336,0.06008732428896922,0.03493375595907906,0.05300784979328858,0.051947742080120846,0.027257082945583447,0.04978921683988263,0.04567393975752967,0.03499746702068045,0.05835279103267799,0.07964839117712313,0.05364361981829297,0.06840996674639191,0.0333557515590721,0.053914237939683085,0.048564236728313795,0.03330727221069137,0.06214556092921745,0.03132837963824105,0.06514905018551473,0.04978998874261682,0.03443745434677877,0.05905650149173917,0.03862632912452031,0.026580089647587703,0.07240379642493792,0.04420795098986569,0.04795604430467524,0.03564900226597901,0.03445820089259172,0.047601926322960085,0.04511046590934886,0.028007955736185686,0.03026035666571901,0.046873812753447264,0.05391399747977032,0.046851676459194844,0.03165313858563646,0.06502581659080035,0.054525488540252694,0.03534121519990552,0.04793270890182374,0.04216842001077375,0.048543161513552,0.03580582103926016,0.06365284536690761,0.0661733448209334,0.0737933664653857,0.057405237621608936,0.054501222987209025,0.03954937089670504,0.03505378704158629,0.035507694988709516,0.05152656062182791,0.035512516921351,0.053330551404613936,0.06652862900410873,0.029099161483728975,0.05369675117695108,0.033076080786207405,0.036540547526972826,0.05339216621654894,0.05842831986092242,0.04849548328493663,0.061315058557533254,0.04360409936019843,0.05311115014634577,0.044608282700518795,0.037182744140616224,0.036791803992552906,0.06443965973754616,0.051708581885675016,0.04403218712387445,0.04169192603200572,0.027650129103137078,0.043278578830076096,0.058584630680601796,0.01633631141819167,0.0544371062442667,0.04661138568309138
83,0.028491722559602643,0.05027993074173673,0.059838592618559824,0.02930801118386119,0.025539995063517427,0.03608939894945421,0.07911792696127477,0.018229053108901785,0.043422258785443486,0.04536481234007902,0.058469194420178436,0.05714324263975182,0.04047933957535734,0.049556097490957816,0.0478587407139215,0.04302206925179395,0.043968340771437874,0.045290834370296455,0.0456457535598329,0.055448690663036586,0.050249565857285045,0.04797405327732562,0.044372970066325554,0.05020387697201819,0.07745243382723932,0.035700550191409976,0.056931085623533065,0.04642288284361237,0.07040475211137671,0.03502929844600795,0.04208727066595579,0.050037161491018084,0.047162455028476,0.05888087871187716,0.05886356605900434,0.06612234624848744,0.050814642872124005,0.039843613626565265,0.06049316384199372,0.024074972749729272,0.018544716914187874,0.04491997658264777,0.05145546222027762,0.030322607636194678,0.058497409404550026,0.05365685127179606,0.05118100599766406,0.05944217485190028,0.04819880695041167,0.06738573205490249,0.030841115589476824,0.0485281220810148,0.06451989864169617,0.021210087928098607,0.04578766757569883,0.039764606081545986,0.03277285539749835,0.049612932451645546,0.042213696720372604,0.06065129773744145,0.051726738663946094,0.05405872722226073,0.07712379185311127,0.04791514983621716,0.07580050461864501,0.044406317602804966,0.05258294871890417,0.03848848297283663,0.044106755909672675,0.049556308657661745,0.055106613283583364,0.04220227140903884,0.07110467240204811,0.030821897506873298,0.03202012386209104,0.029303609232016473,0.026815381560606307,0.07605700866926302,0.06435677346783537,0.045468197442323735,0.04191625349030503,0.056503043894515236,0.03304385165024515,0.06410455464744375,0.04728939546782431,0.038655907392645635,0.06670247440341319,0.027742025636379213,0.052772004501303704,0.03626544575212079,0.05563767690230371,0.04149729137662753,0.047856859723150055,0.01648203103723133,0.034692866211523274,0.04851275029910604,0.021526560654004365,0.06468049298693015,0.053087799000882036,0.060540009741431866,0.05250551243584441,0.04470203253898985,0.05245266374140876,0.056930966293067625,0.05434621489789764,0.027830096075602957,0.05654535293469178,0.06260436693179294,0.06419176045708791,0.021205628150011903,0.032610638743261935,0.039209011093538665,0.05451728092673906,0.048297005378317215,0.03727553060649412,0.054608542389040046,0.03955380082008741,0.05719673110396863,0.039713102914161205,0.05166184438007041,0.04797084912292483,0.05766617704928222,0.03424670358309442,0.05394181360932465,0.05027587871839963,0.02481042877007358,0.04718750048038843,0.04040437991919749,0.033156350035076526,0.05702060034155702,0.07525270441453223,0.05321698087770172,0.06450698495113735,0.031891590748037005,0.050679944912719904,0.051025352087964465,0.0376145842363159,0.06279515734610028,0.030358705770458388,0.06360433738790017,0.05073297460639884,0.03558150768071878,0.0607844452048253,0.04038177815834001,0.02503341949975781,0.07205719731369681,0.045727961576404984,0.0439507175371081,0.03146659017662505,0.03400473541350803,0.05204459716952735,0.04726951311071036,0.028603688268197945,0.03570762776008545,0.049594684542867605,0.05448461170128118,0.04361544445703698,0.029578423954846625,0.06757641819985544,0.05111416994516165,0.031001858232108603,0.050878937133755554,0.04118337406859696,0.04894849484708465,0.03962819745249186,0.06502426376240539,0.06487887391143375,0.0726027576120472,0.058417073234976,0.05710417741435351,0.0345392496492723,0.04072136011424791,0.03314095692144746,0.05284110230141474,0.04022127022416499,0.05339385358975057,0.06592310753819057,0.0277636071397062,0.05574897106620119,0.035714858761634806,0.040018388748485824,0.060465900577314484,0.05735928649793313,0.04682773122531842,0.0606771709286356,0.044474492153864294,0.0531078605021301,0.04756551978453649,0.0345223742970067,0.03714325061715608,0.062249376659238916,0.050964324713477775,0.047242380461643904,0.04487323326077361,0.028193434100707463,0.040746727437931916,0.06050422436169891,0.016609845343133246,0.052879593585809334,0.04652019665746369
84,0.026538766439119413,0.05193494812298845,0.06213918938089794,0.029640384581759834,0.02247132719526973,0.03408635004653842,0.07865325972162937,0.01661599092054889,0.04441665837660102,0.04622872373561005,0.05821150604582669,0.05368545539521549,0.04103838078547419,0.05157239856146396,0.04834081036969584,0.04426165545005627,0.04780350072909919,0.04342796466623012,0.04446619367674655,0.05829590011750213,0.05148005370134459,0.04681990614847932,0.044534039074141,0.04678054816686423,0.0804416076437078,0.0355002045968651,0.05638171996486169,0.04303467191107265,0.06921848597381323,0.036927602489899514,0.04275461271329126,0.05512093549678578,0.0478663522297097,0.059475519626702736,0.05638956414268898,0.07076073378710372,0.05077659457085375,0.03964981261718264,0.060322237070787675,0.02297229829383221,0.02086955013760259,0.04538200134508457,0.05426842993281195,0.032697424206551834,0.0590925142252453,0.0527401060491075,0.051473285364468484,0.060672137601904826,0.0495204695853831,0.06963210555893451,0.03453185712381586,0.04838365258438838,0.0629588535628078,0.026202592671480614,0.04643047795892457,0.040474453384149775,0.031738161658314994,0.04502401177680454,0.045042711996961006,0.06070008152866073,0.051538794703188395,0.05127376876375615,0.07631221962332896,0.04786267359755256,0.07632232609444885,0.04376391455037404,0.051627190583769286,0.03445008334902133,0.045148669935090174,0.0488789987787387,0.05775595718155054,0.03526548756899127,0.07509685385931267,0.03433565174094616,0.03019430080301959,0.027799234005853907,0.025484686426449018,0.07537729196610651,0.06462091861849531,0.04614120076207393,0.04181318505790754,0.0587231941352101,0.03538412158911214,0.06379046695730942,0.05143687237418501,0.03642115815287017,0.07225334444323957,0.031699571630770466,0.051226955673761974,0.03599942587154688,0.056392341223618435,0.04384993677913428,0.04483624718692256,0.017540355233923506,0.033707047037494324,0.05093275068662521,0.015514283010387712,0.06579185653210655,0.052340685696637135,0.06306369681947308,0.0514800308241661,0.0436177796142232,0.05400141187465532,0.054871890995432326,0.0568781922134914,0.02813963456175772,0.060909162089773074,0.05992398507770999,0.06593421560737608,0.022605413753100045,0.032328725142321886,0.042963425929594956,0.05196878020683185,0.04735914469857243,0.03657455545333322,0.05668949150321881,0.03681354636843571,0.055068635468907084,0.0391717676808711,0.05065339470353396,0.0484806468837779,0.059217323925461626,0.03397750950869538,0.05098056141868549,0.05184605800703351,0.0234946709674931,0.04694514063834755,0.040242240159949254,0.031060445127124334,0.058692569662255646,0.07647604777651093,0.05590219712426462,0.06118038033224212,0.033210544800615964,0.04839866657628625,0.051868378688900915,0.03773855115053128,0.062443165533016855,0.02562913808065941,0.06005471037351857,0.04919011197340619,0.03681037959609705,0.05967050033893505,0.03969949485915587,0.022873597078677768,0.07156229584463264,0.042946991654358335,0.04197575249730028,0.03275593486418549,0.03318794093070265,0.05383290623068416,0.04982806754490945,0.029426888104702453,0.03335649614485806,0.04802071643080559,0.05361892475561768,0.041408723330676286,0.030981204598630407,0.06788133466442205,0.050732063996405355,0.02718900723215456,0.04834614599118111,0.047312106278945894,0.050463343325193984,0.041822993233845286,0.06622259812295044,0.06118696660938669,0.06895307094206002,0.05536113529333484,0.056139634936378593,0.034898985169298326,0.03998500911731885,0.03939547441209516,0.05400040069078081,0.03748195856074047,0.05646565239201468,0.06401323787673395,0.0268611027115406,0.0587613584957957,0.03429403903570443,0.03804941884584871,0.05873842993416282,0.05800387297884856,0.04832503044479124,0.05969716122079488,0.04397479563486123,0.046442777125031684,0.04595610358464833,0.03319537867667602,0.03950674423906681,0.05948327236406057,0.05034448322625777,0.0416730850415897,0.046024680003871186,0.027138940164023247,0.03744759795465383,0.05605169359850604,0.018804851487426548,0.05541548899809053,0.05016888377058397
85,0.02992957179569303,0.05312870738762495,0.06393301831646886,0.028055233973367864,0.024368458946454157,0.03686194792052128,0.07845448150677357,0.020119010430905998,0.04297147098562395,0.046455810403221776,0.05489851328175326,0.05347096752983933,0.042791057130197485,0.0505754327594167,0.04639451511367544,0.04078419717162328,0.045413349914302924,0.042089158474128745,0.04108927974070798,0.054549160805875914,0.050494067850159356,0.0479062420474134,0.04482820845426659,0.044514921227643695,0.08019322531254712,0.035186668766120754,0.05670490456158986,0.04269681458560386,0.07295881855846761,0.031657884857498424,0.04345547277031684,0.05423260692705149,0.04052220656809214,0.05650537380413168,0.05430331333084217,0.07060805869352721,0.051385978739717904,0.042521527594515794,0.06279690707199244,0.022651847019547144,0.021065278574149554,0.047046132026900125,0.053848138331307124,0.03189825012970849,0.0576272838589949,0.05083322906083838,0.05499330299571727,0.060794979295160895,0.050798075674023835,0.06711320394062718,0.03400613374851677,0.05125317637753175,0.06615926078481875,0.027962061144154362,0.04839220338326684,0.04009646149643198,0.03106091133188969,0.04198079305042376,0.043389317907131776,0.05414199721358915,0.050904660042031445,0.04718636676997371,0.07441900060452486,0.047941226570407273,0.07672961835986744,0.04650275948443687,0.05765093630425243,0.035630899185028805,0.04616896164055681,0.04564349958020921,0.05689495950062241,0.03559393268326068,0.07534826133337,0.03436222078975771,0.03088797533131421,0.02480694615959131,0.026750555769924737,0.07635721761702392,0.06304164509052915,0.04315913091850486,0.039891916989923296,0.05860882299287409,0.03439157731023123,0.06637228358743878,0.05119602405313374,0.03623626400071396,0.0750815741187605,0.030295727779455942,0.04731859105844443,0.03294637462399153,0.060724356650916876,0.04562782822094165,0.04640559915516575,0.0212278057684571,0.03273588022735717,0.04971172004826789,0.020121855408895745,0.06706556212483966,0.053452532152613134,0.06368776308842483,0.05048939459679214,0.04257281225431851,0.051846195014080956,0.055113281374687774,0.05351578852097804,0.026948604134366262,0.06405278912414442,0.06280159530082496,0.06752735431959282,0.02389354487982835,0.03201335043156389,0.04470329539116596,0.051748552813070246,0.04529543103775851,0.03573443282131528,0.055617507744862814,0.035667769784424874,0.05363116308686178,0.03819405845762964,0.05263245247963614,0.050196654685238956,0.05448114166238357,0.03136864748336097,0.04643129212313659,0.052086075043851945,0.018486192293971075,0.04536651148503375,0.04029792119127538,0.029026671582119516,0.05589693583727756,0.07735184334010668,0.05992512006515936,0.06185029610772662,0.03031485735420326,0.04986416701600154,0.05397414403783136,0.03794110510149187,0.061804687539659446,0.022764769570850402,0.06073060886102808,0.0510321682690867,0.035120204280671814,0.06091305328338827,0.03672569335939232,0.02344662963358251,0.06715405332858587,0.047746246793589645,0.044967225810830784,0.0328236737470168,0.033057026979286426,0.053648651769826354,0.04767852509062827,0.029235199750930113,0.033567614784955326,0.04424359705202248,0.05879744035863105,0.043552895327798796,0.03103537300933955,0.06953403752604799,0.05156503401951591,0.024869482501046987,0.048300274101299424,0.04928383193643943,0.048342233799517235,0.04037498124213411,0.06619803434008162,0.06279153284695875,0.06630370237610585,0.05362298167713517,0.0571098998018315,0.03931639691637615,0.041473296360609264,0.04102299396782814,0.05295292722483407,0.03967120788621998,0.05628255549864022,0.06398390415818227,0.030722243530091772,0.059316476002411446,0.03463619955212597,0.04086024392963542,0.057312131996910994,0.05743633971706924,0.05062999142873512,0.05892325889443326,0.045702390849274625,0.046408820426090375,0.042817213570136445,0.03418827946828148,0.03277183551584477,0.060811375396201635,0.051972822763380236,0.04168728780050568,0.04140189785625698,0.029026930943910144,0.03909344996115616,0.05191689744804877,0.022381285674106608,0.06092950359124131,0.046422391131324195
86,0.03268163897852047,0.05000883636922393,0.06731913624165724,0.02980383173316557,0.021011326444466728,0.03619022845138498,0.07588997188890692,0.022709495662074353,0.044523074247713276,0.042818265740034896,0.05824840288983272,0.059230866824311765,0.05090949571087104,0.05254806159958867,0.045763369125170254,0.03740002122843205,0.045007476746908553,0.03849297244448131,0.04092195479191032,0.057444544656633,0.052829571121274524,0.04635173211253056,0.048974199284331874,0.04496927540259228,0.08303258427537744,0.03229925746812411,0.05775627333264877,0.04429929883633545,0.07171464381998614,0.033969304814119354,0.044251345257020666,0.054245792822726846,0.039780676176703805,0.05460111248979313,0.055272101003248586,0.07046931608523573,0.0519634074418707,0.042272197891926114,0.06448369251017767,0.02476558512375398,0.025898061317310074,0.04765206624098473,0.05300401803866697,0.033415891436700366,0.05761517218664745,0.049080721654955875,0.05432283221547219,0.0578826114326642,0.052533217195831886,0.0679604332946525,0.03450183851878016,0.05525861076823098,0.0670264849017982,0.031149193591479715,0.04941181585721307,0.03923710244560505,0.028978057356159288,0.043381606209569476,0.046094374511194164,0.053540694446561884,0.0504318395216341,0.0494022361341475,0.07133880775507898,0.047350867301005746,0.07524353256069903,0.04856602096664183,0.056997971942664066,0.0376846434240283,0.045988091798757236,0.04351637093622199,0.060312102162280695,0.03831568888215058,0.07359748905897974,0.03327645577968439,0.03443006688354358,0.027669341100803338,0.02778903370329552,0.07435468070802845,0.06796118732368257,0.039393674236768116,0.040415555330905316,0.058841559335953954,0.03621778604193539,0.06798603735229106,0.05115426110779266,0.03565753449684428,0.07299036130928413,0.032545956601403345,0.04926750831631816,0.030408922079846273,0.06061449721041493,0.04419508532586203,0.04766259711264595,0.021476291360153933,0.034908009122347754,0.04620211010546279,0.021759675863551337,0.07073292898584012,0.050857597111536854,0.05995831037265105,0.05075137422931095,0.04114848846373328,0.0480247282062798,0.05635169812353029,0.0541669658659265,0.025909783245716328,0.062468350470845785,0.06020797222290381,0.06698500874388569,0.0231665989613198,0.03369115280666211,0.044982383459907335,0.04825127282882371,0.04646881130142857,0.037150471855297525,0.05427937421140355,0.04022004355414505,0.05113282653267311,0.0419934379618002,0.055871718953936826,0.04635357842918159,0.04938231776945244,0.030016393588233697,0.0478866955066868,0.052008480277493475,0.01742435601778655,0.051108496294071395,0.04189157778279753,0.030341571212299287,0.056241690075394556,0.07285404532132495,0.061818302561192855,0.059298520774650254,0.030024666680657494,0.04896096250489889,0.05159088191372287,0.04094678454843034,0.05681855202072891,0.02282308290327773,0.0663829839287003,0.05254070752720545,0.034638022407553676,0.0641162623678209,0.036547421578152495,0.026079075133099455,0.06362603854189158,0.04867530931693249,0.04285986323756244,0.0326673059613012,0.034974581629998794,0.051873980667269184,0.051944551544710886,0.025724355406706645,0.03318225504117835,0.04569403199869281,0.060555689713092234,0.041155967683705656,0.027830593439931377,0.06702062026967268,0.04928555157519289,0.027565651994810158,0.04926350290310609,0.04857848168862026,0.04523549073680899,0.041198877401994134,0.06393624657827088,0.05839390125465919,0.06633353985616056,0.05381925266347225,0.05622692404646795,0.03790694223478639,0.04144410901532934,0.04260450309739296,0.0482130073824855,0.04054984463201744,0.05979830977785814,0.06623418740757718,0.03375064244231234,0.057071363213695,0.03394514617003826,0.041675760135031444,0.056717360803527364,0.056587064857448015,0.05436611094164317,0.0593533132127102,0.04451215925657628,0.04620717821207731,0.040972708099975594,0.033841208197573684,0.03545122717495532,0.0594257147939754,0.05003196461499811,0.04416327241772546,0.04498959112049281,0.02989154416675198,0.0402609817215844,0.05056642493476445,0.024487895580797604,0.06198577639787115,0.04448076126172942
87,0.034321249615512875,0.04905200119348769,0.07050433499231133,0.033757113239595495,0.019686459672139126,0.03288517810161461,0.07652698870365497,0.023774169468353187,0.04237478760241667,0.043690390248504136,0.06024754467707929,0.059646401454090676,0.04644736295210923,0.053498777510873945,0.04715801706762862,0.03644338871372295,0.04238394878961075,0.03919988120581518,0.04119813510001832,0.05981091914224251,0.05516648745922943,0.0489161663100092,0.04680916339753516,0.04500645474071074,0.0848994578879433,0.03202532692312263,0.056618506527866944,0.04640658762678295,0.06943268196271041,0.03281688400876448,0.043187606922737834,0.05420194265216605,0.04105814711199826,0.05487748480129859,0.05333911416271099,0.06914353661364521,0.04923139093863717,0.04369507612182305,0.06499696733107013,0.025180845218162395,0.024772815980440042,0.04802615307800133,0.05394069814612822,0.03131620919592417,0.05492500878771684,0.051271533359386987,0.054733941287854845,0.05813507990644679,0.05681511363982287,0.07104814896250194,0.036086629290293215,0.05641704069375592,0.06198388611013933,0.02813223573328365,0.0502079932726935,0.04144767248969054,0.03011002516829584,0.044824987628364,0.04691168361110041,0.05368609971314629,0.04902382742820551,0.048861070685459626,0.07416610882257943,0.04595136894257273,0.0736361891176402,0.05303410401670938,0.05926679158492482,0.035959758995131506,0.050116898716436896,0.03829630718302883,0.05994284370693471,0.03776904513732036,0.06812777720913413,0.03345654575172243,0.030083285719129393,0.023414909654990077,0.02892337695308874,0.0690107841529373,0.06787855574632075,0.03915431919083892,0.04270526561007992,0.05822201977798811,0.03320157373349764,0.06364954266154942,0.05121990339696343,0.04006976963922228,0.07182330012065295,0.03230468598364231,0.05119174741417239,0.02930018477800603,0.0633201009984607,0.043654881291056324,0.04604571534353406,0.021306916368039223,0.032217546165274696,0.046006975908232335,0.023630348555595686,0.07112168283354973,0.051592563669513085,0.06140465691578223,0.050833686440546734,0.03944286614087741,0.05197949027036337,0.055298138340711546,0.051068481957672475,0.026093214441113496,0.06325821405137542,0.061173992918545105,0.06538273940620225,0.022844212309180854,0.03542144346424401,0.04135704639510676,0.04892807779389883,0.04737534961313403,0.03731931400808688,0.05731351331595748,0.04307393176224155,0.04904275860958471,0.04169097119654478,0.055076190397658084,0.046275597991610296,0.04985790837684062,0.03150842977886034,0.0456626453307717,0.04804666361069004,0.01704127894050023,0.05200171812963085,0.03875232755112059,0.028990737638072757,0.05847957526974544,0.07328267561812468,0.060866109528363695,0.05761374061015691,0.035652722363338274,0.04669090415066778,0.04694953898632029,0.042146721591592766,0.0592395346801233,0.02431195654902229,0.06255340143483584,0.04961205401310886,0.03713417274218494,0.059171495880525185,0.037628153882809115,0.02292759010411632,0.0655080627069695,0.048571816471556936,0.042079328033712685,0.02969434423223591,0.038103514903925634,0.05373527182890819,0.049861981974480364,0.021076725311984332,0.03488098295247088,0.041986050833808984,0.061024911771312584,0.040006487392382266,0.026908975924946996,0.06630498782362168,0.047927584657201615,0.02365292546421085,0.05239064562946022,0.047299653735463444,0.04736667974259369,0.04261005620183322,0.06612520000634978,0.05790041242365837,0.06587277271400081,0.05522418206964355,0.05313202432586719,0.03882749914514053,0.03987979608947359,0.04087212697884562,0.046933918020809,0.04180828388554475,0.06235178890712144,0.06443025307180832,0.03472331494205661,0.04984835334585665,0.03311629384060042,0.041409572932892755,0.057657628181261536,0.05346867981634097,0.05761756879607663,0.05939939490043995,0.049658184514841865,0.045798297549188086,0.041065972708432555,0.032509229234792866,0.03502673778310725,0.05493973964331369,0.04806610275516264,0.04419750848797324,0.038943650012702835,0.030325196832203014,0.03704760577845249,0.051470023927847525,0.025359315202523724,0.062055359120690996,0.0441521322520977
88,0.037832315604988044,0.04638744178595056,0.06805751381350766,0.041072336600997704,0.02002819458624086,0.029366995023565746,0.07631754689834601,0.024948603050816028,0.03760045993458187,0.052021357542881536,0.060558948089562976,0.05924186321189484,0.04566713067684039,0.05308980529586296,0.05106511756439198,0.03641850018902354,0.04126246280191891,0.04097543838744731,0.03997674384578067,0.05701400300246745,0.05590344983611822,0.04838781672091821,0.04815991888451382,0.04388583440365995,0.08218023228649304,0.03383041476988826,0.05609518905578015,0.04434332388278007,0.06621419722462105,0.03096650608188739,0.043731927126081954,0.05822182882360372,0.043586407445143145,0.05277999000001272,0.05348117232859653,0.06740743496340641,0.04945027927761123,0.04505108244981148,0.06291729391219553,0.027342537582636835,0.02284435962461875,0.0493459249174658,0.056565143332558805,0.031493587124151075,0.05764671643372491,0.052708160900388205,0.05691214610651823,0.058406231891605466,0.05818777394235677,0.07203810107136828,0.04018702628052084,0.0565814971743792,0.06206188033089331,0.0309012374449566,0.05295364453960829,0.04601407072331421,0.029238025356564362,0.04332228374413954,0.04275788081161193,0.05200352917068273,0.04737234501101779,0.05230232920473639,0.07399277666042528,0.04978329247415684,0.07647766237962586,0.056228264841375705,0.06089260750835488,0.03505389578286378,0.0527995317497947,0.03673907737093607,0.06134865164951501,0.036728563990632276,0.06618900558124213,0.03786161238525202,0.02892183882379938,0.027078781407463455,0.02800934147461106,0.06854072666465706,0.07110275859932826,0.03709761733932111,0.04179775873196477,0.0649566839034198,0.034152721571738084,0.06080405812984587,0.048200778006298385,0.03773138985017989,0.07559555043091716,0.030406322288913254,0.05278730340604228,0.03600862018341335,0.06533619746026845,0.04411896936927035,0.04743560161721195,0.019937179970815393,0.03516073954236748,0.0453465757718432,0.023616306569128765,0.0713138582212244,0.05209630533910664,0.06213409549994567,0.05363893681331672,0.037762277225443654,0.05192616932120143,0.05365998966798901,0.05364254904703673,0.02475560305649246,0.06457549687567381,0.059592669782640675,0.06206996965545238,0.027783113370653208,0.030802909289905,0.04062683376578012,0.04479054405524637,0.0423976587673845,0.03936292686666265,0.05408716956537038,0.0417431127284282,0.04856558873570735,0.03936529458963931,0.05542583131804053,0.044956870253182735,0.05264575325740542,0.03520348101639362,0.04717897008990061,0.04752302545698243,0.022168120265796513,0.048693030417150306,0.04037291123601564,0.02226434859251629,0.06310169052186583,0.07090016150650177,0.059859207110896824,0.05498975617291145,0.03412638096468351,0.04201005610461294,0.04626673709793729,0.04156812258816206,0.05988400109306315,0.02631167656684497,0.06406648283108951,0.050705448691343045,0.04005030247163758,0.06144370201941694,0.03228153784225188,0.023181805052571218,0.06860723149147072,0.049734409486677865,0.04281537703230248,0.029956863669382657,0.04148168194816092,0.05047124315996703,0.04587610055307679,0.022536517957553858,0.031230731522737108,0.0459369856258365,0.06318709878808239,0.04251621618593368,0.027934547053709048,0.06229164975473916,0.05037063196378247,0.03013821754345535,0.051832736884922515,0.04549489300344818,0.04900416090946223,0.04426860359730781,0.06912308069557771,0.05557872611034951,0.06474228276113661,0.05727500834832893,0.052897261445191454,0.041036933267984646,0.04204152997091957,0.03922732354577999,0.04554691330018189,0.04307929220260052,0.06255309852428867,0.06348503647123971,0.03833661944877979,0.05270926207228003,0.030949570195244833,0.039422391957682705,0.05815636093051528,0.05636740785698195,0.05604435707561582,0.06035738664050626,0.0515753345818831,0.04371426119680026,0.041991996535529465,0.033733212880694675,0.039039003774581534,0.05846577880832114,0.04535150451815314,0.04427551937993728,0.03794887303092504,0.029963901426875432,0.032194899252203084,0.048172634145769014,0.028431994399248105,0.05986967074561058,0.04497143397624707
89,0.035798447574487184,0.04602501670812811,0.06667679916129007,0.043431869711314644,0.021404038379834206,0.034356241252602324,0.07400184286587777,0.021579563169910918,0.03708263418507001,0.05401934000513069,0.05836568723715151,0.060672095133332805,0.047426324812570995,0.055740971372044944,0.05231256520458749,0.036406206773988196,0.03756708568840849,0.03885521319105832,0.04148832228576102,0.05701853343717006,0.05709132037094039,0.04988464458205507,0.049371982475868215,0.0421699771322911,0.07810045390210614,0.0345652428679727,0.056262231464004886,0.04570389694540506,0.06496795903180627,0.031746730852661685,0.046346776431756276,0.06211561894430981,0.03821747081430232,0.0499645639676704,0.055006319093804185,0.0639874050016911,0.04770662909150414,0.043844546973617414,0.06358996716570217,0.025708643819897948,0.02762441480717349,0.050965773024409,0.05231645403393486,0.032779743389679226,0.05993155607057147,0.056255028075901624,0.060628240363887385,0.059948160742829486,0.05741008231679864,0.06919284382290886,0.04467224373074447,0.05747911087027328,0.061166694464486526,0.03294771662823311,0.050476155888766375,0.045594308933707556,0.030405333946836692,0.0453860029358905,0.04362288500436589,0.052473534190473445,0.0515978116933736,0.05115792735727305,0.07690919845895856,0.05158066531004798,0.07333487059039438,0.052462563874121716,0.056571920567953356,0.03298235503596222,0.05293462787607292,0.03898569109640759,0.05866626460179263,0.03703952061750462,0.06568082425580085,0.03772220411957226,0.029772123526706988,0.025339953690995527,0.028981763211428393,0.0670228856794388,0.07054998294951402,0.03540140681625626,0.04658775689928353,0.0637683082769627,0.03287390734504051,0.0534764650357288,0.04828724463364977,0.035435263124855905,0.07712743934554106,0.02944991794263581,0.05566937934572465,0.040418451755086085,0.059532677613610835,0.04139684080915863,0.048326755467585886,0.01743803580778285,0.03482413382159011,0.046357514218685024,0.025909721955742634,0.07081890182499861,0.053282484070197755,0.056049316784354555,0.05613969569697169,0.03916969994221818,0.05554880900234816,0.053547571840888014,0.05394821624531398,0.026352228940227564,0.06594854241991513,0.05815569507582165,0.06013646124305305,0.025349541614175596,0.033015011213528435,0.038160614163661614,0.047853566204558586,0.04311777867637681,0.040912298418031394,0.047906283700161784,0.04617686489677075,0.048854619343474834,0.040693306571602805,0.06044675808890321,0.043814703339690994,0.05042779142967244,0.035700456411144325,0.04668615221811216,0.04287209592478117,0.025278657427282344,0.051491224771091235,0.04383448533125586,0.016620866537103894,0.05978747332384685,0.07040597547599779,0.05907308810505027,0.057647863395907745,0.03513947380040747,0.04129087974674007,0.04645022337814965,0.04416970433777335,0.05667941712054762,0.02784423678786941,0.06967409729888509,0.05501991432895705,0.04189081398615409,0.058497135869656776,0.030045575565194833,0.02464929333760646,0.06914388222146337,0.050743482207557145,0.04007393021783469,0.029284204609393533,0.038624800515152394,0.053680499751868165,0.04495173177819576,0.023283071726360884,0.035119323949204195,0.04591084363804697,0.06628986622728203,0.04311748575966787,0.029395621113378796,0.06363966163256567,0.05366660727766425,0.032319769537673085,0.0488369026538629,0.05138802655754889,0.05075037218375579,0.04752374700304054,0.06690534260845939,0.054918461386993134,0.062097376010263536,0.0569301855872344,0.05392793730387711,0.03922759741147028,0.041736550609932914,0.04013268301847257,0.04747094418125139,0.0415602447930427,0.06106406375196167,0.06924348039902448,0.04324895439639738,0.05108786130278511,0.03123425892524121,0.036452733605375265,0.05502560669011473,0.05668652990954051,0.05146831094492104,0.0600292841371577,0.051743594133936865,0.04423039157147889,0.04435617171212059,0.03273110172366116,0.04450727213073147,0.060510048806801206,0.046260707545717844,0.04759672271434234,0.03950673711014698,0.029324659890727783,0.03150435021646957,0.04892344849193034,0.02879145802591578,0.05970533543624628,0.04450811795009656
90,0.03493320636565386,0.045282830926887084,0.06563937062761281,0.048251371885463294,0.023929598467802366,0.0324959825859158,0.07434710247384706,0.019654442353793683,0.03826097741294554,0.0531733724292861,0.059458367264863234,0.05627857372670804,0.052851850874577416,0.05535799768481597,0.049905556448247984,0.03360184925771177,0.03938637938923317,0.039214739278636945,0.04480043953100234,0.059983316896272294,0.05640587911540621,0.051994817663405,0.0427216152462529,0.03803323502562437,0.08257732635563031,0.03293432617856331,0.05806478123458647,0.046922344099212365,0.06566463056878524,0.031226328519625975,0.0441179406057303,0.06206411212918814,0.04203014372282145,0.04835758412879862,0.05782541299523984,0.06384396884118822,0.04514973180759753,0.04835760882008491,0.06390068409628157,0.024805560117918766,0.025241622648340435,0.04943847927707864,0.05353077905076338,0.03443877053159401,0.05983018498230577,0.05696087461132292,0.056798864206374304,0.058481074722491144,0.055423378771259454,0.06631351717137521,0.04542006022711666,0.05719574783542147,0.06432684642792638,0.033184423314269657,0.05392777532554676,0.047489940860784195,0.026794896871233844,0.047490159126764804,0.0465508350808571,0.05323340741060998,0.049720250879239244,0.05164090605560817,0.07592556886344663,0.05102015276466382,0.07176683819040125,0.05048446178999607,0.05601986346893154,0.0341508446357312,0.050851740925980125,0.03774055301964558,0.05935421175543776,0.04056098106820678,0.0685334450461167,0.036040917481899144,0.03226782793562219,0.023724481008160873,0.03339033440047115,0.06622893866538969,0.06891823356483681,0.03628513766604165,0.04545596492852493,0.06536741254198809,0.029332073559373593,0.05247374406160991,0.045793414572011616,0.03732326633952953,0.0792315984284251,0.030062428695445734,0.052209818393250416,0.04058394269012844,0.058619514633733674,0.039800219190613065,0.04836298214882526,0.01839835451356283,0.03247505101159793,0.04765890446499653,0.024565926536940976,0.07067449034560651,0.053870104322094214,0.05357909494898745,0.05845172420996223,0.03882858066534465,0.05206157992551475,0.051783929889704323,0.055339475448322156,0.022309705085795686,0.06796458945709004,0.058425207016839786,0.058727004814144806,0.021337207149957804,0.032070919379234696,0.03801087270818167,0.04460967844315019,0.04647755871692027,0.04302686727029694,0.04836673987340442,0.04593161329629254,0.049986130689701994,0.04081006415311355,0.060259037365934374,0.04576681828516922,0.052120199223807784,0.03466187141735868,0.04546108656021522,0.04537890210326527,0.0247572385463349,0.05157636084339308,0.04637328294937024,0.015299160828538386,0.06252405776325917,0.0683180042984959,0.05758332333714839,0.05701939477223544,0.03588284666691491,0.03893575032316684,0.04751042242488502,0.04388597404005209,0.050925699177903946,0.02820539158916565,0.07235886991337752,0.05359617357126557,0.042836888742743814,0.059417469622656816,0.029225260461902457,0.0241394413210859,0.06959409833491803,0.04840138427672144,0.03937757745407184,0.02971048424749359,0.038296242118507046,0.05658477515918438,0.04663550310278686,0.01564999528229331,0.03533164547046855,0.042268927819732675,0.06470171948074853,0.0431368562248074,0.02767124442738428,0.06630285656986577,0.059940085774103334,0.034662378697483905,0.05096121045768508,0.04863820960162902,0.04796573023046091,0.046022558897911334,0.06756484273102249,0.057550589476571046,0.06482916835754655,0.05833199047241877,0.04958545447176168,0.04406704183517675,0.034554051146283196,0.041041132924516964,0.04724876344365449,0.044456467632442896,0.0655998249136249,0.0693520982089516,0.047502454741934354,0.05432485743445531,0.030312580525465975,0.036003396109604305,0.05315006463735802,0.05290966676155532,0.054111250001106406,0.06045345699900924,0.04912576825774426,0.044749320487121165,0.04378330644189159,0.03178299395863119,0.04588634915510943,0.06184819377247365,0.049900035716219864,0.052138489227272704,0.042221975047048596,0.027107087344106127,0.02936211364476046,0.0466026864366595,0.0298442928021196,0.056595906719620385,0.048758888788491495
91,0.0350602356413551,0.04723126190514836,0.06568205093276022,0.046932981087949945,0.022970818369413042,0.034670417483267435,0.07063071081277841,0.020372033228112128,0.03830988600295632,0.05390450765564462,0.05959198371692255,0.05247885139921023,0.05136848894916241,0.05514528501459608,0.05028473615536068,0.03499513759102094,0.03732611534145634,0.03957307763366143,0.04416466884018516,0.06191030588747288,0.05619013003022072,0.0498615744324769,0.0422949866636797,0.0372687254084912,0.08306425416315855,0.03544988319139512,0.05595049351069085,0.04587629668795114,0.056962820456353994,0.032219889658126666,0.046362277246496934,0.05662926150016559,0.04284841957379283,0.04813103869394227,0.05732834291489427,0.060958427444545805,0.04577990585061787,0.04688317002671167,0.06364799148178758,0.02992310532367218,0.03094271341552857,0.046612371323523125,0.05463426485181863,0.035886584921408414,0.06241527403446413,0.05695379995791475,0.05697476919903373,0.05671094748574296,0.058843681070363904,0.06729794729708251,0.045886323027695054,0.05836317037185901,0.062285257280550926,0.03151526293450171,0.05276953552881237,0.05000828219901477,0.03178663876512053,0.048148594750365405,0.04846168989393327,0.05298979330565168,0.048182763721719125,0.05073412560360857,0.0750060750634422,0.05000456051762598,0.07568526191897312,0.04779986048986532,0.05634448361510335,0.03220724754903183,0.04810805601591894,0.038190365990791016,0.05982169924026723,0.038298876698876744,0.06737868241149356,0.030074710288608027,0.028861743058136862,0.02479696021481356,0.033229299590576376,0.06495923928188238,0.06356509230592422,0.0352265406381408,0.046200902669199705,0.06229725484232554,0.03172508940571998,0.051294050272361516,0.045594584578615524,0.04291080193557134,0.08164142001051193,0.02996131367310852,0.05253825492293902,0.040815116534948355,0.059802788663415124,0.03895429601016347,0.05368884225004526,0.01873718243659416,0.030196453345838536,0.04264710408781571,0.025911191624381595,0.07140886665849965,0.05572568561287993,0.05267145796316548,0.06298316430820271,0.0380633394625091,0.058004633833947085,0.05353377807293041,0.05251391359474908,0.024284207208119767,0.06794667839604158,0.06049555996371232,0.06119933665327568,0.02700337620831955,0.03138753165133797,0.03673922273371802,0.04580001144590977,0.042893018401394895,0.044695030663214626,0.04614794226014968,0.04408871042154106,0.049427807381042334,0.038656102769339507,0.05593639801074735,0.050160925344464986,0.05312114169169188,0.038950710393652596,0.043114079321506,0.04459533084602903,0.028604577316317662,0.051273382520409035,0.045507532668255725,0.014672132859646836,0.06339848429240696,0.06977462017936184,0.05573061963539735,0.06113626683794946,0.03409422713390822,0.04633811126420938,0.05029978887334569,0.04055078589685663,0.05007025634467342,0.02848301235078232,0.07525320418257506,0.055940207527787875,0.03977605720175888,0.057698946459912914,0.030815153535172224,0.024656157580779495,0.06689769662487938,0.04633694558422638,0.03461197414522485,0.02605545168620995,0.04017896874898693,0.05707443226290137,0.04381048702415173,0.015311117743304903,0.04023737948353481,0.04134204430932045,0.06548993669631809,0.03755987503602983,0.030660805955318563,0.06816056869600447,0.057222966516402914,0.03281754584044783,0.05272452319802241,0.04848285208387179,0.044006674557642504,0.044370377570622725,0.0644366715679514,0.05665918479699823,0.06483792230882283,0.05822496457941128,0.05248798251031715,0.04408909388929253,0.034344014809409656,0.04027358837797752,0.04658916760045173,0.04448029481091209,0.06599517468771349,0.07170657382665555,0.049582179626454344,0.05547213895362292,0.03008247475719372,0.03781734898731908,0.051670655530840624,0.05359735096645972,0.05343940202331544,0.061547690029923094,0.04969452879774503,0.044539674243195465,0.03942080612331502,0.026526210010547165,0.04564041850646133,0.06104281541698319,0.05367900540769261,0.05571854125951002,0.04326107396559007,0.024697202512695814,0.027885643905071467,0.04479785089136173,0.030729417561393236,0.05694907574433748,0.04601288089651965
92,0.03527026262102126,0.0445684860349967,0.06333031999406641,0.046884877728327466,0.02183116492754914,0.03478753685645367,0.07020492374382081,0.023957682121373853,0.03541589093006618,0.055857632795849974,0.05710765718548718,0.055967874311079836,0.05659097864044048,0.05759965202270636,0.046431052894187703,0.03363954145697091,0.0354726095674746,0.038068236319628426,0.041768926625473976,0.06177704908886689,0.059729002140507546,0.051297722094875375,0.04501080537833865,0.03779377056608371,0.08551050610000897,0.03480011018905419,0.058784073594820435,0.0441457732191363,0.05628016013304007,0.03166616899052393,0.04301679791065888,0.05962549856336702,0.043533541101708054,0.04899162861056043,0.053160177431763316,0.06055986512362393,0.04759809812689208,0.05165448540778632,0.0643686218373289,0.02998973082659728,0.03342257173571945,0.04519307783847292,0.05647871601399299,0.0348963418695851,0.060299513923042454,0.05675706621853396,0.05673294464272726,0.05388940728129986,0.05845261141647222,0.06284758585835751,0.04466581771552834,0.06223491576516439,0.06157328314104395,0.03386420809292921,0.05682162953195401,0.05005465628373811,0.030426765159726456,0.05031861808716951,0.0493153378863918,0.051096993096662206,0.04663669341731992,0.047631481827849695,0.07689939980188398,0.05004346455783993,0.07824947162759424,0.047300595469944307,0.058047147149848814,0.028118023126064085,0.046482980125172164,0.03504427715522024,0.061356973225545,0.03885894314795496,0.06438312589411219,0.03347069706755894,0.023755053174852662,0.025840545132034022,0.03173297742966778,0.06775927586890053,0.06533783002772985,0.034334521906789234,0.047093628600570356,0.05905862012866273,0.0316367019918632,0.054652150710044485,0.04432661835674479,0.041928850040621315,0.08197437765597954,0.031128566076448084,0.05662067109830333,0.0454862329297174,0.0572689791091036,0.03810881330781077,0.05143245466688713,0.02025740668603547,0.03238553469904179,0.043887206352255265,0.028761866445579272,0.0722812707612487,0.056903863571338094,0.05268925665813186,0.06523336731637606,0.04009441672601585,0.059715881325818024,0.053758513878945,0.05582600839661659,0.02157299109236923,0.06829388765537593,0.059418239426215186,0.061802197494728595,0.027686831206591912,0.03157846737073256,0.03902045870237643,0.046180341855393194,0.042631624536312133,0.038102428983494474,0.04963894456503328,0.04418380834162324,0.04931781429714271,0.03841735812436186,0.055583107069398376,0.05234082697712324,0.05316094175102707,0.036538716413010056,0.04213447977234467,0.04838206210365632,0.02796126098591171,0.05426396234299914,0.04768398846188742,0.0169899969676998,0.06129678334233826,0.06730918587701952,0.05692546885678817,0.06332226410119235,0.032613173419069684,0.051827243308110886,0.05278380359016181,0.03963039080909372,0.05360396399453492,0.027940846616032414,0.07691189447609584,0.05589392506950695,0.038885833429241984,0.05339168539830785,0.03306335894687913,0.025467860208546987,0.06779254250619056,0.051899047624002964,0.03548617121133493,0.023982919462220198,0.039386671101556525,0.05081335506643645,0.042893542615506215,0.019222125868364682,0.04084648299659642,0.04166371254971329,0.0650181176769519,0.03767058030885256,0.028211281398590783,0.07021414235198503,0.057114420400433345,0.030890158172121547,0.05373408794817604,0.046756874590578354,0.04632256999570142,0.04204757195080637,0.06386599337624722,0.056672176853052356,0.06140388817314603,0.05894000271559249,0.051103083264889465,0.04196321607839324,0.04029928580929669,0.0429948054568264,0.04918803416535362,0.05052966511131916,0.06588338771252814,0.0739702078440427,0.051581931098782605,0.05408601020732334,0.0322298932276491,0.037037059967357615,0.050875321673968445,0.051589944776686346,0.056053087318151736,0.060474807767132,0.04608375874464934,0.044932436131639976,0.03651652001649166,0.027142107237606558,0.04590874580460513,0.06187089215624592,0.055773109776404504,0.05807827759449814,0.045831578216175076,0.029878252100183175,0.03319840333247625,0.04140455085954561,0.033417626995063454,0.053348019753947526,0.04905081440865326
93,0.03464472338641259,0.0459608987622916,0.06538179223126164,0.05022485085276501,0.023899326985874814,0.03691308640212123,0.07114520197888255,0.02355136295324103,0.04056088529202143,0.059319354585056,0.06043069676129673,0.05537886496679006,0.055201918833664425,0.05659418853921627,0.04612042205554197,0.03372052398410219,0.038893721563368164,0.041268549268910514,0.04137553921542216,0.062383111465596434,0.059688807288547745,0.049235989385183476,0.04257390656240723,0.041338958322133974,0.08336911295650397,0.030742888059454413,0.055092921831910835,0.04620002230187006,0.055918300256780976,0.030665181191094515,0.044884248104701076,0.05642170327827448,0.04248878333353102,0.048664678903802674,0.05674040346424209,0.058816128013354244,0.04858949016331898,0.04862631780452395,0.06396295686005961,0.03097445139655725,0.03432813585190257,0.04754984881118752,0.053168072010896114,0.0326402769438337,0.059873708976230317,0.052530309711019574,0.054287341766085795,0.05329321037808002,0.05798116893447718,0.06423832722369711,0.04443784649311656,0.060266591695241435,0.05763621816821532,0.02925945014211066,0.05641408262434025,0.04750321117444697,0.03289354195785404,0.047972323460434126,0.045555799757169155,0.05046219619132875,0.045914833843620426,0.04481514885797055,0.07537081240250121,0.050819846400718696,0.07584131789730611,0.04505957794492678,0.05637993741525455,0.025207111192453915,0.04442511609415263,0.034238450456867554,0.06144080699034887,0.03644340320312086,0.067587468188081,0.04041209636721578,0.025446931812006635,0.023334985203082907,0.030720854589612757,0.06965093285537295,0.06748024700978184,0.03676320923856153,0.04702045641918881,0.05960412011397528,0.02837505895016699,0.05702458447515634,0.043989985762940796,0.04355245529347829,0.07929562836296383,0.036133627433513144,0.056386703290100655,0.04084063652125522,0.057140945720040436,0.04038368312464377,0.05013082696718692,0.0171626672060768,0.034846255932704524,0.04243698606747181,0.03173061234134943,0.07356985716137596,0.054960866837486314,0.05411898223345226,0.05938962962822257,0.03989013988736333,0.062471633004988765,0.05353665275570439,0.052070611367030825,0.02130412043290637,0.06816598442109323,0.05880972637390821,0.06142932394490106,0.03211402486144072,0.02942327825804622,0.036080616625125746,0.049665990162800454,0.04352340396662496,0.041863402334253126,0.04884360183880223,0.04194298780550785,0.04802163734060249,0.03738137477904374,0.059595705727481116,0.04903327023835531,0.05074204461415563,0.034628566415639495,0.03939671896504358,0.0512734508544136,0.026310129413501675,0.05474696029262102,0.04946775212080214,0.016369520548885186,0.06363990162886507,0.06782472982359536,0.05630681401250709,0.06379106599211432,0.03547664341889088,0.0522786091660578,0.05510193239746917,0.041677284426187386,0.05257369804024271,0.02160232407322884,0.07566952549023859,0.05272082609022507,0.04613305789165781,0.05331770906185603,0.03074343807945471,0.022023887935926745,0.0693614055345824,0.04948403327211528,0.035322856949350216,0.024030050680024402,0.039001380330466795,0.05357854283248448,0.038450922289648,0.021661329390028766,0.03983286686681922,0.04348368871797802,0.06593638517987521,0.036982128075360804,0.027419831262375786,0.06942881726897224,0.06031971854421568,0.03253143523015743,0.051132068289617943,0.050127252914464494,0.0449991816676444,0.038350697758879566,0.06254084100022385,0.057604261930792496,0.061819950935600144,0.06559814194266436,0.04892012081604396,0.041106382299233836,0.04056723963915987,0.04224467191871716,0.048193159514274955,0.05018273750799711,0.06670357619028708,0.07500004580968406,0.04925315496975982,0.05239129042090886,0.03532408929455216,0.03656121111928392,0.05150298585742244,0.04902665539338923,0.05665115755149975,0.05779847958255769,0.04306763860681824,0.04678935631050698,0.03737556700082074,0.027954092439029424,0.05061392185827259,0.06026291441241424,0.05489806897595312,0.05418428846650705,0.04378687344417778,0.02910682558194925,0.03189408739390046,0.041420177620572804,0.03770262343122259,0.05375000665198319,0.052723523623384644
94,0.038374116690678875,0.046776577537232744,0.06527657490874829,0.05091787131553449,0.02009504283452036,0.037051108170152953,0.06866433495756505,0.019759157717952166,0.03676177317592557,0.05753035217694589,0.056274345996953336,0.056748703592308776,0.055400476882049306,0.05840942800782373,0.047260734042476375,0.034202605471556846,0.0384761419644174,0.04010474223453359,0.03859475137181825,0.06397642384858442,0.060837563744490404,0.04899776483456599,0.04313045454703809,0.041799624588962615,0.0800390369905506,0.03705541700067062,0.05604559718502562,0.04899032003101987,0.05408028353042357,0.028663286100016415,0.04361974741780044,0.05821672717686628,0.039962293135358665,0.05108744205077784,0.06299804018781269,0.05563269421384553,0.05276551633476818,0.05186011037872701,0.062294267113883355,0.032305513588036815,0.03472637347144357,0.04361420979080895,0.05165472470074494,0.03436460669111497,0.05594716778804439,0.05216632794992282,0.05420135461191335,0.05388093332232057,0.05533128041323263,0.066359221552379,0.04355757096192599,0.05691841906923432,0.05523503779945007,0.030598577859470382,0.05498965976710833,0.052995099536942716,0.03521133804088408,0.047865892021442306,0.04547640685300464,0.052286365297216045,0.04777624556743326,0.03880573973691081,0.07450494452040562,0.05095365727424926,0.07472921816469384,0.041954458954698286,0.05920048889773326,0.02629092787416427,0.04497740176054793,0.03284953970480689,0.06255410580542509,0.03879478976577768,0.06654416381390969,0.043686016884296554,0.02534824835949835,0.019086183551812966,0.027539648892736725,0.07111496293817285,0.06706169868064885,0.033460874266525456,0.04744429422143209,0.06225945016436355,0.031015402877512425,0.05094989282236578,0.04363272902062384,0.042022028844952215,0.08115622836541053,0.034789794521501057,0.05808034023994011,0.04081110333921083,0.060656977912378264,0.03658527964673216,0.0491937082366387,0.014917474578699826,0.03814957975063566,0.04238956710371195,0.03479105907682826,0.07361039183249993,0.0538778689909582,0.052034579494144376,0.058860955587034,0.038187674367742536,0.06265336974132187,0.04969048209289624,0.05234230769646615,0.02487364102592,0.06616882381814294,0.05571836462238958,0.05920354921350316,0.030016883462820155,0.029853921116461107,0.038402932753492214,0.050404774920158456,0.04523251144188731,0.04264301130338807,0.04796988424899625,0.042420086285145424,0.04534231869778718,0.03876252885133279,0.0559234908642723,0.04347940453590544,0.054077386982604836,0.034575275826658966,0.040542640319333356,0.04631554132363248,0.025439980760504237,0.05294071862060818,0.049053875030185906,0.01682915351794521,0.06399652297165931,0.06625234972579781,0.055829024501907853,0.06473979897434481,0.035683907383682,0.049698533201881265,0.05235415885460682,0.04193523780784084,0.055351134039423024,0.01574066528814461,0.07384257329772995,0.050995088810678754,0.04613527458478822,0.05305771702344566,0.03304774059230125,0.02390183313492417,0.06893425223767122,0.049546481154587964,0.03678737148125608,0.02441006237569012,0.04096108248031684,0.052020449699640835,0.04262861275435225,0.02191333682485563,0.03914299733347606,0.039001579727046265,0.06610685330751892,0.036577848104829315,0.023197225028489313,0.0666318550954603,0.06165161465900407,0.03275562802354362,0.054676783783723384,0.05306018518354168,0.04577160043553166,0.04116671674795006,0.062353013277709,0.054478623868869314,0.06380838838907911,0.06687638921394554,0.04595802872788085,0.041053913346524785,0.04246246103445776,0.04366151913207935,0.05383654624545599,0.04492592970681994,0.07298498417114915,0.07469817312915579,0.0473726678747721,0.049578770012920395,0.036489850178188545,0.034412226039597975,0.04776874359927853,0.0535424267911473,0.05616961122168006,0.060672959951589354,0.040037090196517605,0.05070621789747028,0.03391267230375564,0.03244934673667181,0.053242227525463676,0.06150907151447259,0.05195682198832798,0.05227594986422025,0.04791266972646991,0.032102172659037795,0.03440071289604559,0.042646260405263293,0.035207466892576526,0.05799915424625368,0.05196747962948171
95,0.043064887673087186,0.04440644446100288,0.06552210038465536,0.05221224107177813,0.020195622617012216,0.03933173012067036,0.06709644461009572,0.0203147719915759,0.03606307096381507,0.057331479851431964,0.058689433046075164,0.0577362952679148,0.05810202692286994,0.05432554409624622,0.045689407717679875,0.03801905074271828,0.04031845083288068,0.0412275902558632,0.03849797341962647,0.06654875541869418,0.059472482943630445,0.05195119852012765,0.04466317843752842,0.043391379773962575,0.07844655961352909,0.034781765282817775,0.05728116814344579,0.05225531329770571,0.05290363012876629,0.025041713554920915,0.04264586114381999,0.06150136270970325,0.03715410226572091,0.044829319728767754,0.061865606893244,0.05875208265063243,0.05151852370287295,0.05260889452286313,0.06446292666422865,0.03136965822992412,0.037029766597472376,0.0486720549857427,0.05384882167843487,0.03770807176576185,0.055919273306442766,0.05437358297019087,0.0574306938680959,0.052157768195630734,0.052491863653644506,0.0674371333344677,0.03817955241158281,0.058129640485214025,0.057724079897374166,0.03384941473475067,0.058817106747309604,0.053185353850497545,0.03201153258423012,0.04903044115806151,0.04242412458542143,0.05906569765996862,0.044890452504502264,0.03971944661512383,0.07595371337076907,0.05408839246413723,0.0761578606304728,0.0378431275977828,0.05970410075955207,0.027752293073003798,0.047935771104283154,0.030725361297974697,0.06290438622094482,0.03906835898012328,0.06656432502232681,0.04153444206773656,0.024247673908214886,0.019288628142484707,0.02365633413820817,0.07193639946740038,0.06797680075640267,0.03679236829931577,0.0496443483533525,0.059779182885383766,0.03602359708554548,0.05072725735578107,0.04242137689155512,0.04099519695703502,0.07732324349261203,0.033535536314324876,0.05685571485381975,0.04254701068811743,0.06085908244371568,0.035252124644661646,0.05170425672616756,0.016672569759387183,0.038216880015877544,0.04646757690582063,0.03545931255453062,0.07512077577590115,0.05808254632134422,0.0581699598986574,0.05937950821399085,0.03933956686167595,0.06104783413925927,0.0486792620168065,0.05146018270733509,0.024283333661368384,0.06405155981481231,0.056789659036326226,0.059748729073539446,0.03345682278673459,0.03013499296567166,0.039561130693916785,0.05082574693401518,0.044508379686340166,0.040723790863548784,0.04911518151013627,0.042507689669310726,0.04825080525074755,0.03872229531779038,0.053582126991647584,0.04234653850014822,0.05425560412268143,0.03611738149794569,0.04278785707414493,0.04513586298593407,0.024515878350801597,0.047701439104870895,0.05362274283134342,0.015287542174779352,0.06880358382852651,0.06519579257123032,0.055635597923859664,0.06134210707533889,0.035019901741422714,0.0481553435638633,0.05247314294101084,0.03978470526575498,0.05523667457405913,0.014340490926029318,0.07361149142612766,0.049912970377831385,0.047309887525750674,0.05236370294067219,0.03505500947498202,0.021861141578962278,0.07348744688037247,0.047591732411304995,0.032500150378232937,0.02040466232463769,0.04149954206655331,0.04824734918061411,0.04212009764808074,0.02393817291603322,0.04332801950365162,0.04107204079714158,0.06809461019125213,0.03214012140627591,0.019149230436099222,0.06402171424455892,0.06304222379191174,0.03488250419567218,0.0485497341869606,0.05405841480900378,0.04667709250229146,0.04066569777825712,0.062378973239813194,0.05588112825176044,0.06478770991662981,0.06440991372349097,0.04673584993171515,0.03897135842244008,0.042703293497869596,0.04278764257217495,0.05840019308937239,0.04850568060692191,0.0786373644959809,0.07733973781317402,0.045416858403408825,0.046080987006963586,0.03460806791556713,0.03428999318531436,0.04535138668483061,0.053771546067931685,0.052872315471691474,0.06027812353485737,0.038596794298808725,0.04837100174939345,0.03534306767658221,0.034910287919092654,0.05526867314862375,0.06213046458945942,0.04826015713078956,0.05246201466666383,0.04593909851370735,0.026840609937849765,0.03171631254662474,0.0473095565948845,0.034479699826577205,0.05486518668820788,0.05559555822122402
96,0.04517391480715475,0.04297171506028806,0.06604338757373156,0.05655728641425987,0.01933031195041288,0.03813563665375465,0.06742893690198398,0.021142139123875085,0.03311192098224342,0.05525073231141487,0.05247468746217985,0.05280789218586346,0.060317757346990325,0.05496448726571978,0.048033285962675344,0.03593155489019099,0.04280805786914545,0.04414271486569407,0.03700995590954177,0.06256612117688169,0.055506842257115725,0.048527871778243706,0.04732459483907395,0.041075027546207,0.08037580439366442,0.03544164225811075,0.058181889608616214,0.05115224706297132,0.05405302065308333,0.030002112995630423,0.042341168611172174,0.05961146036870737,0.04471078936003307,0.048527575577522616,0.060344666036932344,0.0619949131232675,0.05231241419468995,0.05774531967445357,0.06333682451338929,0.03410070696855784,0.037009693135309184,0.046279595166919034,0.055481578858448545,0.0398777653646573,0.056301299091303485,0.053221585430228334,0.054909096711575296,0.05488796789427475,0.0496080780077937,0.06831959313581609,0.03809045090378542,0.062056846329793254,0.059480616612433895,0.03836264712141898,0.060089547199152535,0.054305416211104504,0.031029885827710033,0.04807526555998731,0.041582022399835585,0.05976126953523433,0.04651189697294701,0.04220045829880936,0.07085834588650045,0.056892903169802125,0.0734151799960605,0.041687221505302054,0.05848046943437386,0.03020346424376319,0.04999393784743633,0.032013419262144904,0.06299539266875008,0.03743147054059764,0.06559067685617657,0.045556999468712375,0.025465943346906987,0.018430169332350255,0.024987875475305905,0.07034581973537297,0.06817059949889191,0.04099693793954259,0.047737262773270554,0.057882555626439146,0.03797299291002052,0.04999582400712419,0.043787381858337034,0.040409445444560266,0.07920662609876514,0.034110030394742266,0.058565415419133515,0.044219108900338824,0.0542163622541903,0.03417962346712994,0.050987842821812665,0.02010101373400653,0.04031210586579917,0.04503336704216139,0.0362384445450119,0.075306936505503,0.0573824438457012,0.056034431443704916,0.05978980723266562,0.04002526330617129,0.0625155187458992,0.04930316426348387,0.053861879024303484,0.0242492315329532,0.06360426913781238,0.06306960318267005,0.0627023185393617,0.03546044926277988,0.033392727869668536,0.03952161212318719,0.04827281340532531,0.046244396004397094,0.03924440634670455,0.04965080141448629,0.04461049241358557,0.050667360283017084,0.03744337191569834,0.05453143372228556,0.044169131723685605,0.05229810641112755,0.03348762089287513,0.04178562798156151,0.0507228955633542,0.02860689333779456,0.04816000971275234,0.053901204664955175,0.018576843314171473,0.06657851887024066,0.06419720429897617,0.058239022911565574,0.0578383350349188,0.03176686483327951,0.050798221366767565,0.051744014533113655,0.03524177041859537,0.055365637885664835,0.013223952758767445,0.07421128397934182,0.05006786786281565,0.047633905057355465,0.04767367873695001,0.03691208237511992,0.018570055549580716,0.06889802978026985,0.048376306712068544,0.028511046922322574,0.020169931798904004,0.038159145527545825,0.04920668778090722,0.0423029003382483,0.01942527777230163,0.046094149443724704,0.039872503549815086,0.07197736407272805,0.03418903660234681,0.015313250773552861,0.06316033737218515,0.06567617350985677,0.03618618457796473,0.0525694767388491,0.05285126095039589,0.05041328272601845,0.038522562738951945,0.06917045166193199,0.057359520426114106,0.06531412784948763,0.06446533666808398,0.04678481062467264,0.036794110409578494,0.04206428153709804,0.04274209064346388,0.05499741091929223,0.05007776369887878,0.07851816433207551,0.07865364453002113,0.049344352624229496,0.042589567643896833,0.029954211370036225,0.038279977463072774,0.045837670806983165,0.05386357855544766,0.05154553507300033,0.05816699128165523,0.038141520390172406,0.04982542641404439,0.03766506756536994,0.03996988270930164,0.053096289168383735,0.0614139600853858,0.04611247193102723,0.0539967740253523,0.047915332466121674,0.026866598054992665,0.029515451114770566,0.05281896669615477,0.03523864274781805,0.058436245805377394,0.05564679323702991
97,0.04612884049048828,0.037503519351809074,0.06535171855882502,0.05874612575080718,0.02248218261593922,0.03604486906174899,0.06661794098417827,0.021872115337576006,0.028342133552997202,0.05688767725299892,0.04693659746353491,0.05378134435796078,0.056113008220617905,0.05266706633434357,0.049765428619777154,0.03319740627027375,0.04072152396291686,0.04113141815334014,0.037221107753862864,0.059856720140571015,0.05383185622225668,0.045929208115194776,0.045891917937691644,0.03966857493371801,0.0785902372094172,0.033356972746799385,0.058219891424348184,0.053854118824838156,0.05858591902470293,0.02890181394965738,0.04085463815475081,0.05805583534457263,0.04130733277105092,0.04551484583664286,0.06180175810120713,0.057274314994826124,0.05472051755655787,0.060641300525092395,0.06463683179365864,0.03343551622431811,0.0377677117889152,0.04902640783391986,0.05516710248243099,0.038739684819410834,0.054020701478330935,0.04729856868032251,0.050224605876219505,0.05346470963474611,0.04906726131470053,0.07086276501627184,0.0380079609894297,0.05841363530656276,0.05978598341255941,0.033873690323743634,0.06529160912710531,0.05522227450417354,0.028949886163886968,0.04934866185962598,0.04246711873117183,0.05885850624342627,0.048446301534317004,0.04342797276494216,0.06308080174655674,0.05612078868479157,0.07114480598513091,0.04811945456891436,0.05779933290155889,0.02904859625046722,0.05192554886087618,0.03230004415380403,0.06262658219534017,0.03209347950153189,0.0630303349167989,0.04445304951105803,0.02543842200419551,0.02249224541360572,0.0230327829695152,0.06886660396619922,0.06654311636409149,0.03933013076273954,0.05145214355628981,0.05485650296046777,0.04349983036085567,0.04741489176354192,0.04460913243246174,0.03931401367426849,0.07929590915192222,0.036991493524304926,0.05776650183383418,0.044046646836295694,0.05127152182894292,0.03379801686116311,0.049168665679654305,0.02099156749351708,0.037815293994541185,0.04661608928027919,0.03852831979783877,0.07392567603438752,0.05861546706356874,0.051666154491790114,0.058667909449955466,0.04342972117153721,0.0622901934385753,0.04928134067641082,0.05438360330398972,0.024814529040393173,0.06272917685423678,0.05887013769874696,0.06469992897738253,0.0386375306267138,0.03010876017542809,0.041494706578298256,0.04318397024418444,0.04602313531786121,0.04257828869642953,0.04685354789143206,0.05205031157777236,0.05085730208897132,0.038240868875982395,0.05556809482314229,0.041506705210237305,0.051076243095812546,0.03605515767233099,0.04071163942089472,0.05181603635304697,0.02433026396102293,0.0497765428669551,0.051923228558190815,0.013619236022552935,0.06382572531497843,0.06446601067335202,0.05817803661328081,0.0575596664402188,0.0318472030877301,0.050834845291903935,0.05243373286083177,0.03615076296688907,0.056005441685766315,0.007237032421949721,0.07376079347202802,0.048226861851901594,0.04721693840453498,0.04350506590630456,0.037568311523022,0.015789428928455487,0.06901056864726705,0.04943798113771558,0.025571438902468928,0.020056109756989682,0.040437720739164705,0.04980434013447169,0.04151088985695228,0.01666687803065934,0.03960707961227961,0.040195464542019575,0.07240813854225085,0.03895076526254765,0.012181649036496132,0.0630417463474977,0.06773529660010079,0.03339914544957687,0.0471549198312661,0.05229471726183466,0.048916736408257534,0.03335995837724333,0.07024097786532038,0.05678201477439881,0.06270323154200934,0.05983784742721516,0.04591945832975023,0.03667343993368949,0.04454942489695714,0.04548855692084048,0.05468121126176022,0.052751912733433076,0.07593774149288939,0.07537964456757619,0.04951307741366883,0.04241273670020324,0.031844556305888165,0.04138708999064794,0.05039095810930379,0.05548687926104063,0.05073223511335901,0.057919304023541764,0.0397059509106466,0.051330617014316224,0.03957463564694276,0.03806520353794054,0.05285926656745521,0.05755504597768555,0.04551850643380572,0.05675275376466048,0.04697832760236935,0.0270243830893926,0.025229985193544913,0.05367366125821489,0.0327756074233991,0.06324203164745877,0.05329457139670759
98,0.046287124773832324,0.04289518147972564,0.0675320448068474,0.055575983977240395,0.026385330110167592,0.03739643069541077,0.06152641529689628,0.019560833360507325,0.0275704125884032,0.05266933682044551,0.047827979745688184,0.0545656602830141,0.05740218590629794,0.05214871305497793,0.04468371823400245,0.03616590469094659,0.038773770560650477,0.04420206365206022,0.03279360283763694,0.06046008644376082,0.05334862314140602,0.05029660352167848,0.043395116377092736,0.040225696959664554,0.07965528969017377,0.03310422966626647,0.0660155735710799,0.04991543411286888,0.058566937207350005,0.02520496191429403,0.04001649238294521,0.06078109879981294,0.042699277874294714,0.0493877876753213,0.0618294235033768,0.05871749116762153,0.05574052836219255,0.059124885394045826,0.06543286751397347,0.03405319412076796,0.038589280518168935,0.05063119085234121,0.05447912187816571,0.04021542325331607,0.04695506488766648,0.04656145707010976,0.05430168762550153,0.05351395690656708,0.04949862495711793,0.07656238152364478,0.03482786448546199,0.0597316653105912,0.061966484257013954,0.033206115862374264,0.06645573995930833,0.060109885495702876,0.0320549990942358,0.049738083996791686,0.04614581392135641,0.062067921943506875,0.05004264781669527,0.04483749040509158,0.068350228513162,0.05110808924939998,0.06936486096033355,0.04850368102597814,0.05602356640250969,0.029765238455863995,0.05126727373166548,0.03730592800399778,0.05815668851132665,0.03399725926526396,0.060983335856258376,0.04925171095907369,0.03008587767281895,0.021813530637759312,0.025456847991614885,0.06409915757666165,0.06927987736770981,0.0385975321613559,0.04603586909301684,0.05355946958778062,0.047132619447736904,0.04506972789855075,0.046789464892512136,0.0362452806025481,0.07788423972265293,0.03666239798981777,0.061554990656864685,0.043882179473242036,0.050698158798644,0.03494550279865244,0.04782330977263303,0.024710373568353032,0.03720213484948066,0.04859039560227455,0.03842964866486559,0.07054739656216376,0.05789267979716353,0.05241487514648316,0.05899900240287619,0.044637790703367444,0.061322007889336214,0.05145593087539487,0.054923299010030735,0.025223955375512953,0.0610252965326518,0.05852014171883536,0.06112554232869576,0.04201698412509542,0.02941914470226856,0.04001612002353037,0.04419637385129444,0.044225615746824404,0.045101578187404484,0.0427878731067038,0.054401367203113074,0.05170562945865053,0.03868013212486824,0.05544146319698315,0.04255016156996125,0.05154840903408578,0.03568270258381648,0.042065641841155806,0.05121965946304638,0.02646381142834972,0.04678932830113749,0.05126616742585274,0.011849709389181754,0.061951775805992274,0.0604218826158057,0.059720248649814504,0.054921980283072616,0.02875715606026328,0.04715735174013687,0.0503109929346511,0.03642165369011659,0.05627210484121926,0.006858501719500788,0.07623658675454174,0.05062015868572436,0.0472027666355467,0.045603049226635904,0.0392847721865249,0.016990872096410467,0.0730257435119448,0.04659200686623114,0.023952378509216915,0.021578118871410732,0.039593719747707014,0.05224530462884442,0.041257945958047236,0.012579582829136597,0.0427858256580403,0.039479947213646845,0.06850338591501116,0.03718194193520628,0.015621858430757692,0.06279339196726011,0.07325850271098829,0.034690029969528316,0.04822316675194263,0.05231538284400406,0.04907947781231696,0.034194274420416344,0.06775803115443509,0.057148635280449105,0.06468277890987996,0.06205129130704608,0.050291035253836346,0.036981250734219685,0.04761048046293954,0.045161397569375726,0.0581411774764989,0.0475873758185567,0.0746198965598403,0.07402557988195846,0.05088880056055026,0.038925204263908594,0.03296826683132324,0.04179134735371353,0.045161937860387365,0.05518855436534766,0.05134172621266399,0.05477002842162496,0.037698735249639424,0.05129475411723848,0.04195785155492333,0.03684304516349384,0.04967636944606068,0.0536782979812332,0.041949674971445146,0.05716020844949518,0.049178654747549434,0.023429312730121044,0.02540071250321586,0.05704207232897312,0.03389974411030494,0.0658516266283342,0.05495808556865918
99,0.048266198120255434,0.042913068036937535,0.06835742214039109,0.05245515862647792,0.029460780768252714,0.038445946869382214,0.061785580414352885,0.024107977752959586,0.02815590375522571,0.054088482342171326,0.044727052711006826,0.05062609235541575,0.05686910172772065,0.05598471290361143,0.04838297760333029,0.03691941010102962,0.039981062410547934,0.04669000294097046,0.029714686332867085,0.0622334231008997,0.050054466150731475,0.04989784637338902,0.04638016291026162,0.03837730067726426,0.07740666017479055,0.03218435741584485,0.06502131841268324,0.04524291404350119,0.06250278851854843,0.025258736970935648,0.041992827704707414,0.0595884450734723,0.04221052747703619,0.04632331222029829,0.05685202788160288,0.05928760079215322,0.05964100525586534,0.05973885193167888,0.06229917244563981,0.029497812875671738,0.03788740831393833,0.04775733240722881,0.055880875929281815,0.03773491781204671,0.04651135565151341,0.04865414876605639,0.05123162523317673,0.05241528699362672,0.05013251455767641,0.07476694252781238,0.034504405098903124,0.06238929262755129,0.06167578696715072,0.03255767428379889,0.06829831995264771,0.06029577899775476,0.029576474309522337,0.05087534459390859,0.04232778065146889,0.061361444075795996,0.049961275510813107,0.043943252716756975,0.06918769761760574,0.04817809692863829,0.06964661810544218,0.04464390471748857,0.05653568292371484,0.03253695853730766,0.051668019824887876,0.03466480245578347,0.055803491378773835,0.03338648251797347,0.06003133213427991,0.0499385888965156,0.02705213208253421,0.022545617536555387,0.026731979788634876,0.06589383149944764,0.06945748886505956,0.043053079821524315,0.045856203356548074,0.04762739172081822,0.045101752707953024,0.04091886014537345,0.04904407933164959,0.03270961157147651,0.07756760845797488,0.03861849364715056,0.06091880942802895,0.04214272303395991,0.05307026037336779,0.03487960077029129,0.04361934603212163,0.02482354843994061,0.035659873561179126,0.05136320080916941,0.04148696258551298,0.07050092366307097,0.0565531163225372,0.05185025338183337,0.053612281095336514,0.0464282235313913,0.05797265415708062,0.05244895137634346,0.05447962303193016,0.024864465196823744,0.058668456219372875,0.05340170124834776,0.058847665433454606,0.04348433596989059,0.028971590341698786,0.04368504640146253,0.04399635686343416,0.047660237771469376,0.04814731363598618,0.04447927915817339,0.05471362099250648,0.04931631338980792,0.040170302979158884,0.04915754582848703,0.04422444695235723,0.051994758597753606,0.036917790012591066,0.039642506764321184,0.04827100807965782,0.027191611940675403,0.04905578449499996,0.04935635843414708,0.01231780427183457,0.06387507764332641,0.05850367443831828,0.05832298068419776,0.05513302428218254,0.027020866463061982,0.047336877851892806,0.05572618536136087,0.042113693818119725,0.05559270017149601,0.00796597861349448,0.07675596306039142,0.05099900108545058,0.04896077303593528,0.04601234062345202,0.03964655260948533,0.016122016478707875,0.0754566415174036,0.04710718173584531,0.022617635163797042,0.024422083583270696,0.038893840480355706,0.053538069615260545,0.039406385130935355,0.01048078778941365,0.04206347833463819,0.04375181692205943,0.06650425282045389,0.03500273093634612,0.01666200353146558,0.061054175700072474,0.07465587117322234,0.03723786217403666,0.048085178801915165,0.052652076511332566,0.04550817638416084,0.03373428764891337,0.0706878705622004,0.058217446360994636,0.06550612051609495,0.06122070942323957,0.05114184577287595,0.037856482259468915,0.04916127656641252,0.04357177883336694,0.06122964832767259,0.04982863176976319,0.06951302055578447,0.07208663538633857,0.04787268410311535,0.043946474749808215,0.029492893899199905,0.04113505434063067,0.0446871794925865,0.05362434241943381,0.0537167606230145,0.0543045946022158,0.039095377785835425,0.04969873673657166,0.042486177405306205,0.03197721278443609,0.04447295032062822,0.049964486306815666,0.044821798181758195,0.05879337607306831,0.049412658916007025,0.02408333514536175,0.02802201320538999,0.05576864147615719,0.03306365273522172,0.06417449911441168,0.05766672684827044
100,0.0447540423894807,0.046504821851751484,0.0716379974459681,0.05381192422845671,0.03144921220261942,0.04035713904558065,0.059763843545276384,0.024146882027573643,0.031781409870566595,0.053139998154745245,0.044630447811361475,0.04880103528576508,0.05445637177155545,0.05642640166223195,0.04751553227069443,0.03635504696013307,0.037176656722595326,0.04810953232423308,0.030164753354298843,0.06035980158325438,0.05472699704245096,0.05404979365958226,0.04562149503372494,0.039173023101893245,0.07879303664285198,0.03419126785204065,0.06567133399885236,0.046759106211177855,0.059653109104862836,0.024142810361168526,0.043821849903488815,0.05745355348003204,0.0442907736114104,0.04806504873978248,0.054225509388658326,0.06049198362267008,0.05783523055465449,0.0596316956960225,0.06004429731153346,0.029421281477111295,0.03533396877578725,0.046429704814019236,0.05333479339912126,0.03906447463626426,0.04583492820393702,0.04965264197091492,0.05328362835048716,0.050553085758289734,0.04854897850070907,0.07708706139077225,0.03597303298276345,0.063750017695768,0.05902025255102286,0.032907728329827794,0.06766928591372857,0.05824139212274465,0.03185583612449453,0.05088603555354041,0.042164707096066484,0.06590567979210386,0.054296726759656924,0.04466808589523195,0.06546747577543367,0.04897300954764249,0.07312550813489532,0.04731767721211075,0.05879849644077802,0.03373792444354462,0.0522956888796128,0.030932168008278988,0.05317999762666411,0.03238381670679955,0.0578182069024944,0.048792073037930886,0.023597250734141307,0.021289824164222752,0.02504243500993208,0.06318076107280601,0.0674503944405515,0.04611371417260634,0.04527906093951477,0.045278415114618144,0.04544070697093644,0.04176223347317265,0.04694218334472175,0.032314717722158326,0.07997482395894114,0.03910246781453734,0.06398957671015033,0.04028567715351685,0.052499720375381066,0.03459582398759614,0.04522416334270363,0.025298775012331572,0.029992021208459667,0.04944207095589035,0.04459669404709192,0.07002101311768724,0.05647835216348423,0.0486305737905635,0.05174373150212848,0.04938315797418627,0.05439672929363758,0.04885984579253895,0.05407088891749274,0.021360334483937517,0.060586256661289487,0.05469886561830989,0.05988818301330848,0.04634975820037175,0.02749827529945572,0.04357616652307044,0.041050299836197054,0.047427725994266076,0.04997093427065808,0.04416148335230964,0.052599122760796965,0.04713592721580997,0.039550730620274116,0.04904803576499227,0.04530544819668849,0.051146418512497634,0.03743052972914638,0.039850126018407324,0.04806555180798997,0.028564795875356666,0.04677648589466219,0.04707895929399786,0.012973135496800209,0.061426871582371166,0.058820508065583345,0.055350825198810065,0.0546400942920782,0.02791599673464143,0.050092217979768185,0.05808436800929731,0.04136770557878699,0.057280765322525413,0.010731345729812602,0.07068116878703903,0.047987602508485876,0.049163956428068534,0.04273790711203018,0.04218400100077989,0.0168654389309448,0.07180414719761621,0.0516928747995981,0.022097130274594808,0.0237014424542533,0.0366399628850398,0.05313070547639879,0.042011204687806926,0.012368178245251316,0.04134552323231118,0.04516245883311751,0.06950528148625709,0.03302484497881256,0.02094498139189372,0.05933506381204337,0.07705719228863422,0.03615744829810741,0.0490185736027643,0.05186993571682569,0.04635225132333467,0.03468034804277603,0.0676325737697593,0.054053326526939345,0.061825695688994986,0.06349244181009206,0.05272987308388745,0.03729786883220183,0.048400329637105985,0.042479497241483845,0.06055036927744557,0.04598002638411444,0.06689639971447353,0.06824105426301275,0.04695938460917354,0.04561803798288849,0.027410446909735375,0.03864153289194845,0.0456522270586062,0.05501164681067868,0.05324998877468791,0.05476418827414014,0.039302541508916704,0.046355634499815515,0.04089224242312079,0.03537309555708818,0.04361852172140096,0.052147282314987435,0.04706851795930957,0.05895505284906527,0.05645727722315794,0.024326499551598383,0.026240661699483917,0.05705455041771754,0.0305114528748287,0.06427375373321989,0.05339384058446091
101,0.04627418347830621,0.044535681040840006,0.07469562577505079,0.051557399400337336,0.03165662255889927,0.041285288140364855,0.05774020439662848,0.026747295662089093,0.027716994516570625,0.05442676120085374,0.04535525840512406,0.0501962091336754,0.052693566770162785,0.0565130481542129,0.052887295023373776,0.03512278625992096,0.03722895308467002,0.05547584043147718,0.030785306972270433,0.05960272702334875,0.04940312087312566,0.05841975510999144,0.045343865705619144,0.03843721787308251,0.07595744492933913,0.035674020333949494,0.06797697249952046,0.051222380987017965,0.061096325134860734,0.023507204187748574,0.04264067086067877,0.0580639904080363,0.04712263919984103,0.04949201640776356,0.05677800461424836,0.059364913000835746,0.057860726243171304,0.06223438957587815,0.05298915624386511,0.029990328424551984,0.0369332778775977,0.04854370012478982,0.05382117371495336,0.03816987835366062,0.04267194201424801,0.05031759546158064,0.04981002815306417,0.05467961562334101,0.050725507225740894,0.07551916602635146,0.03305886003745284,0.06640666311657317,0.05666855746637902,0.03077373457097427,0.06547542908619905,0.05826230373085187,0.02546067800871175,0.052857766115014145,0.041921680731988244,0.0653177982538725,0.05340660997175841,0.04875864090102731,0.06653284101592524,0.05340525445570849,0.07161997007464367,0.044694223760939074,0.05655999114999426,0.03579158856561156,0.05003805201925682,0.03206117118067055,0.05282829914645632,0.02998558498680497,0.060889451881175345,0.04760287734671618,0.02759451297935657,0.020086337578093836,0.021357529238676037,0.06420618899563771,0.07469372611559036,0.04655422697417953,0.04444484428667943,0.04648474892029057,0.04772452474996138,0.03901879108692821,0.04795429535316194,0.029243701551453685,0.07750620254966403,0.039340976290750486,0.060456587793700334,0.038091161559377855,0.051465325382473406,0.030787808659324036,0.04527307676700643,0.022391693069100823,0.029577078847444156,0.04797355387149573,0.04277732003242726,0.07224140659683599,0.05799491301530821,0.05225864340778187,0.0481515512064584,0.04715165715029688,0.05425792257884429,0.045744800286692214,0.05894889896142975,0.018461722719015305,0.06198433201394847,0.05409083505919385,0.06137288684928377,0.0459731777705805,0.023286063852779874,0.04866088968719566,0.04317557328311743,0.04748773875846883,0.04598173952964992,0.04727431797737345,0.05227614260045853,0.04799924527512099,0.040037715364561376,0.05393902291452506,0.048172094142935176,0.049540475262042125,0.03943022235162538,0.042073615512500905,0.04735829868622347,0.030965761437861342,0.04836580890071784,0.04664302429306483,0.014744774172748009,0.06240745694319806,0.059164007153187564,0.0567025267650215,0.054264069377612516,0.023152793548742973,0.05303971878677635,0.05944849055013354,0.04537128421200929,0.06469926907715048,0.01141169594712806,0.07137752375996011,0.05338594745157254,0.05301336825069453,0.04480639715276778,0.04056187440229107,0.01835301584834311,0.06979714235205806,0.05117907750022387,0.02349403822976001,0.025566941301234325,0.03808293353156374,0.051496063909642904,0.04107439333096153,0.019233718143553014,0.03955405877209575,0.0440734454711697,0.07133527232747379,0.03289699102190065,0.02419760679046153,0.05791814876104346,0.07647115966304927,0.039723109401119595,0.04863049210872616,0.05259337351920388,0.04669475692137712,0.039913925602242446,0.07051230187418092,0.05201976521588566,0.06233473251986022,0.06427127650920839,0.05602507153736344,0.03786155150476629,0.046687090536252335,0.039913269862431086,0.062439957247517316,0.04606035010395915,0.06923386481130006,0.07145319808285805,0.04663485050514547,0.040208562686551326,0.028636295099889335,0.03824734069675074,0.04569028360920829,0.05639948280384623,0.052879322311119525,0.0567616542910567,0.03821405551692105,0.04230108202727803,0.040913307107504945,0.033949469757086334,0.04123392163612899,0.05291705362520668,0.05049459486227039,0.05210730889192632,0.05713277720058298,0.021758035622120895,0.023404258904845897,0.05635615916216101,0.027536572854559085,0.06615689445163522,0.05575818041944924
102,0.04497057823880059,0.04805187285910626,0.0747375185939074,0.05389866820120596,0.02974214037500444,0.04044925894674829,0.05935588778127451,0.02464998965796312,0.026617210801045572,0.04975279111329508,0.04234320930099224,0.04834343185609093,0.05008730780964945,0.055014104357368865,0.05069922778227604,0.03173034155372252,0.03850521707195986,0.059561305529693895,0.029261696016590392,0.06249076419644743,0.0483762585310898,0.058500383583396806,0.043815042016635136,0.040418838875389405,0.07008696853319284,0.03388306580105068,0.06720866411809977,0.049432867712118876,0.06169463906574678,0.02786867714693544,0.042521468268537,0.05837203477405069,0.04117167893791977,0.048667402956467605,0.05387503952527727,0.058380263178406236,0.05809641034839846,0.061826680859411925,0.052458946152445785,0.03141154959237006,0.03830017737781986,0.04977898274414614,0.05407867295584296,0.039207769641714296,0.044743269290069464,0.054361152033737384,0.05132614289886654,0.05258242028169419,0.04913024554554709,0.07645914388888575,0.03289788602317193,0.07012748593590509,0.0583046356814315,0.03310306191761667,0.06907249571280095,0.05747329559236175,0.02645307807712103,0.044496753374855376,0.040661989572111236,0.06368457565215942,0.05366500206711142,0.04691105300952456,0.07217727771146205,0.05575260448152139,0.06773813630371239,0.04735694628318047,0.05296027711388437,0.04043671258008573,0.05143454904816702,0.031066164023342415,0.05054662474517486,0.032322912335434405,0.059078180843812576,0.04740839526699842,0.025758403442623815,0.01746307316891206,0.020628772145586557,0.06225896129683935,0.07812178571896679,0.050556790307772125,0.04554577613631451,0.04569591100294087,0.047315430163340964,0.040908946925318025,0.05138464741406201,0.03199403204936229,0.07997342775385731,0.04379220562814555,0.06337838866251964,0.03671303840908952,0.05282603890378386,0.03289635671713052,0.043847553155880334,0.026438704431107813,0.03013683537497326,0.04583036052438111,0.04246491245504818,0.0720900941528288,0.06244991049143474,0.04953227092379696,0.048906647972339665,0.04778108851206213,0.056898363866198697,0.047859083412525795,0.0593070702848874,0.016889132175183823,0.06234430123019208,0.05590340138302344,0.05897149427745338,0.04315361518937653,0.022923334035917276,0.04483448079976321,0.04696146711194832,0.048340333753450974,0.045038843620570826,0.05078398979921736,0.05021342667059082,0.04882755603291155,0.04398407327852226,0.05614174113150628,0.04312437920531582,0.04475134126115929,0.04272008084553828,0.04111199921957998,0.04572329360135631,0.02575958090715679,0.049102512701189524,0.04517398777149939,0.01565001684554337,0.05955728607153235,0.0611009069041634,0.05728166471227673,0.049348018360740285,0.026601329177829373,0.05619261855122425,0.0602583193821784,0.04297813462986463,0.06384604066976146,0.012093115836421142,0.07053691230420016,0.05408423610690969,0.04634168520198871,0.03998390981655217,0.046509493355614384,0.020083181042727386,0.06668921792347063,0.05261856549666877,0.023659974521724508,0.02248301298998031,0.03938146029648823,0.05244049636554653,0.041113908743325774,0.02021959112004898,0.039878058018415916,0.04491596783239095,0.07137287517790808,0.030725344067472238,0.021708578512575766,0.057071790206485715,0.07839130529999376,0.039523739099568266,0.045558478863156726,0.051074190794470974,0.049205758831357374,0.041975506428473475,0.07473677817708274,0.05162279502580739,0.06291801412767345,0.06698368351086187,0.05557582774667882,0.03836104889305322,0.05469256359862679,0.04231118003412887,0.05942909958910659,0.041063598114110963,0.06731117590998648,0.06573016576585311,0.045324775449247554,0.04008505740312974,0.024717160624062148,0.042256283850143954,0.04914728501765424,0.05664855893232652,0.04939603248129418,0.055672356341633006,0.03492168880667695,0.04051450882711655,0.03946410649723759,0.03176367077115663,0.03649572716614279,0.054711811118968966,0.05008093966504778,0.05079092978773261,0.05965932490415141,0.02018473754870656,0.022682202380070574,0.054056689766487157,0.027995851130684108,0.06284420066223714,0.0512306695163917
103,0.04731067832553225,0.048904827900243246,0.07867888078042196,0.05636753346044444,0.027366752523965504,0.043679594235723866,0.06072644138741805,0.02122432732140744,0.02830848188564477,0.04451162209149436,0.04087490534543078,0.046908453652216006,0.04492593320876994,0.05628314796535492,0.047202520728196785,0.03203983216533266,0.03638261102104142,0.06023180914653019,0.027442289772533504,0.06346911570289947,0.04597833453213797,0.0556640171063251,0.04606589149207793,0.039904702116357965,0.06816378128647246,0.035359011512050655,0.06315637694705115,0.054171508573595144,0.06217526272656357,0.029264787142200478,0.0419533712803683,0.05816700627948476,0.04066585780075758,0.04945913289842962,0.053363432202746475,0.057154553199838726,0.05927374078267898,0.06083163544907979,0.05560125003414268,0.028608121264834415,0.03876671467923749,0.048491028020813044,0.057042720972973415,0.03772275206594054,0.04253138099889946,0.0561116463953111,0.04893885280455562,0.04996028477927613,0.050808175775367254,0.07362277928670229,0.033054579928853786,0.07178990749702041,0.054260396626628724,0.03256589680333129,0.07279981233490333,0.05502626007167019,0.0299342122417057,0.04348302211073241,0.03621764882110459,0.06742120047400267,0.04828360711132037,0.049274323296446924,0.07182159565776071,0.04958661425718999,0.06408126716142447,0.04735624636479389,0.053676457566839045,0.039163038563521484,0.05207988393377693,0.028335341705013055,0.04548135466182898,0.027429439771992335,0.05793985030362254,0.0460618352975034,0.02514629223075166,0.022926021882572725,0.020191703794609092,0.056205244874886234,0.07610254817803394,0.054768285623860984,0.04901648423794297,0.04551659114873241,0.047172222578327414,0.044807282377772845,0.05318269705165523,0.0344618057108825,0.0749342566014043,0.047516270589309975,0.06180138575353891,0.0341681132060724,0.0524445316022268,0.03525526922573523,0.04617283166570019,0.023944753206218465,0.029047213239495395,0.04643725853080273,0.040742408057669856,0.0726861696785362,0.06015346533339821,0.05065691900467439,0.04930794107848955,0.048584579872416496,0.05632259797023268,0.04670094161626331,0.06018696645137831,0.01712736960670348,0.06248247932833249,0.05777785978634206,0.05863031558172146,0.04182539407273285,0.021921550483777745,0.04386145056314543,0.047070939908964465,0.04569206092802173,0.04535419915582451,0.05010102592450199,0.04787059434035718,0.047141797461836776,0.043261003860155925,0.05451747433700964,0.04202846351202642,0.04629224745433466,0.043364211076287955,0.039620677337677816,0.04805237128815933,0.02589820243282213,0.047557863404191575,0.04892159773771401,0.011195327019513377,0.058210618894400025,0.06254310993057437,0.05863361470548193,0.05140586947365804,0.02176927129850864,0.05673204850202659,0.060662361931594765,0.04693437683703406,0.06288159370772875,0.01011850535520317,0.07196103907215007,0.04793547701252307,0.0439217510957689,0.03436779414316352,0.04684779211645119,0.02534156381649187,0.06717597171185007,0.05316914955742991,0.026156473368571333,0.023561663450338444,0.03404217437277406,0.05455273045741949,0.0405684654606488,0.01439112648112421,0.03930561746253166,0.04149593577968795,0.07232358632940376,0.03367680796516766,0.02184406281735754,0.05768693399428297,0.07784082069674493,0.040077495246391676,0.04498325260515193,0.04765303127179196,0.04666885002366652,0.03847832751911583,0.07179136070256528,0.05289377729749896,0.06318587930939552,0.06981316133771064,0.053927091035486714,0.03719097997108688,0.053664129173405274,0.03910650234480395,0.05806073035380419,0.04329300248061908,0.06843155539785516,0.06295096855359515,0.04543913639393121,0.04313463146613708,0.026750232345288456,0.04681832172841448,0.04558936036447382,0.058476850982170946,0.05182424425549919,0.05367948000241142,0.03143442468043648,0.04171711488009622,0.03849126821103491,0.03344681941394414,0.03686325094659495,0.05531739445936528,0.05020971341838334,0.05168268250349979,0.056164403751210554,0.024131863404881992,0.021715535071058886,0.05609340144440676,0.028005371339377937,0.0665146234112603,0.0508075645098196
104,0.044251813372907775,0.045744593699363935,0.07547637560307988,0.060571738882021976,0.02775817483880491,0.0478553759897463,0.06024925962785084,0.02262614558566161,0.029646154668093477,0.04894981440616954,0.04293959065033616,0.050595506162380136,0.045016224066901867,0.0588060968751602,0.05067982614149134,0.03378158547714746,0.035616030047336794,0.06146474165329576,0.02740858619129366,0.06555198713999345,0.04376491548891959,0.05257298270837675,0.04449046651372363,0.04041226556365525,0.07178652936698054,0.038506476625254075,0.062219355341177715,0.05632555445637883,0.0654842240797884,0.027750296664825643,0.04399611244987418,0.059119776635666074,0.044262122354774426,0.051794075895870546,0.04981381804236602,0.05164749541610113,0.05764646692456242,0.06400942245544886,0.05269686990759943,0.028034961448947987,0.03651267091822543,0.051562509298432424,0.05481639031728995,0.03806035383095838,0.04280245223547767,0.05653042415522608,0.04701234801117943,0.05323057594602133,0.05001360657250935,0.07582380042056924,0.0354452636657852,0.0707740408601541,0.05545133786404545,0.030700435662330265,0.07196457245959062,0.05137104128315495,0.03286769677416879,0.04333513791482173,0.03889707624967398,0.07060937172723583,0.0465155868925515,0.0471109654472352,0.06794689219852845,0.05314620039042061,0.06103064209694754,0.048887210865372,0.056334836205665095,0.038433036483380124,0.04914173799702139,0.03129637252114292,0.04420721652378627,0.028592430078790927,0.05248526560918862,0.04697366085728255,0.024978203191604008,0.02274189278326122,0.01905472080202677,0.05323519537880113,0.07507033651686375,0.054945624277982594,0.0471487600369343,0.050945926161739576,0.049279394845411266,0.0467732839057818,0.052651184224608676,0.03399298642623177,0.07575031187986614,0.05129569729417563,0.06084003089209049,0.035943481537742086,0.05537184138128748,0.0365791308650379,0.04498927210116187,0.02407741756501363,0.03320615570863933,0.0472247850842529,0.039757912264361824,0.07228747059332866,0.062197705148866,0.049754851463362865,0.04633881366348353,0.04577511430059193,0.051879222060523374,0.04600967684375734,0.055845001458844475,0.01571118135002624,0.06551684709114332,0.054742386139147815,0.0579783271557334,0.04492534534764651,0.022665209620681286,0.04275602614643611,0.04519266568869029,0.042913107514171295,0.04650621022108941,0.051424122788685016,0.047451205839592725,0.04586206660224729,0.0470565289585726,0.056616534982111964,0.042271084169510184,0.045216732023150796,0.046790457087815415,0.04143149480770946,0.048202687712358055,0.02664144221115214,0.047409793303132844,0.05193265203750689,0.01227119747018548,0.05908493454369324,0.06269252800999653,0.05976044664267502,0.05334113235652425,0.022227792460284057,0.0535738668573082,0.05963742702405442,0.04721496677564996,0.060484928425666815,0.00832283998666635,0.07394289235421447,0.04833131370256089,0.046336394059212006,0.03861835114356008,0.04409471827540522,0.025500071267256872,0.06850570735073075,0.05751598923754981,0.0253225378472027,0.0213084230422745,0.035178433147338095,0.05411084805770679,0.04265445710852865,0.015977176159748963,0.03622226123005069,0.04290460676952054,0.0731304877972612,0.03294476385147082,0.01741244300665416,0.056039237227391396,0.0743676453175595,0.04141380130349404,0.04825829943427182,0.049198046614498114,0.04562776641216169,0.03459848577572648,0.07137063940267727,0.05625714740012629,0.06289840622244891,0.06891511700915867,0.049760137928240536,0.036065892420558104,0.05181723422858344,0.03879649333243871,0.05607739253823224,0.043975535783326435,0.0696239164073071,0.06449897722424307,0.04679753157725301,0.042016645157775756,0.0315908511476573,0.04869645547533162,0.04980332864518639,0.05722954730894178,0.05505942566917256,0.05636476276135209,0.031524691639849944,0.04131402366456198,0.03641406199841475,0.03614942579631847,0.038357939175694154,0.0559989247781128,0.05296336791724587,0.05283233167642772,0.05630687412125791,0.021811999556750648,0.021931042236333805,0.05481654836543364,0.02490247547984012,0.06856928260103197,0.05345186086891427
105,0.0432293524538252,0.039964833656679855,0.075561534779166,0.05889637327159508,0.029704009548660735,0.050219993574887094,0.05813137673759652,0.02157471416947699,0.033327398862905894,0.050498348375058635,0.04384790474234758,0.047378547197309495,0.042455295149769916,0.05709169882242054,0.05299474157903545,0.039152807039283415,0.03778109624415257,0.059323109669943454,0.029126212356753157,0.06666930377656308,0.04787672578780749,0.05783027669557547,0.0475102969253676,0.04435475076951084,0.06969603313256564,0.04091820941717236,0.05954971925608995,0.05507883670277379,0.06836388375397298,0.02495027470994398,0.0455136789455825,0.057934257595331856,0.046012835210893874,0.05039292384162165,0.04908341810643312,0.047755381078561844,0.05874323828345003,0.061577860233586,0.05033652020352891,0.02707268973038588,0.03622831020849156,0.05268696963002605,0.055102477753931844,0.03777820314299702,0.042347534779600564,0.05750770885042599,0.047240650575352164,0.05306318242274424,0.049737623556778264,0.07223689556013844,0.03518154935457443,0.07331091928687204,0.0534842398478173,0.033962101688620884,0.07514030084237867,0.050300092178480076,0.03395839797281601,0.04456253507574677,0.03738215062968817,0.0683577089509693,0.04602426604018557,0.04399178375533547,0.06685639370853505,0.05322338498988526,0.059021985435747756,0.051217311063139766,0.05493474905307571,0.040184196546766617,0.04887664858656784,0.03362620432245978,0.04470849359675071,0.030029442473235756,0.05791807004594308,0.04945261636631852,0.025444837540788693,0.025625039056905562,0.023472502684629828,0.05198612425989615,0.07297712126630475,0.05382281928403833,0.04801981847586076,0.042144099314991294,0.04986051961056241,0.04851190378251987,0.05586240858433567,0.032852475626333845,0.07526669779533096,0.04914193623801278,0.06528776843802586,0.03365735602598683,0.059531427022223006,0.03419377739530679,0.04444511545675004,0.021067586537061322,0.0316049332202635,0.04373432626707189,0.04172542586534148,0.07195038936676681,0.060687241330252925,0.04711830981921008,0.04409403585973036,0.048523785917931356,0.05347270362681334,0.04675604272174384,0.04905112286013304,0.016115854150530226,0.06693039622603904,0.05147390290354109,0.05827543427738427,0.04971628925228179,0.025105730163179615,0.04390191871427175,0.04701493969846758,0.0425091396391804,0.03918535491987939,0.051991307688121144,0.04883442974600402,0.039662915128604585,0.04686711861802702,0.05238706338028912,0.03835386176601691,0.047648068090987934,0.04478545009163972,0.04406855487197462,0.04999272825310442,0.027057829778384425,0.04336633305534354,0.04872714443024105,0.015559903838302377,0.05811630888980915,0.062434081816786835,0.05784935543924073,0.05435716556150487,0.022665242605613742,0.057994856320874116,0.05776652142079964,0.04775514803057083,0.05840267561640461,0.007301067589530072,0.07685482814881704,0.047025433645188706,0.04501551299486007,0.03513071818844579,0.03923874561054962,0.027796144071359427,0.0679091279774892,0.05885758821608106,0.02644003500371889,0.02282502591718994,0.037406302595278766,0.052168944065638385,0.04275049421984401,0.016517616198145856,0.03519023244121848,0.04456662531628163,0.07127914699273878,0.03535875544650531,0.017589868076381725,0.05267587307257535,0.07544048028563013,0.042367805543104466,0.04806046654902833,0.04822850644544862,0.042861484704086794,0.03627510424175775,0.07088887380827424,0.06168148502765018,0.06428661593601832,0.06943066863046514,0.049616292448618225,0.03814935760906568,0.051782465513543624,0.03907520661340482,0.05894483784538739,0.04532814579150128,0.06816353533977973,0.058686868011502746,0.04568584682377264,0.042861894764476445,0.032647059139188514,0.044126859684490705,0.04792014577349451,0.0552527321793496,0.055531965017528426,0.05367095310758303,0.033848585890690334,0.039753957598565835,0.040918183581899616,0.039563336824737394,0.038801575818320944,0.055982661296712144,0.05281303073714924,0.051377587750724846,0.05533024901463875,0.02432186286504291,0.01925705369100286,0.05258527034352093,0.030033432138189865,0.06987052798722766,0.05249401601518444
106,0.04411728351650714,0.0407688316377759,0.07758917029423008,0.056651166306245816,0.02821276912770987,0.052915470356444186,0.060323420432503945,0.027979656674945085,0.03095756902382663,0.04602213708260256,0.04578817931718252,0.05039907657642954,0.0436746747749452,0.05690407078876146,0.05326750093461147,0.03857439995215483,0.03985469811315897,0.05701327103221363,0.03099372411608832,0.06615992346517761,0.04602912592095815,0.05432952694278708,0.04816438233105654,0.04440622745039028,0.06690970842429889,0.04226308105078051,0.057020246788443925,0.05376624417188852,0.06761753409985113,0.023061293630932737,0.045041607605350226,0.057124893859896185,0.0444193653723099,0.0505111515918059,0.04734717421583693,0.04562222084294328,0.058356177544911896,0.06279929090703888,0.05084123467330885,0.02663175900014132,0.03456682374147249,0.049245130060037806,0.05897142649239949,0.03746580828645986,0.041320210940957974,0.05791079289105474,0.046793177966843624,0.05519466100073285,0.049987021695558104,0.06682512201006771,0.03707525527450572,0.07637028156648634,0.05528846248258962,0.03100229942015378,0.07724840678622391,0.041443424417972226,0.03511509308154925,0.042259320521127096,0.035041505091621246,0.07267161665356038,0.043165102429204336,0.04352202435133264,0.06704069017386775,0.053671494231764705,0.05660757311330183,0.05059591317544322,0.0563465717254537,0.04290937196692423,0.049928898159687284,0.03718851891189022,0.043137422308681915,0.028654457681935152,0.058683486014652286,0.05293823222282393,0.02223136133289572,0.027832531909171402,0.02750039505544324,0.05168762149641484,0.0663166192371491,0.05179607416889128,0.04773055529708925,0.04485398439958703,0.048899095186619945,0.048374133136576264,0.053455924236418983,0.037104347123479146,0.07932630048291833,0.05057410149397362,0.06347564901088373,0.033689478483237355,0.05991684902872746,0.035359646127252675,0.050080076211136255,0.024041622984304477,0.03135331535957083,0.041940359918433576,0.04153038517053626,0.0705724518271772,0.06092749398223453,0.045598964456331756,0.04305366516000551,0.04833471419123184,0.05403417848250848,0.04885511200009845,0.05073606584036035,0.015870413252554255,0.07048976333273176,0.05326396809348551,0.06094465562574684,0.052261521510293375,0.02467191147609862,0.0428959335359882,0.04509666751687912,0.03937275676385811,0.03641307934841985,0.052201496474362306,0.04438550804123182,0.03748193604661325,0.045590741424999234,0.04850453802042071,0.041028306261265426,0.04944147058420746,0.044321524412631416,0.044556575593928664,0.0485698797032203,0.028119727457367467,0.04272468552507457,0.05253598099291679,0.020087975627467045,0.0552442674611386,0.06333906950694457,0.05350245110504909,0.05523392169219864,0.024474610616998703,0.05871659404724052,0.055530862321579035,0.04561916059507063,0.05889657210714893,0.007522621561486732,0.07522630402124092,0.04677392514105703,0.04424168526009585,0.03433867542556392,0.041297542864258054,0.02903786673103922,0.06632022207045148,0.061150338653268736,0.02640258817068548,0.023215350960177777,0.032925447404810806,0.050612761742721654,0.040167636609014214,0.01712759232028211,0.033747562817181075,0.04442198660918536,0.07206336325932082,0.03306374145487992,0.016621096860972566,0.052196116511418436,0.07448761752536943,0.03762073042942805,0.04925037103170894,0.04902809233631289,0.045114363262444154,0.02978022114735742,0.07408972569468536,0.057572398324462176,0.06666111521460964,0.07083966262759538,0.046755219256644553,0.04057549103876205,0.04983645144660635,0.038672277244613994,0.06041645388359735,0.0415551714571996,0.06309727512573188,0.055455021161996375,0.04931731426823582,0.04228908303368698,0.029393390362931867,0.044859274976931394,0.047394530012575334,0.052769871623016995,0.05726532732660317,0.05393508879901329,0.029545928022362247,0.038524405308027046,0.04308276141167805,0.03771624127232825,0.04134367748215401,0.053398852049401396,0.05331393182687837,0.053307583826764086,0.05515793575969653,0.023209459250474795,0.017953310230680575,0.052152750679911195,0.029705118835185004,0.06880079111182755,0.05271432734352381
107,0.047156398204100156,0.04255614723561238,0.07926119706545226,0.055753525489477644,0.02981431939857851,0.057895317733703364,0.061482017903685404,0.03007701763748004,0.03167632591525032,0.045573497416030194,0.04325259699080411,0.05051946687989569,0.042185971051306406,0.05672887163397406,0.05551681126063308,0.03835821148128232,0.04489352756220585,0.05821878992413365,0.030275674588195304,0.06366018989893077,0.04685118348265773,0.046433132571864336,0.045640367552991286,0.04547165124509124,0.06484170608479382,0.0457436504683475,0.05928752124425968,0.05492139967801346,0.06784728308651976,0.022146370129135114,0.04349692698441076,0.057115836610896475,0.04312801234833622,0.05003282696677857,0.04678080167494929,0.04251915994913852,0.05851853716214644,0.06491127174903011,0.05238203324430307,0.027735805643851683,0.03449419121681494,0.04941792093696497,0.06351069125931669,0.03911133614481597,0.04392439610814117,0.0582490775102508,0.04724667705443207,0.05463715647093352,0.05286386978403726,0.06743346960423896,0.037713208935994454,0.07691798267738789,0.05504609421153074,0.028060270121544488,0.07675924334023933,0.03717219555322252,0.03586148790882677,0.04620297344170119,0.03911553784399875,0.07003700278151266,0.041758467619769854,0.039765849876084565,0.06591102697808686,0.05429293900230155,0.056137507993370306,0.04995560532445344,0.05603402267134632,0.044182562138046375,0.047863557539669685,0.03661305884108619,0.03787078278707872,0.027647807292581827,0.05676461460272161,0.05479487637391801,0.025011216464378278,0.02570378317512488,0.02839713060522127,0.049619995887848524,0.06585811953118675,0.05198487560234458,0.04936925223337105,0.044507328299271745,0.052602395074098966,0.04558927730465663,0.05046516658378522,0.03543842335558688,0.0792166848929292,0.0500386821688299,0.06155854161150115,0.03502427270837594,0.05972618924991311,0.036621862703067845,0.04549897324255604,0.027869024763017038,0.03696284001826699,0.04056927527292791,0.04174999923940203,0.07042300144215001,0.06360407706901176,0.04597914430512498,0.041743420957874595,0.04818272808809594,0.05470298967842839,0.04922486784668608,0.04937155213692498,0.02137386436065382,0.07134547882400956,0.05250063859361617,0.05892874957662405,0.04927173397194767,0.021376925388052942,0.04056613003642923,0.04495297744753524,0.0408098416833964,0.037731140024235846,0.05328628795150928,0.047004147050242195,0.036964875582234394,0.045210201586865645,0.047698314052595614,0.0446575562254324,0.047800989726798665,0.04521678035692217,0.04465710113649018,0.04693352815311653,0.02843719753681862,0.04432297119253783,0.052864602504651935,0.01921413287673065,0.051327152901035906,0.06499722184443986,0.05525051241313214,0.05415453360377361,0.02870233186375155,0.06113744248953271,0.055378549929065816,0.046067942535582995,0.05799909763340599,0.008757256691062098,0.07248021818581736,0.04665128792152913,0.043464064331735636,0.03393884084562742,0.03772094933624452,0.03149629800525467,0.06620737151251124,0.05979023991017367,0.022195229509787567,0.024614073229644696,0.03219750757443164,0.05634199842501753,0.04162201993176015,0.019450084211624495,0.03397376677677216,0.04328459093901132,0.07325010344074705,0.03224978787285342,0.017140055393063427,0.051421845738236334,0.07648023668077703,0.03910040244099584,0.05035183765394717,0.04550339098456788,0.046703293666316904,0.029558943062380945,0.0718989809124477,0.05092271562172851,0.06739763212254975,0.06942184199703826,0.043268626685889745,0.041435850170712815,0.04865743761098422,0.04168108233951012,0.05934163585599437,0.040268568457390304,0.06126188609460079,0.056854092601752025,0.04939269161183837,0.04325810282805454,0.031068128122248354,0.04999665560325558,0.049530856320479114,0.05057408891168122,0.0546826652027736,0.055449119310180525,0.030897172914061726,0.035836780165668866,0.04628967670447967,0.03315037210787256,0.041748145539912636,0.05655243547216775,0.05226757258738649,0.053770276720978866,0.05168455856741401,0.024202413388157054,0.025455744238788998,0.04981178989011721,0.028680351782658958,0.06982609515294522,0.051320986214436086
108,0.049176660129149695,0.04608212030846987,0.07880593291679282,0.05690898777490695,0.029798095879756212,0.057382821397921044,0.06093166353041837,0.029154430425903658,0.030443453267446036,0.04475177200725955,0.043671738301889966,0.055253806440135896,0.04466374782035543,0.052858073471872054,0.052245674836050034,0.04016773432040095,0.04683056232363662,0.05835966158884958,0.02748780193567895,0.06323874115093887,0.047708286416256206,0.0442918644201483,0.04805137985536295,0.05428359169404937,0.06163872713990536,0.044858123703863245,0.05430708053664641,0.054791289200943616,0.06751590762008704,0.0200704434600288,0.04189660082259093,0.05981278100927407,0.0447032923554499,0.04882528195866207,0.04351705736665246,0.04333673172371369,0.05422577246768129,0.06672549642271818,0.05132385249141053,0.029619068662290037,0.031665627717120025,0.04773953645604014,0.06027035378313519,0.03599676203201922,0.046066437268475355,0.05848852770310497,0.047126277369347776,0.05034956275635974,0.05559477053065917,0.06770103529830669,0.03478353923210029,0.07687648814418653,0.05673437164540972,0.026148465875456085,0.07596229556634565,0.03925053607851586,0.03452968767492964,0.042331284751665206,0.03755992790679029,0.06788534828079691,0.037433862859856386,0.03881867403987451,0.06670186779116408,0.05482179032336605,0.05917075601990602,0.04971262572901202,0.05447476516922689,0.04730923508385645,0.04958536302443277,0.0345096838665317,0.04217428902743353,0.026427759640178582,0.058196570456772484,0.055180381304645906,0.02968090452934787,0.02572984069502424,0.028745523574165512,0.05282198920546277,0.06296737628018563,0.05056130249611082,0.04971566162986251,0.043296095768301346,0.05333981859723449,0.04315516464634969,0.05175386198624837,0.03568525120254945,0.0773554273489925,0.05125207618458493,0.05890989548114373,0.03820982151574682,0.058657086636329424,0.03397029540891492,0.042742575165825095,0.02656016402084008,0.033836507283786565,0.04029696297193849,0.045850601902999,0.07204087138843089,0.06396888223071374,0.047603170621498006,0.039557076874164605,0.046462665851726176,0.054629054905873685,0.05065070942027712,0.05012838530850288,0.02509725698537749,0.06910234109915882,0.05199729652098424,0.06014987491214268,0.0470044793012478,0.023844874197570667,0.041954877825751795,0.04815386563014837,0.04109485380110867,0.03659189634589193,0.05246147844542346,0.044576072683349476,0.03446800375479235,0.04327080719174408,0.04555885891673485,0.04648827611423251,0.047160417586298006,0.0444832978516786,0.04733570815075813,0.04974022334954676,0.029299257323613572,0.04926949612466204,0.05078878195167167,0.018637790959750263,0.0542811383617012,0.07063207020419837,0.058204240030406994,0.05883932063382359,0.031142063218315065,0.06024608233322102,0.05413552270987734,0.04544360966638595,0.059200607509647986,0.006756356248240627,0.07472751475731061,0.047948543883131856,0.04312311913628374,0.034707836181731705,0.04100937595255267,0.029849019682304134,0.06824118608267042,0.062203967916464466,0.02451031004720155,0.028770094883168323,0.03440383041129005,0.057313086658023454,0.045284294283581855,0.01979831204021264,0.03034173047734843,0.04652577979371734,0.0733603285463053,0.029230304943583484,0.01620324849335125,0.053983275393033804,0.07823453766946187,0.04170163668427359,0.055531717512128514,0.040760556450399804,0.04713186560008137,0.028821911431274345,0.06847355337578515,0.04893171306179558,0.06796071821900113,0.06851843037183489,0.04328718500939743,0.04294479707822624,0.04652529219945172,0.039147660590802734,0.06191933634746477,0.04040983390717367,0.06034109548457854,0.057254687208403335,0.04798815366634142,0.043218675922380725,0.03357144822466033,0.048704127283624825,0.051687737272266235,0.04913225057226212,0.05604194266748934,0.05785697710922768,0.030592321785400847,0.039396072702542646,0.0460921460356659,0.03258082783330881,0.04491428144291879,0.05454645629046388,0.05009774188818106,0.049518348130396114,0.04918538892159135,0.02484907671478001,0.024684112088340263,0.04661970464608806,0.02984133319310742,0.06460559889232616,0.04856912530315094
109,0.04872600865091188,0.04632301562210327,0.0761032773172277,0.05622666431531016,0.030044779544285614,0.05267653169146847,0.0640102454279399,0.035397301513299465,0.028470469834278755,0.04405652418566096,0.041342026793234295,0.0565231423509491,0.04542252389288951,0.05199321541890545,0.05389976132708043,0.03995507315409709,0.043058102115076775,0.056936149698039784,0.027921404232998003,0.0652016977410843,0.04676490040934335,0.038815290306699446,0.04702560086699228,0.05706736018965468,0.06658578658055078,0.04541747068534203,0.0543524159266729,0.05694845470880822,0.0686423004161988,0.022679190370362076,0.04191258681684291,0.05908047466700373,0.043886590117424046,0.04853054547384184,0.041682013719020534,0.039711337466342936,0.05775928105139988,0.06472494797325407,0.05151534440468496,0.0275659068927111,0.03067760704538706,0.04873496072435345,0.0573541269775678,0.03598659779524703,0.04913114617561741,0.05957183801633956,0.050002343299220056,0.0538179743881675,0.05394045263605913,0.07039476119343055,0.039482012057740656,0.07565166548935148,0.05878863582784358,0.025649756657925932,0.07493614945358812,0.040369910899772384,0.034278069171792894,0.04194322748992191,0.03721384845406075,0.06987355610077121,0.039783573249193946,0.037909866315762646,0.06856760408012441,0.05401269851304094,0.05876460753472762,0.048492054744254345,0.0527545132299187,0.04373252001190492,0.050883796342297116,0.034584000792971296,0.03807502316785415,0.024938334103011328,0.05763935873487573,0.05742184581611062,0.03188865483893906,0.026782498417432545,0.027408310486193865,0.05254378146920114,0.06344486860667164,0.045622518274904884,0.05333168817601737,0.04064159130127613,0.055251939874312025,0.04168336743050317,0.05632877009318986,0.034558946514817585,0.0833124140761046,0.04887089986376397,0.05903831363507278,0.03585037033464984,0.056663304575256146,0.03397238303430636,0.03632864027773209,0.022771502232658877,0.03789777822277207,0.04421372459500921,0.04763855918757138,0.06994129029564555,0.0656106373630063,0.04936911614813391,0.04148987281913078,0.04573113971269396,0.05285113331491447,0.050370411496640365,0.05442050657663994,0.025113876045971338,0.06911015844487277,0.05174621840337306,0.057466043450149974,0.051132699262610326,0.020411779663016525,0.04797643784977646,0.04582034104260945,0.037039017845041315,0.034272721955949915,0.0500000592500106,0.04347909559483728,0.03427890833975398,0.04378706978243269,0.04481915166994358,0.04873678317536888,0.04914019656266712,0.0445777951817102,0.04650057776897688,0.054104282500611965,0.02403559696620685,0.047310835438858806,0.05403861510170797,0.016856825403981097,0.05448104758830555,0.0718641538687965,0.06237540471642465,0.057667641810486975,0.03311714720258245,0.06522121953869449,0.051873286233336285,0.04542497335167025,0.06129064775299357,0.0029317659576553723,0.07588369629211149,0.05326011724181619,0.0454042543041619,0.03458518718082564,0.043192827077932636,0.03192928292334804,0.06574469947571597,0.060787681433426714,0.025482399764030505,0.026206025045778954,0.031997277808036614,0.05246521683037259,0.04360979733003854,0.021238749722747675,0.03313765286754769,0.04188842307980278,0.07417545497130217,0.028128932573271502,0.018106025613670536,0.055842644832074795,0.07656677904520144,0.040529506109877614,0.0559531271065531,0.044264997635353576,0.04771397019460906,0.02892947053161757,0.06747533016498944,0.04578343048107797,0.0697297099349394,0.06907366880970417,0.04194205079328299,0.0388655504516569,0.04611512847500318,0.04161475631239269,0.05865379463781513,0.04089673500797026,0.05826889283955313,0.05597015786871871,0.046710873963182645,0.04611365764523121,0.03440054313668276,0.04656198885608028,0.05145468587590623,0.04789006692034637,0.057793002914691284,0.05522628065386505,0.027281035369530738,0.039825161220564495,0.047718924513568364,0.02970656838194889,0.048133410032422864,0.05160708698255831,0.04811827847271233,0.05592171599306779,0.04808748822685094,0.02829715476003736,0.026945565507312152,0.04358256328085762,0.02689600110528366,0.06823653413559405,0.04920338864236515
110,0.05003737226355806,0.04671976434424384,0.0798906071448531,0.0588349881573202,0.03318993572768331,0.05053539521950055,0.06312023742077603,0.03551215633209098,0.029934412602263937,0.04477346896174169,0.03682399796820444,0.05757995825598815,0.04301793212582803,0.05005856456504599,0.05348233055880379,0.039151590444485705,0.043476711504808106,0.05880093194387727,0.024443194032673622,0.06580466815869172,0.04735121067711549,0.04147465764510113,0.04600943441062218,0.056256628771685045,0.06562044169875306,0.04586544784730792,0.056428525518602855,0.06116405224633573,0.06781810495880042,0.024618131350067247,0.04463128630954914,0.06081525139796414,0.04241220533383829,0.0477916843610625,0.04720951575280733,0.040073579831213006,0.059513483087444356,0.060132881672024054,0.052351044861614446,0.025978143689106684,0.03668344954896697,0.05185668526834462,0.05782809566876794,0.03435274024659116,0.045991751763066704,0.058206191890743,0.04857809758194873,0.04951544629667745,0.05050013182353079,0.07067258112753122,0.04300909326314477,0.0755418593042806,0.060666951443879645,0.026408093285801862,0.07546720247704124,0.036148234312263564,0.03134699265226215,0.04311404126836634,0.04343549599002295,0.07310905888429409,0.03554371534606564,0.04093067217479235,0.06891493738441434,0.05442333374340721,0.05934652850452834,0.05103816968752674,0.05650270944700029,0.044767330294991074,0.05186405057478518,0.03800786256134395,0.03208518741266756,0.027882804111728245,0.06069035873461222,0.06031977657098842,0.03135088939284963,0.023209416225588003,0.026322230871356253,0.05245181295103407,0.06047701490361995,0.046133789910210284,0.055494121654079104,0.03672135026632623,0.056134382004614736,0.03809156860174807,0.054602502019688706,0.039812220484055354,0.08245717811897062,0.04700303579554345,0.05932121473739438,0.03334283623814912,0.05719141174832853,0.030862226883433874,0.04016948556354806,0.025104435054735922,0.035381205286836095,0.036756879094507026,0.04685800070731038,0.06868295056485522,0.06473779506411594,0.05345127442642966,0.04159995056021163,0.0444776454090231,0.05329140205590778,0.05007652819092832,0.05427588138593442,0.030515387716198928,0.06714012215343942,0.04914773852502422,0.05949865147066224,0.050765459550324056,0.0227520376763055,0.0486031015295686,0.042093271635480996,0.036251919480134565,0.03608313764161469,0.05334307751813809,0.04077225999396836,0.034152238238478884,0.04233483722489273,0.0441945523390192,0.04880534040035415,0.04677006128068137,0.0469773480593342,0.048889807425560136,0.054777031418134885,0.021939388718613017,0.047954902307816016,0.0534605265934438,0.012665550164757839,0.05548688236162356,0.07248697090160255,0.06144092947210826,0.057669421399655,0.036173994425280416,0.06755833143277717,0.04861319784357463,0.04374496139408299,0.05989835927604838,0.002838012932814212,0.0758676335019776,0.059359864462963,0.04466074623723641,0.033460467203524795,0.043156583928912605,0.03532608741218276,0.06593147331137424,0.06340853890141313,0.02648979389393328,0.030221318425907834,0.03346376840221924,0.05457660927073145,0.04609020585665304,0.02278327397291178,0.036484261003417735,0.04207196561266112,0.07843447606857563,0.0281163808193902,0.017173485456129987,0.05883601875774788,0.07684284493942178,0.03867876373571322,0.057175365838498325,0.044920029180603054,0.0513554690807935,0.03336646068458989,0.06646696083994476,0.04282434290701999,0.06695645227099108,0.0679190459000752,0.04096193651258932,0.03429198242152513,0.04560704378351832,0.04088662202227254,0.054567136596825785,0.0398377633402717,0.05700086009512034,0.05259718695959248,0.04703837475355373,0.0458420317942663,0.03455769832320882,0.04385695725027503,0.052210012052449614,0.049362925227622645,0.05801356722926945,0.05366031447899861,0.024472267244206255,0.0398220730106379,0.047753249523007885,0.03491162053040421,0.05109429893893165,0.05240005256662754,0.04750515831222251,0.05735015739466684,0.046938798520374164,0.029119694701633822,0.027505869494988535,0.04345816936483268,0.025190006637391037,0.07057644519667561,0.052984281841824715
111,0.047884984379519276,0.045438456516307665,0.07776934659697975,0.05557633295980137,0.033468671157655824,0.05487362969564196,0.06558999340478777,0.035821777786808104,0.03154136327870212,0.0470204338740505,0.03305307430605646,0.0574915211313311,0.04367039337337678,0.047332154470141476,0.0540463053488179,0.03352319849958157,0.046282340393279796,0.058067489706535025,0.028267781878136326,0.06629770075234431,0.04595665012302085,0.037963753565331694,0.04863432345964033,0.057654822250198884,0.06589404977775416,0.04600243589127195,0.05574445893522671,0.06137314551439334,0.06625592359254488,0.026256671073543538,0.04336056366371179,0.06016044287012883,0.04144140847629644,0.043851974249113065,0.04517878277935375,0.04057395866694538,0.06600366793343733,0.06374449667899901,0.05588863269206583,0.027275487767309106,0.03522995997107493,0.054460495907170156,0.06052994362976803,0.034947411688372995,0.04700203528284406,0.05857959058195766,0.04720944302112779,0.051155450201299815,0.04813225272847552,0.07379299062608773,0.04271137065346402,0.07702701803821929,0.062129555689330915,0.028187971383539845,0.08007372046064395,0.03781355257003596,0.032036679614975916,0.04037462195852047,0.04552828913685774,0.07390935806056009,0.035579896129944256,0.03835558585267054,0.07210126154154133,0.05461817972223336,0.06117028699127523,0.04822496248669937,0.056402923599317915,0.04716351832914167,0.04989236450423897,0.04157507549281459,0.028334297401095783,0.028572170774271575,0.05935778064099341,0.05885329103282401,0.029095942093529278,0.026616155598759204,0.028434024690468535,0.049775552508716965,0.06054725491140623,0.04472125368178791,0.05655687877056936,0.03334428163617407,0.05846182674109077,0.0386206327283862,0.053461196237519326,0.03850334048797877,0.08239918723652016,0.045863257817700044,0.05917736026551332,0.029817817880442986,0.05753940236556655,0.034344882470275534,0.041490755053352084,0.028514264238889517,0.037903780653878574,0.03874220218892841,0.04445907304035014,0.06912038361488657,0.06870085387107627,0.054334846487554454,0.04091779964782362,0.043602301082232495,0.05780227206190216,0.05270108003356201,0.051584886027990676,0.02908011657341635,0.06587688778159977,0.04730111116747946,0.05914198086526833,0.04971579413064212,0.022297355915784564,0.05137809119655018,0.04525694466176912,0.036537127596253674,0.03697496579495878,0.05537254662453082,0.04104982907972294,0.03316178091401093,0.04403057303291668,0.04571592840520706,0.046274073303341365,0.047270889562549,0.04279655834081562,0.04956221260800072,0.056308969938877594,0.024550217704047257,0.04767320811400501,0.05004490958406343,0.018234131229623425,0.057348534068254166,0.07347760404204672,0.06558046659031498,0.05510445045755285,0.038927956965269704,0.06479328433027665,0.047161577284689914,0.04105154731841411,0.058572727965000015,0.0037175640825141435,0.0710234328559125,0.058365446195201266,0.04884158352127995,0.030223600967662682,0.03803104371907705,0.03822512668691042,0.06950129491282471,0.05804788315951089,0.027073658416550777,0.028604141067919774,0.03170882226480404,0.048762398352578146,0.04590277849536788,0.02027913868959677,0.03192480679601596,0.04192589645686777,0.07940730280424628,0.029996874910760505,0.016456899388705506,0.054608448454222976,0.081225862276984,0.03957637807150663,0.06072649360086261,0.04339639951317124,0.052672996874270336,0.03579809490008758,0.06696181225927231,0.04795492551015862,0.06907009272365826,0.06715568840996944,0.0407494672399729,0.03471085833088295,0.047247775732281304,0.04021563892898073,0.054537974189643866,0.041595300969567345,0.0600086171211358,0.05191670883466422,0.04765899247669191,0.04916877196636581,0.03502232061149277,0.042188566267442475,0.04951691341487832,0.05042767885230933,0.05597461770781828,0.05730777570127412,0.02965840546074123,0.043411358056590785,0.048018433326022104,0.033928640347274296,0.05457094787889663,0.05364943652862373,0.04492080042241349,0.05600313433851269,0.04725457960137738,0.02759571255191733,0.02839534591625431,0.04449465398283,0.02456420803564791,0.06913249020394,0.05676873143378582
112,0.0474327100914738,0.042500509550313516,0.07963240272769667,0.055901837855332835,0.03384001716622745,0.05383484686431395,0.06301781069892935,0.03451124059620905,0.03021523479630701,0.045743798833934195,0.029623262355238374,0.05813015251702869,0.04261755976242318,0.047417469963121184,0.05251596740492573,0.03501691259294546,0.04899162317499031,0.05883348377006418,0.029890385006952496,0.06744863600097169,0.04052039770817715,0.036729955823690194,0.04898919865975655,0.05643414615577844,0.06449493529823892,0.042469094016275084,0.05534033174363757,0.06257216670722299,0.06763480913127581,0.027808857172214776,0.04532024235691386,0.059096992339178846,0.040394758599026255,0.048322099382448476,0.04356466029053369,0.03996516731706152,0.06510999343834538,0.06279655395701975,0.05366027606755931,0.028923837603096064,0.030651703630114997,0.05391826589798226,0.06374451293873555,0.034186440964517735,0.043409339802695394,0.05488393752775035,0.04742841437190715,0.05151708834542071,0.04673315562512556,0.07184802312918824,0.0449386517401908,0.07662822575201945,0.0614216612319379,0.02840562172442928,0.07645175704172612,0.03781584504088447,0.03534469174990001,0.04143375092790707,0.0426483571392552,0.07076905010520214,0.03898066562039009,0.041261847023920724,0.0750189685851831,0.05698458853673861,0.05978164369210487,0.04967572082184989,0.0575854287850082,0.04678659830496052,0.050039692531234276,0.04156985481632753,0.02737748345480884,0.02944929207454079,0.06018700995278584,0.05879775261815148,0.02594007454794573,0.027840101249602258,0.029371142639774687,0.0497403801119065,0.05450183670817465,0.04595504087309164,0.05876794544735167,0.03199435785526863,0.0556483906429635,0.03937019317879171,0.05843833589947145,0.03605952160745233,0.08251155463694838,0.047729939212684834,0.06280975456618446,0.02533656229990131,0.057249675130025206,0.0393852694422028,0.04286465077265106,0.03049181808226267,0.03604503830320032,0.03669195126791898,0.044421841719918656,0.06694455895615656,0.06528703192901093,0.050583255486671426,0.03771015324540064,0.04112771698223767,0.06352676199644539,0.052669759401793366,0.04995792718638237,0.03051879678416137,0.06627150263424993,0.047863350298039675,0.05614828238818848,0.05250328817281146,0.018762786754884568,0.05409314562753496,0.04330682089257028,0.035428231090210614,0.033986309295647964,0.05448545092963089,0.04192721423707888,0.03247569747322959,0.049074205144901836,0.04357359127394948,0.04859620257652235,0.04224031145230163,0.03988954575061479,0.05020425607191491,0.055778494324174685,0.02508541654009942,0.047626737346766666,0.05266319819419408,0.017311294159181364,0.05575251602520926,0.07495458328768528,0.0688108361588828,0.05672593960584146,0.03718319917748121,0.06830777684540837,0.04526358340675382,0.04262595377297558,0.05919450491923829,0.010423710998653666,0.07002111987295528,0.057418249002547474,0.05085142908286498,0.026463668481977284,0.03620932510582593,0.039116981140285306,0.07043819411960935,0.05883700166616395,0.02413808311476371,0.032352526329664476,0.03117466156812341,0.04815239510824792,0.04593882392894675,0.02161047435506143,0.028298050721965617,0.03936739999290405,0.08117439300320256,0.02689281240565867,0.019954323487973342,0.054712788718952306,0.08042001772386774,0.04026564462257373,0.059321078741282875,0.047430852199365464,0.053989623185962336,0.040236954757069954,0.06155981520812914,0.048195634614227975,0.06875990083886703,0.0679151315882733,0.04193176657658331,0.03899527111371572,0.04895518650746859,0.04025578184997377,0.05851924255025504,0.04267602084769315,0.06004963086064205,0.053984420298467575,0.044976843671070466,0.05135597676910243,0.0335522949744882,0.044427365293571976,0.05054966311726424,0.04874757614814578,0.05970431477276085,0.05649894737535479,0.02886734973916264,0.04645903498141599,0.05168185037625098,0.032214618977765626,0.054654917354068085,0.05572459072411995,0.042341911810509024,0.052834137655474046,0.04745065189311048,0.02796171071309307,0.02933781212693046,0.04567370997269862,0.024491639923033565,0.06512648979707931,0.05752429354075249
113,0.04026893438491327,0.04184266409651964,0.08381603828407766,0.055389408750064234,0.028704709573863695,0.05417787817875738,0.06455448171767825,0.03340661753489074,0.02854870184315789,0.04329438626007768,0.029661259944146985,0.05784408733770072,0.03989363304707536,0.049223630939208056,0.04829212160021998,0.033550321912492846,0.048887471901023806,0.05895680954791238,0.03135851922340202,0.06665199628291023,0.040860022467432484,0.03532397293852735,0.04811777543240779,0.054475833960158454,0.0652023962190628,0.044332146023281865,0.058326782622105076,0.06251241564133886,0.0641890059286231,0.02644167254328418,0.04642716098130848,0.061214124434912025,0.04305662805178872,0.05003228047488867,0.03999495509422861,0.03958922553320393,0.06335635965880392,0.0661519759237802,0.050459116563174936,0.027918459496205132,0.027105665135011253,0.052124071408347336,0.06538767599988128,0.031304801506007104,0.04220244222451468,0.057444603369265046,0.04568531882011938,0.05472962251675332,0.04833030451533378,0.0739474321058751,0.04557297747698535,0.07782353637316625,0.060192263864119654,0.02815615878104381,0.07506010539268992,0.04039219196089192,0.03510111601950051,0.04151536700792592,0.04403393331094518,0.06878150476243698,0.04116341884999573,0.039570932108989085,0.07697289352771004,0.055344507065275404,0.06020525006366752,0.04648298328144324,0.058006982553594086,0.044900934945048016,0.049474342109707574,0.04099836278062732,0.027989708047147864,0.029484481274839425,0.055576741546541186,0.058445660880216875,0.02240512500587657,0.027429501615806207,0.03385559694489258,0.04689213003328316,0.056108996555660665,0.043377984366198497,0.05804273761222566,0.03162930488819984,0.05603809431244161,0.039159229256230735,0.05776537293032295,0.034203387114495505,0.08579903293862011,0.04804559435660772,0.06085598815374542,0.023909261453146504,0.058205694255216815,0.036568139015807556,0.04379958771135951,0.02837921848046941,0.03509857347339324,0.038308308173948,0.04688010516108274,0.07046492556965933,0.06395142631048584,0.050451907086749986,0.03488110125456794,0.040549613201707295,0.0658840417794188,0.05433044805767031,0.05164229833747161,0.026614653254403996,0.06777815561212648,0.0466426429388486,0.05529905790674617,0.052846257666631376,0.02095953079817408,0.05817650386366399,0.03918884019601272,0.033425307288010596,0.02954642004979559,0.05397936278102354,0.04052554769407039,0.03305216085135369,0.04923941739966557,0.049655797687492925,0.0475095187074379,0.04489899489876396,0.03541374323068346,0.05161103471058922,0.05531868604150991,0.019648019410852008,0.04676770805972969,0.05416016946976042,0.013892376480807486,0.05574322576746821,0.07423147771657183,0.06623034328720141,0.056241999717462764,0.04050448419716886,0.06662257555389421,0.04515429016326202,0.041868669828426824,0.06200248878653539,0.005744748354881383,0.07112392390074611,0.05527365441605105,0.05145095652023646,0.025737539417392687,0.03986650524235028,0.04164176997226164,0.06882866839431463,0.057869641125773044,0.026353948531001592,0.03597387113312871,0.0316098100879758,0.0512291953546112,0.045825353639754776,0.02004434122087846,0.027050626661958385,0.039869941633002275,0.08043150940112735,0.02681486059114207,0.02114828317295031,0.053545039347192194,0.08182208247882104,0.04089045445897333,0.05732373915025638,0.04751728350161407,0.05445242649316228,0.04176389082515761,0.06169807073883412,0.04697565672615055,0.06461288393738382,0.06980865734264653,0.04064077193716451,0.038925391655959346,0.04762493890635523,0.039163229653275074,0.05811650159001852,0.04349428574726168,0.053915496078898444,0.06048795793292162,0.04421792763807376,0.05453443623153538,0.03340411516976415,0.04400309112350951,0.049614371216031426,0.047645153450050215,0.06117052231673732,0.05609807337064961,0.02805966627223563,0.04357326408353568,0.052310351224893976,0.03247243593682832,0.054790221080967295,0.05731989167778006,0.03884132794109857,0.05352151231882755,0.048678950569575725,0.02860410908704383,0.027620698889168984,0.044945880525258886,0.023237777389263026,0.06618476818419762,0.05462659815837566
114,0.03945610149598403,0.041789006139868294,0.08423215026272433,0.05365350406506302,0.02634153067862173,0.05442164127169328,0.06406821090772007,0.037315634646473375,0.02282284931668133,0.04170979999417439,0.030900501223991714,0.05650931657497733,0.03979115635747734,0.050236728610157384,0.047126626182861085,0.03213620010530238,0.04898550516251265,0.06029154746055847,0.034089897689900756,0.06607392874712742,0.03992837563505287,0.0384929533611478,0.04656961316974578,0.05496582468365305,0.06370863451985566,0.04619371188446933,0.05834722621772566,0.06479259126953132,0.06292180742162046,0.024534052700985628,0.04623273796289211,0.06449297424931992,0.04349528074388132,0.04833662103675078,0.04142455267478438,0.037852997029988025,0.06091235260888052,0.06526550995046254,0.04811496829188018,0.027179811082385798,0.028809741356121694,0.049278896620526175,0.0626115987620977,0.0325588062353989,0.0448212062820192,0.059164819755859376,0.04691861733253598,0.05628084451744362,0.04873875314417071,0.07368075810172078,0.04465372668108035,0.0773391778291007,0.058416469908433515,0.029344692985069615,0.07091142902925646,0.04428531290909776,0.03701787819931841,0.04272801057873949,0.039900226194415155,0.06730683249636256,0.04094642747875002,0.04170380759661739,0.07770931984627957,0.05864314829582101,0.06539816904362843,0.04253920160339635,0.0643705859809984,0.04635958407619971,0.05014681032494232,0.047431451501642866,0.028144365344620188,0.027240128818754913,0.05773712886400946,0.05720772830504245,0.021004249685697026,0.029475868208578917,0.030441147218568113,0.04446176332173918,0.05398448385955433,0.03872096527725563,0.05825376989573154,0.03128021175460751,0.05837546591194056,0.04304775849514598,0.06179726738039468,0.035203731260152964,0.08497692759368079,0.04711290638344666,0.06313835015678107,0.02019104540381428,0.06043097015166693,0.038291230054225765,0.04702191653362074,0.02490987798840059,0.037229266186091084,0.037757912806995,0.04657655459150792,0.06923400451276866,0.06543534955046915,0.04946481354807105,0.03652700079334776,0.040923671905966456,0.06546360724812852,0.05119680923435441,0.054668830388859245,0.029146023601675872,0.07061418443459996,0.0469336470781761,0.05467796377919803,0.056942845374295226,0.02020714142107078,0.056454834213178956,0.039181191224201946,0.036284557706851614,0.025528195811374214,0.05519311766897477,0.03694483029878485,0.03263007240457472,0.0477723875388805,0.04553454796212661,0.04728370267332491,0.04443597668790231,0.036535722072914945,0.05176629972623317,0.05637107090105107,0.020201062296103335,0.0469224806114747,0.052375666276106986,0.014456100239332002,0.057819977383856636,0.07644187262898541,0.06605854629341466,0.056513598388805444,0.039482696302897906,0.06766421524367502,0.04460059152757003,0.04269451762269451,0.06316543542086239,0.009766067509424648,0.07425365910630055,0.0552845445206347,0.0498405214302808,0.024703414384705708,0.03895395986279764,0.03869202631044781,0.06956724965935288,0.05443433089383167,0.03059464551985781,0.0377020409172639,0.03385444531983866,0.04481717259854704,0.052578408203690696,0.01983304318107778,0.02686215437818585,0.040168693353311066,0.07833743746341687,0.032002428280977546,0.02538080833661633,0.056381630843683916,0.08090386002091056,0.042395045311764926,0.06052808512849156,0.04879554456646744,0.05457362403915025,0.0418648222000567,0.06148805401483156,0.04475816192321053,0.06389868811244864,0.07203992745436916,0.04009666633445083,0.040265240423352104,0.04644791794902778,0.04226583876195023,0.05668292959093499,0.04649763850293958,0.055004652229029005,0.061571173562622136,0.04364742455930946,0.05545450952049362,0.033137505298827606,0.04541651625796178,0.054166196848391523,0.04753372739295428,0.061409502951886547,0.05855974769373484,0.030065542798911594,0.03940050823975932,0.05265860223761712,0.029568433869198517,0.051162681522359775,0.059049700410135304,0.03624995578891088,0.053310642277512456,0.046006965730402576,0.028328914592422916,0.03044912883803478,0.04238857277745718,0.023234106998536563,0.06749199254717116,0.05501016993258454
115,0.03827136000905103,0.039788120295293564,0.0810296961544259,0.05347050700957481,0.02945771008923192,0.0529601716026205,0.06516588817482018,0.03746991604077664,0.022684929891263292,0.041480627419976636,0.028534787853474942,0.052008914046727465,0.04044403831574224,0.04973047719256121,0.04586112501519624,0.030154166401060892,0.053266039330294446,0.06021050485649656,0.03456289112244603,0.06793855276425456,0.04466396140905815,0.03592913017188436,0.04479906436336282,0.05336613691166173,0.0683379538323839,0.047172759667915815,0.056943035910726365,0.06651627375690067,0.06562038165168323,0.02567889685373587,0.042404522161620974,0.06714173313234426,0.04266544552816291,0.0467790154726378,0.04293121897093548,0.03920944284791195,0.05968466943468883,0.066957263803082,0.05025731624386898,0.02633845318569455,0.026360880898346793,0.04663921465552517,0.0587593154984158,0.03500299457281538,0.04460749944919909,0.05983626858926568,0.048829954651627844,0.05417807509352407,0.052938393923859205,0.06858671351977166,0.04487775016184998,0.07516487856096592,0.0567588579281373,0.035400653233634644,0.0698562580467737,0.03992648626955846,0.03863588446882727,0.040971735303685836,0.03530155404975589,0.064538855107442,0.041171617470932516,0.04278779439686192,0.07573891829731004,0.060074051326721244,0.06452143129545364,0.042308004006872714,0.06082473532988657,0.047535331785472625,0.05069489119676186,0.04530604321429769,0.0249710388952488,0.02814051197755322,0.05816835211984785,0.05596141128374526,0.0256900398738756,0.0331617889138168,0.024309317301288148,0.04858309050407874,0.05443467557104828,0.039849169988174275,0.06013834564109398,0.031120039276440133,0.05607572081042872,0.044129634277949505,0.06142092211936028,0.03572658998494489,0.08389015754251146,0.04479633721354318,0.06554187333999478,0.02064903358819816,0.06040469217706473,0.036879945923262755,0.04732649565213337,0.02462588636324334,0.03606607877046406,0.035725435371347605,0.04641356003526158,0.06664271594399185,0.062284077748679736,0.050432759393768775,0.03458472024324415,0.0364395553446463,0.06818951997580258,0.050210760311947426,0.05047777875978414,0.026278465087671107,0.0658672696348247,0.05193250506324752,0.056003659025274946,0.059185197046920886,0.02195694073547725,0.05742959007185313,0.03528174472452573,0.037314424675699995,0.03077521275903978,0.05402107455565362,0.03456099976117648,0.03138788476032453,0.04990574131307685,0.044520900977468615,0.04730294956112247,0.045896337339144326,0.03939345363816045,0.05242100130161465,0.055491374045952474,0.02023942534920482,0.04646644815427999,0.05490838652347613,0.013962749417370496,0.058280894331049896,0.07431587992873642,0.06730563402736008,0.05438792426532332,0.043573064492262614,0.06627137163106836,0.04319871300983217,0.04183258762751783,0.06283263375932167,0.010265802415504842,0.07541466774176897,0.055315891646422165,0.048420568322757915,0.027115317801284382,0.037348950668607585,0.038126616044980945,0.07206363579136103,0.056368732345188244,0.029012160333308765,0.03555969795311092,0.036424638670069204,0.043163359791033175,0.04834424037318464,0.022447329269591625,0.028164227050063252,0.03816775923642683,0.08148535092529198,0.027524800357008886,0.028596536083318757,0.05850596259196047,0.08122964925169178,0.04030339162667293,0.06267564786482455,0.04710132457984636,0.055305772309332424,0.04278100350937419,0.06015549447144977,0.047175979245582984,0.06875964834511726,0.07597594627336925,0.03811547275307622,0.038643747544306696,0.04104441400465308,0.04034543140491034,0.05749645910075107,0.049175191308333886,0.05030901433469203,0.06302406852398704,0.036863679413613896,0.05454118345926623,0.030083258540431042,0.045230929005652766,0.057764876113655876,0.04602382860313842,0.06373603793734438,0.056410606323388804,0.028415366588152906,0.034864936183329844,0.05323713996798735,0.025324500130614155,0.05029073119773655,0.05731870386147127,0.04068151996527059,0.057144486527142796,0.046692181020954265,0.02477079346680918,0.028694899860369712,0.04163478997225125,0.026391863673450876,0.06649007450606917,0.05125422774296361
116,0.041218035175853374,0.0424056927069543,0.08226527189345254,0.04824119348638086,0.030244710562929635,0.05679425698819639,0.06187366087063923,0.03634812944835486,0.026560046913470036,0.04424260619979168,0.028810748893184402,0.05709689361041942,0.037486892362482004,0.04985214990181377,0.04782101880673986,0.0327796612924025,0.052235979223991265,0.05912970062454986,0.035132171877199005,0.07185697441449719,0.04123903675105791,0.03229694329599969,0.043925833888858366,0.05068606348369889,0.06807625285179023,0.046729502241677434,0.057907553359475415,0.06502428186780464,0.061641811714882755,0.029221155301636294,0.042272714866802195,0.06712543123176029,0.0445774275254972,0.047897144720887554,0.043700884513194795,0.036421018980851885,0.060005241638001854,0.06395978432059246,0.04752380658811281,0.025345438112488933,0.026300473288973537,0.04906174504170069,0.058125708651788954,0.03939348670226389,0.045716801591330555,0.06445663233218143,0.05052916497643389,0.05638743288611729,0.04711639869093596,0.06687292020713224,0.04211049568839599,0.0725798078120769,0.05438464410359323,0.03800303071603021,0.0705585632346581,0.040265255938687405,0.03885532828963146,0.038854258075439095,0.03693728759070354,0.06470775581262561,0.03888949717183869,0.039434522320153306,0.0738863631413792,0.06081278759785295,0.06173064907792521,0.04071928254478449,0.06350348715348011,0.04960027703735219,0.05130931142647788,0.047004030656723435,0.02641530673883432,0.028843746706494228,0.05939178840042669,0.05651144357614137,0.025491854455756146,0.033362487548393695,0.02305020137328313,0.04887352075476497,0.05382121921301561,0.04071448904623342,0.0598997548036273,0.029795698817057917,0.05414359943560504,0.04611670038920603,0.05766986371777794,0.03766793130825438,0.08743127411702464,0.046060249915969374,0.06702892294546384,0.024879226829318316,0.06047447327377555,0.036206795329594095,0.04974106633671046,0.029930450555633335,0.03434011201479731,0.03508655916003429,0.04687597054509956,0.06486052969421698,0.06254198991794624,0.05242535462974751,0.03197675005393555,0.03746125940518333,0.06430130564472641,0.048215418144387706,0.0475389538640444,0.024338617022994353,0.0673850965917336,0.048844742831603484,0.055601810483863444,0.059172482648570064,0.01846686751667115,0.057844760346163086,0.0357244677610602,0.036714298600381674,0.03060414622173864,0.050180065046148296,0.034787695317309075,0.03483369513211399,0.04832004338827936,0.046406169651852146,0.050981471204140705,0.048009828248525885,0.04385965319817761,0.05526507129736267,0.05533566021833219,0.019704705808292117,0.04844821099607552,0.05273180555403914,0.009529695563250862,0.05648562722448498,0.07785791263768677,0.07147674893353088,0.05952193016524324,0.040112864889187444,0.06467579275277946,0.04230975553748938,0.04193305328329778,0.058122872409044325,0.01332281616664368,0.07087799697686234,0.05391666256855843,0.05084001456681099,0.02694858834603115,0.03425133858232524,0.03889669673358407,0.06992982700664825,0.053479377889987995,0.028167554509867743,0.03591999472366163,0.03815641777918642,0.04293436984868673,0.04783708801457477,0.01908784717306699,0.03231419807119729,0.03932221700296896,0.08491838640004151,0.030488799921993104,0.02763492340114838,0.05883450464114282,0.08173298300227703,0.04098651510462004,0.06574556337213225,0.047943265491937954,0.05469231350305217,0.043245108161650135,0.059266966538603714,0.0517291341560169,0.06720160059568427,0.07129106454252694,0.036815591565307636,0.0371273880986598,0.03779433632096854,0.04297610654105536,0.059261730343011715,0.051510262909165064,0.04530498545559314,0.06015010264608478,0.03878248565603292,0.05370977651015896,0.028879401953674395,0.04473257611865183,0.058286937200459785,0.046477486993314776,0.0629688419762103,0.05113773875456088,0.03144377118133883,0.03828294320184721,0.05181546327041068,0.02446433545382772,0.050083643236416196,0.05992904027409564,0.04080060681036291,0.05814725517585847,0.04800887928949806,0.023859980906422617,0.0265116503059293,0.04137032046312147,0.024729343851820757,0.06593906146910686,0.051358881449465627
117,0.04325513612931913,0.039707955745433496,0.07852426241269123,0.0454932684447145,0.029710529606957775,0.05463270539735209,0.06235722012890142,0.03537159949623478,0.021651048695194484,0.04620435167613448,0.027321956920519124,0.05654356313489841,0.0372933915077582,0.049205125259218184,0.04997572217619116,0.03298306060657046,0.05429025283321895,0.05889600500848884,0.035712130853236726,0.07143620808629897,0.04555332629052395,0.03472208474261101,0.04762417719754595,0.0465918991294922,0.06636833345907128,0.04896960038746862,0.05763630827836998,0.0637844700915336,0.06583703496594542,0.030395403698996532,0.04503957146207257,0.06640545622081741,0.043321406066956364,0.04949828408610529,0.04415335929032389,0.03642805173825193,0.06116871667724268,0.06225574910219457,0.05351914287757895,0.027861117014253818,0.026768511736351617,0.05343325135892496,0.056879586961240236,0.037294659440387457,0.05158123580318243,0.06786492688059889,0.049342303189897394,0.0570147739221483,0.05084943337201285,0.06822841127020307,0.033610893025546186,0.07239124944617699,0.053621644142028975,0.034414207838169515,0.07158174137583417,0.03709200865620715,0.041556683211259965,0.041539519998541295,0.038105578552703794,0.06599644553003553,0.03690715582181058,0.04233756312221125,0.07188129499312697,0.05828285861793519,0.05833115399179923,0.04078930784821302,0.06591057997461583,0.054107285234148074,0.050747751779925736,0.04658231640814274,0.024864671626383804,0.030928540997648277,0.06123719953855174,0.0600195329373281,0.022733021898627883,0.026610671117342607,0.028062931995095696,0.04973795040816743,0.04894314313953434,0.03928334894573718,0.06181002191327005,0.0334539643852348,0.053308130777975825,0.04416778871260792,0.055923186710656936,0.03853404891276778,0.08441668271957126,0.04708800595935245,0.06509999293726243,0.029321634323518236,0.05864534819247631,0.035042405895883415,0.05102121277077717,0.026311264766848308,0.03375098412881173,0.03345398700098245,0.04714758629414022,0.06263397580388222,0.06314258939508942,0.05485138684805372,0.035290604206606735,0.0363228219702242,0.0636549543279095,0.053514381597248806,0.04926687650729661,0.027732262197926592,0.0657572728657267,0.04450220952323472,0.054919111584026,0.06019557097161098,0.016331260096576816,0.059123983334279095,0.033545274080365575,0.03523866252323033,0.024955721406590105,0.05057093817431165,0.034031583467723024,0.042460650642942716,0.047669312361980846,0.04699021072061202,0.052766352626535874,0.052064453673306005,0.0422759734276129,0.057313560778489245,0.052136649575912374,0.019549372677937885,0.048667478556318325,0.04864301734447089,0.01152859594306617,0.05737807470670007,0.0758972656673635,0.06813893283658967,0.05973316117424946,0.03610510119243876,0.06861692121150684,0.04650101498978843,0.04358301954424351,0.0579618543396193,0.014401639144628428,0.07127884394663705,0.056702070696027465,0.0502692877560575,0.02603802929808458,0.03245763237327068,0.036728610611118234,0.06957760038710266,0.052722161521120595,0.02905680160931221,0.03911671258283856,0.03498282912416345,0.044851581485410574,0.050139759612068714,0.018490583991990925,0.03318362031635394,0.04034545033439185,0.08553155012117913,0.02968232393334456,0.03266614705163592,0.05970355004848384,0.0819761904212565,0.04131080186066329,0.06416084538383206,0.04683257878410812,0.055033280625060806,0.04385875601829732,0.05845676371821774,0.051415130249318666,0.06453210800612157,0.07408089092648118,0.031975831705719854,0.03697517262745865,0.03553836005649318,0.039887114123572424,0.058957511756555205,0.05429087853473996,0.04749084177829483,0.061080452329724026,0.03983476981872791,0.05148574508551155,0.02653432119158957,0.0427515955007244,0.059053334225081,0.046941624909238346,0.06283616292334475,0.05150020905737382,0.029544116255340064,0.03904934428985429,0.048746297679944435,0.020633284066385545,0.050816527064251445,0.060709306971101024,0.04224543101623143,0.055793001605088814,0.046811730067151454,0.026139378069382654,0.03134180900794757,0.04075319853140218,0.025855387371111534,0.06299187719038388,0.05067391397541689
118,0.04290601576968352,0.03883654112443037,0.0832270998906712,0.0487217958939941,0.029667318907958803,0.05433344848636486,0.058058876402133114,0.038599993286711626,0.023026432013789233,0.04383486196385492,0.0295323092883772,0.05480313679376613,0.03380775442300974,0.04828801826728847,0.05075247188080242,0.0358763873189876,0.058410470291963834,0.059763764883623095,0.038163318072146214,0.07799898056715308,0.04829254645585457,0.03463816830892705,0.04504294345258228,0.04842599423740551,0.06258205694764206,0.04643547319125103,0.05555444681722069,0.062020318551658515,0.06713970267609869,0.03134250922798247,0.04484880051802732,0.06775039301323592,0.04511303226275984,0.051635057931173074,0.04219541901055964,0.037540753442625724,0.05978182818963661,0.06608151513215617,0.05139923207447269,0.026942665857381292,0.021490171965661976,0.052916667711549584,0.06070875782749028,0.04049978805246323,0.053508555372499086,0.07333095781446765,0.048644481113927766,0.05846219286487033,0.05240416234864988,0.06629789094516202,0.037226153390186874,0.07383774316978682,0.05364768562501508,0.03782868411010755,0.07114797760662508,0.035575373076776086,0.03965367539277588,0.04206136363054483,0.035285800848677426,0.0657376290960958,0.03753495180599383,0.041245571766313445,0.0732623924002196,0.06060436075110398,0.06002903734875455,0.04101806657477139,0.06406453945878662,0.049988578127498115,0.054337312083913306,0.043839597466757335,0.02767547577827517,0.03144314238354371,0.06118836661619921,0.05700850346684397,0.01919904175335918,0.02746266923806828,0.035146273588298874,0.050461989419088187,0.0497880293396306,0.04029775463777601,0.06418980601185494,0.035146977758372056,0.04946993630749436,0.044606649730956495,0.05444618940129792,0.04071981598056091,0.0839250075939351,0.04969546791070799,0.06705121512182952,0.03164082022480475,0.05932923226266289,0.0311783515971422,0.048424905038555593,0.0256920629834037,0.03155361905170477,0.03237982178044838,0.044391310863602755,0.061020628567628736,0.06148392101467919,0.05959013361281329,0.03507354601944436,0.036135599030774394,0.062413655429596766,0.054661131628038484,0.05374396184513212,0.030767375183679217,0.062207393119947066,0.04625543806159211,0.05364771122626155,0.0541794560425449,0.020332410089856257,0.06245501070229929,0.033476796172049905,0.03468666473500048,0.025900760621960763,0.05032258256020418,0.03166996115241601,0.0432825543990188,0.04979701582481854,0.04494924525356978,0.049689752958970365,0.05358503708398336,0.04380988929754536,0.05860377937350638,0.05362899021927164,0.021314518266672567,0.04498058400809274,0.04489082471217815,0.011103451894886603,0.0534648347223929,0.07502599552429579,0.06838688704048719,0.05935842039284033,0.03425706999091451,0.06851569775227118,0.04749085125293918,0.043449590769745784,0.05918724277951885,0.01780809118123618,0.07151704302160262,0.05669619166966426,0.05231143842021544,0.022969865195035247,0.036295000698635976,0.033952071399352045,0.07113953464576865,0.05256643123363403,0.03127760648202234,0.03670503980744072,0.037578550171086494,0.046867791615712785,0.05201897498428116,0.018474172302824117,0.033941016604960274,0.04160758964204828,0.08884798655747081,0.029189213603390177,0.03078429023664937,0.06110032529522112,0.08377225020071133,0.04119674100075139,0.062361641460737166,0.045935887900567816,0.05701115539256725,0.03978392068224172,0.05876874990560557,0.050048158368872386,0.06509609554021524,0.0750140774249008,0.030996180301296687,0.03491236205449924,0.03784795687494456,0.03857480125362597,0.06086308602278459,0.052415926261455845,0.04927213906481437,0.05917874754313835,0.03625049937657473,0.05182717571573507,0.026939448290095057,0.04460958212924293,0.06199956047560727,0.04395388939937057,0.06467727992616143,0.04681811254900498,0.029151416896089244,0.03766666865396605,0.04847826342897361,0.02319301689486826,0.05178922230048159,0.06502983253034472,0.04307304098593979,0.05681721308441969,0.04591374196205543,0.025352661646964435,0.03125056241694515,0.03835764521398333,0.02911800347847297,0.0608726574743065,0.04759184529861737
119,0.0436093696362348,0.03694084389330209,0.08524675870741592,0.047349412867010714,0.029269114624313072,0.05188724294350704,0.059457761851965586,0.04424863335545959,0.023511360267037807,0.04816994930584155,0.033631901395424664,0.058104638568496354,0.032578213169878495,0.048777383399643076,0.04590463785373573,0.03711653711945893,0.05556754026331349,0.060695001701827234,0.03903591688482853,0.0769478813323412,0.04848793571486607,0.034945544829994755,0.041785218773013465,0.0531572097265871,0.06015214120851425,0.04710192710968539,0.053497139353620084,0.05730225390311196,0.06576236143052352,0.030994733937342415,0.04684315384387701,0.06577472988564313,0.049431599716061515,0.05179765177031729,0.04163011121347578,0.03985195110066876,0.060136845129752856,0.06875252233614033,0.0522041111425815,0.028617449868596115,0.02169725296003562,0.05243278051521985,0.060167274153782466,0.044301510230731284,0.05185441470480765,0.07028059323236423,0.04812678814845711,0.05671448725939811,0.05378551171563947,0.06688245673051774,0.031898127942348545,0.07218539324418313,0.05071206559073752,0.03706216349802253,0.06770988453214925,0.041506476088433684,0.039999295709974785,0.042927282898932474,0.03292851608386018,0.06696734417751918,0.03984679623854813,0.043345380047917034,0.07766771178100378,0.06499428199757608,0.0649913963737911,0.04393217939718322,0.06634336959122611,0.04865489306756049,0.056399634763103994,0.04175405237527283,0.027780111766616634,0.03285003202882162,0.062159846162342595,0.058552772755162914,0.022869923195229975,0.02462605737626526,0.03788703639372271,0.04680138994870005,0.050858472808667614,0.036125621512099026,0.06354068227156785,0.03427850984938064,0.04490303277295907,0.04480334817584055,0.052575500831058,0.040633113052216015,0.08402881109711742,0.043156204284758214,0.06579367083314176,0.03294734123685591,0.05520545914289811,0.033012392081896214,0.048694466656726505,0.029655913856045997,0.02888314706488606,0.029089715509130795,0.04271872434994296,0.05857843166424452,0.06090055241658632,0.06442530958187112,0.03408827645237531,0.03595347159951187,0.06865122760227171,0.057455907238015344,0.055487087298912,0.02923318739208591,0.06297790418647517,0.04752163888750617,0.05080347662699427,0.05326727552023398,0.017270963016580383,0.060540813841582795,0.035687024451166095,0.036528547900705303,0.028696722526750165,0.04840450440425408,0.03163466784233396,0.03983555071625303,0.046294631574916,0.05150521257949965,0.05166758204367789,0.050059310721097636,0.042021672508640855,0.059549015267855644,0.0504295942776823,0.025025360667969846,0.0480712220352146,0.046827712342694505,0.01008025523992109,0.04933722988678853,0.0824635104278277,0.06784449092589748,0.058480243633927384,0.03146672721045865,0.07282067110164449,0.04699692323491378,0.04139230640655786,0.05931929580889987,0.02050182924255328,0.06720791270718876,0.05188210970868104,0.050647546739956584,0.0207771950805152,0.0374061549628909,0.03585973323720672,0.07312566396037276,0.05576510198713624,0.03455445956125895,0.03883700862149423,0.03669802916075843,0.04869927467983042,0.055335141519853796,0.021765700834524476,0.027442751552902264,0.035679488468477426,0.08681760186097588,0.02760755132916286,0.027593486062124847,0.05708522029543427,0.08787477938388416,0.04311083725884267,0.05911935838812344,0.04670119889907318,0.0542831078130104,0.0430041438623606,0.05853023477665829,0.05186570508832779,0.06374370799952006,0.07615459124324343,0.034442279004232135,0.03149015396127483,0.036817865148815014,0.04253460327141434,0.05998237190312945,0.04928061586519906,0.04642664688801502,0.05955696330685839,0.03191020157407361,0.04974521609752655,0.028749172870076584,0.04332087355785657,0.06267906330023755,0.043761825906198606,0.06196625325607297,0.04412405528368773,0.02784266619929634,0.03499481738383611,0.049699134554018684,0.02710970710284111,0.04872290853461912,0.06526226206303498,0.04414201057903858,0.0557992621955868,0.04884570701011668,0.028053176504353947,0.02883434632961718,0.041040447784024624,0.02844613601478583,0.058285318623023157,0.044422137517600345
120,0.04225397103859557,0.036245492656045035,0.08686349207249475,0.04292933302912731,0.03147043498445774,0.05504311377765412,0.05702520601937331,0.050398096347941054,0.023012252080726665,0.047511478580385444,0.03185536439740978,0.054172912665065756,0.03059857459872211,0.046516593641229745,0.044064262089012186,0.037741657883841734,0.05624720205039275,0.05699711791778514,0.04050743562816675,0.07994676948409112,0.047162446273578254,0.033188417099530215,0.04055290586573403,0.05453248685800137,0.06560780480451651,0.046074670812966026,0.05104210089732434,0.05499235542710329,0.06485446222909562,0.02886479144213003,0.04674506124841063,0.06598264387658227,0.04684278957442367,0.05224585671531773,0.03997754324811369,0.0407146603972547,0.060640965875285474,0.07139157109478232,0.05279869641412637,0.029280521330055518,0.02371052643865755,0.05772312789636514,0.05892975018646994,0.045567300712517696,0.053654724539783205,0.07102992914833055,0.049944062027897924,0.058301492930459727,0.05431417181879332,0.06386736859551326,0.03354716355144355,0.07141946615642399,0.050702128312864816,0.03779016308581799,0.06839592808321972,0.039015654865837864,0.0421768091195864,0.04580213413685937,0.03245688643387547,0.06992902313786653,0.03847599262376233,0.04187569787080734,0.07478500495879739,0.06781755349413805,0.06610199589043633,0.04594322597686,0.06654994786245381,0.04988474607898962,0.05711581153687687,0.04445610325401858,0.027418117976252005,0.03365365588441936,0.05546292115912865,0.05417128555700969,0.02111337287349888,0.027447256839556365,0.03857331137067553,0.040121155804220675,0.05145156891891768,0.03891201008968655,0.06520320660053099,0.030460461090854332,0.04268020613538728,0.0432396839015455,0.04972284705991659,0.04072339664096862,0.08395180670963154,0.047194535132520844,0.06182980177675435,0.035518331973422836,0.052505221834312006,0.034997383985845294,0.050384173897998,0.030580443288785144,0.03075493559654823,0.027259898528841146,0.04433474227652027,0.056606064378249006,0.06318760975830424,0.06567532162981606,0.034270886981310957,0.03831595773387193,0.07162107610533057,0.05483984311694944,0.05576181614000982,0.028663230058998918,0.06261909167676372,0.045847952314656694,0.05389778014327061,0.05613074049615481,0.020240858476105118,0.05921360735308468,0.03549843073062486,0.03747763643680568,0.029406904493757283,0.05174194993532598,0.028230064361588668,0.0426406683118533,0.04598251668144163,0.04995580846079591,0.052218095018088544,0.04889355436625632,0.04726901307462492,0.060871870004439645,0.05084705370473454,0.023284610318022755,0.04619411975004778,0.047623706223203555,0.012002963648260695,0.050637019559110194,0.08009274221860424,0.06243831276128015,0.060527466002029406,0.029804012037302853,0.06760037186735467,0.047935611742780854,0.037169987910967636,0.060539439230490814,0.022133878421844447,0.06577345241831395,0.04928888300439415,0.05054305418166969,0.023473816351750807,0.03902049966442234,0.03071878209196962,0.06990897663496488,0.057140719314524795,0.03086926712398553,0.04160283350859589,0.036550332974272896,0.049688644310859974,0.05379855670164884,0.025144146452453858,0.022156303112851956,0.03537907586574547,0.08504455429315222,0.023732195989345242,0.026315654436441266,0.0579648566024706,0.08338321424168739,0.042372959203456226,0.060806220819858085,0.04793603537576382,0.05320422281092995,0.04277503999132697,0.05591878971271864,0.05036566160289196,0.06132323983835426,0.07217034965770404,0.03760375445559942,0.030100062935757017,0.03693879703437941,0.043464729052321814,0.06151688699411133,0.04689325450050762,0.04557139994812308,0.05824845854642867,0.03166106062670201,0.05229649653619064,0.032659575397535556,0.040857333691660024,0.06510243866965551,0.04349190693737418,0.06052938209111512,0.04593880960428545,0.029385997002843486,0.03570676566562913,0.05223660593697064,0.0307905416484559,0.05037077670770332,0.06890815563171568,0.0476156762037515,0.05551339873755261,0.04369999480932781,0.027223441198060527,0.02705369856156794,0.04167665424083163,0.02768135746130711,0.058037427294709155,0.04507506363429983
